age,job,marital,education,default,balance,housing,loan,contact,day,month,duration,campaign,pdays,previous,poutcome,deposit,customer_id,money_segment,monthly_income,monthly_spending,monthly_transactions,investment_amount,emi_amount,savings_amount,digital_payment_count,loan_repayment_status,spending_frequency,financial_activity_score,financial_potential_score,customer_category,contact_frequency,next_contact_days,recommended_action
65,retired,divorced,secondary,no,744,no,no,cellular,5,jul,182,1,-1,0,unknown,no,C00001,Low Money,18522.0,7409.0,5,1852.0,2778.0,8335.0,4,No Active Loan,Low,35.34,17.85,LOW,Every 60 Days,60,Occasional Offer
38,blue-collar,married,secondary,no,1627,no,no,unknown,16,jun,1323,9,-1,0,unknown,yes,C00002,Low Money,15849.0,6340.0,20,1585.0,2377.0,7132.0,14,No Active Loan,Medium,36.88,18.84,LOW,Every 60 Days,60,Occasional Offer
35,blue-collar,single,secondary,no,4963,yes,no,cellular,14,may,456,1,300,1,failure,yes,C00003,Low Money,15649.0,6260.0,5,1565.0,2347.0,7042.0,4,No Active Loan,Low,35.34,18.89,LOW,Every 60 Days,60,Occasional Offer
47,blue-collar,married,secondary,no,8229,no,no,cellular,8,aug,784,2,-1,0,unknown,yes,C00004,Low Money,16947.0,6779.0,6,1695.0,2542.0,7626.0,4,No Active Loan,Low,32.28,18.17,LOW,Every 60 Days,60,Occasional Offer
35,technician,married,tertiary,no,1473,yes,no,unknown,12,may,84,3,-1,0,unknown,no,C00005,Low Money,15544.0,6218.0,9,1554.0,2332.0,6994.0,6,No Active Loan,Low,33.09,16.91,LOW,Every 60 Days,60,Occasional Offer
30,management,single,tertiary,no,119,no,no,cellular,28,jan,430,1,-1,0,unknown,no,C00006,Low Money,15004.0,6002.0,5,1500.0,2251.0,6751.0,4,No Active Loan,Low,35.34,17.7,LOW,Every 60 Days,60,Occasional Offer
47,admin.,married,secondary,no,3434,yes,yes,telephone,9,jul,337,1,-1,0,unknown,no,C00007,Low Money,16803.0,6721.0,5,1680.0,2520.0,7562.0,4,Regular,Low,35.34,18.52,LOW,Every 60 Days,60,Occasional Offer
56,blue-collar,married,secondary,no,771,yes,yes,unknown,19,jun,254,1,-1,0,unknown,no,C00008,Low Money,17623.0,7049.0,5,1762.0,2643.0,7931.0,4,Regular,Low,35.34,17.86,LOW,Every 60 Days,60,Occasional Offer
35,self-employed,divorced,secondary,no,3443,no,no,cellular,30,jul,409,4,-1,0,unknown,no,C00009,Low Money,15603.0,6241.0,12,1560.0,2340.0,7022.0,8,No Active Loan,Medium,33.89,17.79,LOW,Every 60 Days,60,Occasional Offer
26,student,single,tertiary,no,10086,no,no,cellular,8,jul,475,3,78,2,success,no,C00010,Low Money,14903.0,5961.0,11,1490.0,2235.0,6707.0,8,No Active Loan,Medium,35.14,20.05,LOW,Every 60 Days,60,Occasional Offer
55,technician,married,secondary,no,0,no,no,cellular,27,jul,506,2,-1,0,unknown,no,C00011,Low Money,17500.0,7000.0,6,1750.0,2625.0,7875.0,4,No Active Loan,Low,32.28,16.14,LOW,Every 60 Days,60,Occasional Offer
49,management,married,tertiary,no,20,yes,no,cellular,4,feb,117,1,-1,0,unknown,no,C00012,Low Money,16901.0,6760.0,5,1690.0,2535.0,7606.0,4,No Active Loan,Low,35.34,17.67,LOW,Every 60 Days,60,Occasional Offer
26,technician,single,secondary,no,507,no,no,cellular,30,apr,380,1,-1,0,unknown,yes,C00013,Low Money,14615.0,5846.0,5,1462.0,2192.0,6577.0,4,No Active Loan,Low,35.34,17.79,LOW,Every 60 Days,60,Occasional Offer
46,blue-collar,divorced,primary,no,219,yes,no,cellular,21,nov,729,1,-1,0,unknown,yes,C00014,Low Money,16607.0,6643.0,5,1661.0,2491.0,7473.0,4,No Active Loan,Low,35.34,17.72,LOW,Every 60 Days,60,Occasional Offer
27,admin.,single,secondary,no,4745,no,no,telephone,12,nov,411,4,192,1,other,yes,C00015,Low Money,14842.0,5937.0,13,1484.0,2226.0,6679.0,9,No Active Loan,Medium,34.8,18.57,LOW,Every 60 Days,60,Occasional Offer
35,management,married,secondary,no,97,yes,no,unknown,29,may,135,4,-1,0,unknown,no,C00016,Low Money,15503.0,6201.0,12,1550.0,2325.0,6977.0,8,No Active Loan,Medium,33.89,16.97,LOW,Every 60 Days,60,Occasional Offer
29,admin.,single,secondary,no,464,no,no,cellular,9,nov,208,2,91,3,success,yes,C00017,Low Money,14914.0,5966.0,9,1491.0,2237.0,6711.0,6,No Active Loan,Low,33.09,16.66,LOW,Every 60 Days,60,Occasional Offer
29,technician,single,secondary,no,113,no,no,cellular,12,feb,328,2,183,4,success,yes,C00018,Low Money,14903.0,5961.0,10,1490.0,2235.0,6707.0,7,No Active Loan,Low,34.19,17.12,LOW,Every 60 Days,60,Occasional Offer
56,admin.,married,secondary,no,5310,no,no,unknown,19,jun,74,1,-1,0,unknown,no,C00019,Low Money,17759.0,7104.0,5,1776.0,2664.0,7991.0,4,No Active Loan,Low,35.34,18.98,LOW,Every 60 Days,60,Occasional Offer
37,admin.,married,secondary,no,1049,no,no,cellular,31,jul,126,5,-1,0,unknown,no,C00020,Low Money,15731.0,6292.0,15,1573.0,2360.0,7079.0,10,No Active Loan,Medium,34.7,17.61,LOW,Every 60 Days,60,Occasional Offer
27,technician,single,secondary,no,204,no,no,cellular,28,jul,471,2,-1,0,unknown,yes,C00021,Low Money,14706.0,5882.0,6,1471.0,2206.0,6618.0,4,No Active Loan,Low,32.28,16.19,LOW,Every 60 Days,60,Occasional Offer
22,student,single,secondary,no,254,no,no,cellular,13,jan,143,2,-1,0,unknown,yes,C00022,Low Money,14208.0,5683.0,6,1421.0,2131.0,6394.0,4,No Active Loan,Low,32.28,16.2,LOW,Every 60 Days,60,Occasional Offer
43,technician,single,secondary,no,593,yes,no,unknown,5,may,55,1,-1,0,unknown,no,C00023,Low Money,16318.0,6527.0,5,1632.0,2448.0,7343.0,4,No Active Loan,Low,35.34,17.82,LOW,Every 60 Days,60,Occasional Offer
27,student,single,secondary,no,2614,no,no,cellular,8,apr,143,2,-1,0,unknown,yes,C00024,Low Money,14778.0,5911.0,6,1478.0,2217.0,6650.0,4,No Active Loan,Low,32.28,16.78,LOW,Every 60 Days,60,Occasional Offer
43,technician,married,secondary,no,0,no,yes,cellular,8,may,9,2,172,5,failure,no,C00025,Low Money,16300.0,6520.0,11,1630.0,2445.0,7335.0,8,Regular,Medium,35.14,17.57,LOW,Every 60 Days,60,Occasional Offer
53,blue-collar,married,secondary,yes,-634,no,no,cellular,19,aug,695,3,-1,0,unknown,no,C00026,Low Money,17300.0,6920.0,9,1730.0,2595.0,7785.0,6,No Active Loan,Low,33.09,16.55,LOW,Every 60 Days,60,Occasional Offer
28,management,single,tertiary,no,9314,no,no,cellular,2,jul,276,2,-1,0,unknown,yes,C00027,Low Money,15079.0,6032.0,6,1508.0,2262.0,6785.0,4,No Active Loan,Low,32.28,18.43,LOW,Every 60 Days,60,Occasional Offer
47,admin.,married,secondary,no,1387,yes,no,cellular,14,oct,158,1,826,1,failure,no,C00028,Low Money,16742.0,6697.0,5,1674.0,2511.0,7534.0,4,No Active Loan,Low,35.34,18.01,LOW,Every 60 Days,60,Occasional Offer
38,management,married,tertiary,no,613,no,no,cellular,30,apr,242,1,86,1,success,yes,C00029,Low Money,15818.0,6327.0,5,1582.0,2373.0,7118.0,4,No Active Loan,Low,35.34,17.82,LOW,Every 60 Days,60,Occasional Offer
57,blue-collar,married,unknown,no,3196,no,no,cellular,28,aug,161,4,-1,0,unknown,no,C00030,Low Money,17796.0,7118.0,12,1780.0,2669.0,8009.0,8,No Active Loan,Medium,33.89,17.73,LOW,Every 60 Days,60,Occasional Offer
35,blue-collar,married,primary,no,102,yes,no,unknown,20,may,1334,1,-1,0,unknown,yes,C00031,Low Money,15503.0,6201.0,5,1550.0,2325.0,6977.0,4,No Active Loan,Low,35.34,17.7,LOW,Every 60 Days,60,Occasional Offer
34,blue-collar,single,secondary,no,550,yes,no,cellular,20,apr,90,3,346,1,failure,no,C00032,Low Money,15416.0,6166.0,10,1542.0,2312.0,6938.0,7,No Active Loan,Low,34.19,17.23,LOW,Every 60 Days,60,Occasional Offer
28,technician,single,secondary,no,250,no,yes,cellular,29,jan,133,1,-1,0,unknown,no,C00033,Low Money,14808.0,5923.0,5,1481.0,2221.0,6664.0,4,Regular,Low,35.34,17.73,LOW,Every 60 Days,60,Occasional Offer
39,entrepreneur,married,secondary,no,11887,no,no,cellular,18,nov,1181,2,-1,0,unknown,yes,C00034,Low Money,16257.0,6503.0,6,1626.0,2439.0,7315.0,4,No Active Loan,Low,32.28,19.07,LOW,Every 60 Days,60,Occasional Offer
31,management,single,tertiary,no,2016,no,no,cellular,30,apr,209,1,-1,0,unknown,yes,C00035,Low Money,15160.0,6064.0,5,1516.0,2274.0,6822.0,4,No Active Loan,Low,35.34,18.17,LOW,Every 60 Days,60,Occasional Offer
26,entrepreneur,married,tertiary,yes,144,no,yes,cellular,25,jul,730,1,-1,0,unknown,no,C00036,Low Money,14604.0,5842.0,5,1460.0,2191.0,6571.0,4,Regular,Low,35.34,17.71,LOW,Every 60 Days,60,Occasional Offer
31,blue-collar,married,secondary,no,671,yes,no,unknown,18,jun,704,4,-1,0,unknown,yes,C00037,Low Money,15120.0,6048.0,12,1512.0,2268.0,6804.0,8,No Active Loan,Medium,33.89,17.11,LOW,Every 60 Days,60,Occasional Offer
33,management,single,tertiary,no,1304,yes,no,cellular,18,may,536,2,-1,0,unknown,yes,C00038,Low Money,15339.0,6136.0,6,1534.0,2301.0,6902.0,4,No Active Loan,Low,32.28,16.46,LOW,Every 60 Days,60,Occasional Offer
28,services,single,secondary,no,1636,yes,no,cellular,18,may,97,1,355,2,failure,no,C00039,Low Money,14849.0,5940.0,5,1485.0,2227.0,6682.0,4,No Active Loan,Low,35.35,18.08,LOW,Every 60 Days,60,Occasional Offer
23,technician,single,secondary,no,598,no,no,cellular,11,nov,406,1,195,1,failure,yes,C00040,Low Money,14318.0,5727.0,5,1432.0,2148.0,6443.0,4,No Active Loan,Low,35.34,17.82,LOW,Every 60 Days,60,Occasional Offer
87,retired,married,primary,no,230,no,no,cellular,30,oct,144,1,-1,0,unknown,yes,C00041,Low Money,20707.0,8283.0,5,2071.0,3106.0,9318.0,4,No Active Loan,Low,35.34,17.73,LOW,Every 60 Days,60,Occasional Offer
27,admin.,married,secondary,no,1595,no,no,cellular,29,dec,196,2,197,2,success,yes,C00042,Low Money,14748.0,5899.0,8,1475.0,2212.0,6637.0,6,No Active Loan,Low,34.9,17.84,LOW,Every 60 Days,60,Occasional Offer
33,services,married,secondary,no,1697,no,no,cellular,4,may,489,1,182,1,success,yes,C00043,Low Money,15351.0,6140.0,5,1535.0,2303.0,6908.0,4,No Active Loan,Low,35.34,18.09,LOW,Every 60 Days,60,Occasional Offer
44,technician,married,secondary,no,7649,no,no,cellular,20,aug,188,6,-1,0,unknown,no,C00044,Low Money,16629.0,6652.0,18,1663.0,2494.0,7483.0,13,No Active Loan,Medium,36.9,20.33,LOW,Every 60 Days,60,Occasional Offer
32,blue-collar,single,primary,no,1426,yes,no,cellular,20,nov,114,1,-1,0,unknown,no,C00045,Low Money,15243.0,6097.0,5,1524.0,2286.0,6860.0,4,No Active Loan,Low,35.34,18.02,LOW,Every 60 Days,60,Occasional Offer
28,admin.,single,tertiary,no,832,no,no,telephone,29,mar,433,3,342,1,failure,yes,C00046,Low Money,14825.0,5930.0,10,1482.0,2224.0,6671.0,7,No Active Loan,Low,34.19,17.3,LOW,Every 60 Days,60,Occasional Offer
32,services,married,secondary,no,3839,yes,no,cellular,18,nov,100,2,189,1,failure,no,C00047,Low Money,15315.0,6126.0,7,1532.0,2297.0,6892.0,5,No Active Loan,Low,33.74,17.82,LOW,Every 60 Days,60,Occasional Offer
45,technician,divorced,unknown,yes,-25,no,yes,unknown,3,jul,158,3,-1,0,unknown,no,C00048,Low Money,16500.0,6600.0,9,1650.0,2475.0,7425.0,6,Regular,Low,33.09,16.55,LOW,Every 60 Days,60,Occasional Offer
34,housemaid,married,secondary,no,390,yes,no,cellular,15,jul,659,3,-1,0,unknown,no,C00049,Low Money,15412.0,6165.0,9,1541.0,2312.0,6935.0,6,No Active Loan,Low,33.09,16.64,LOW,Every 60 Days,60,Occasional Offer
43,blue-collar,married,primary,no,-181,yes,no,cellular,17,apr,351,1,337,3,failure,no,C00050,Low Money,16300.0,6520.0,6,1630.0,2445.0,7335.0,4,No Active Loan,Low,32.28,16.14,LOW,Every 60 Days,60,Occasional Offer
32,technician,single,tertiary,no,723,no,no,cellular,28,aug,68,27,-1,0,unknown,no,C00051,Low Money,15222.0,6089.0,20,1522.0,2283.0,6850.0,14,No Active Loan,Medium,36.88,18.62,LOW,Every 60 Days,60,Occasional Offer
59,technician,married,secondary,no,316,no,no,cellular,14,aug,200,4,-1,0,unknown,no,C00052,Low Money,17909.0,7164.0,12,1791.0,2686.0,8059.0,8,No Active Loan,Medium,33.89,17.02,LOW,Every 60 Days,60,Occasional Offer
42,admin.,married,secondary,no,445,yes,no,unknown,7,may,202,2,-1,0,unknown,no,C00053,Low Money,16213.0,6485.0,6,1621.0,2432.0,7296.0,4,No Active Loan,Low,32.28,16.25,LOW,Every 60 Days,60,Occasional Offer
27,management,single,secondary,no,178,yes,no,unknown,3,jun,732,2,-1,0,unknown,yes,C00054,Low Money,14705.0,5882.0,6,1470.0,2206.0,6617.0,4,No Active Loan,Low,32.28,16.18,LOW,Every 60 Days,60,Occasional Offer
26,blue-collar,married,secondary,no,2770,yes,no,unknown,8,may,141,1,-1,0,unknown,no,C00055,Low Money,14683.0,5873.0,5,1468.0,2202.0,6608.0,4,No Active Loan,Low,35.34,18.35,LOW,Every 60 Days,60,Occasional Offer
29,blue-collar,single,secondary,no,322,no,no,unknown,14,jun,434,1,96,6,other,yes,C00056,Low Money,14910.0,5964.0,9,1491.0,2236.0,6710.0,6,No Active Loan,Low,33.09,16.62,LOW,Every 60 Days,60,Occasional Offer
29,management,single,tertiary,no,92,no,no,cellular,2,jun,101,1,92,5,success,no,C00057,Low Money,14903.0,5961.0,8,1490.0,2235.0,6707.0,6,No Active Loan,Low,34.9,17.47,LOW,Every 60 Days,60,Occasional Offer
32,management,married,tertiary,no,1270,no,no,cellular,19,aug,232,3,-1,0,unknown,yes,C00058,Low Money,15238.0,6095.0,9,1524.0,2286.0,6857.0,6,No Active Loan,Low,33.09,16.86,LOW,Every 60 Days,60,Occasional Offer
33,management,married,tertiary,no,728,yes,no,cellular,13,aug,275,5,-1,0,unknown,no,C00059,Low Money,15322.0,6129.0,15,1532.0,2298.0,6895.0,10,No Active Loan,Medium,34.7,17.53,LOW,Every 60 Days,60,Occasional Offer
38,technician,single,secondary,no,-242,yes,no,cellular,18,may,1173,3,278,6,success,yes,C00060,Low Money,15800.0,6320.0,15,1580.0,2370.0,7110.0,10,No Active Loan,Medium,34.7,17.35,LOW,Every 60 Days,60,Occasional Offer
31,services,married,secondary,no,447,no,no,cellular,4,jun,327,3,77,3,success,yes,C00061,Low Money,15113.0,6045.0,12,1511.0,2267.0,6801.0,8,No Active Loan,Medium,33.89,17.06,LOW,Every 60 Days,60,Occasional Offer
41,blue-collar,single,primary,no,0,yes,no,unknown,16,may,522,5,-1,0,unknown,no,C00062,Low Money,16100.0,6440.0,15,1610.0,2415.0,7245.0,10,No Active Loan,Medium,34.7,17.35,LOW,Every 60 Days,60,Occasional Offer
34,admin.,divorced,secondary,no,627,yes,no,unknown,7,may,283,2,-1,0,unknown,no,C00063,Low Money,15419.0,6168.0,6,1542.0,2313.0,6938.0,4,No Active Loan,Low,32.28,16.29,LOW,Every 60 Days,60,Occasional Offer
25,unemployed,single,primary,no,129,no,no,cellular,12,apr,176,3,-1,0,unknown,yes,C00064,Low Money,14504.0,5802.0,9,1450.0,2176.0,6526.0,6,No Active Loan,Low,33.09,16.58,LOW,Every 60 Days,60,Occasional Offer
53,management,married,tertiary,no,583,no,no,cellular,17,nov,226,1,184,4,success,yes,C00065,Low Money,17317.0,6927.0,7,1732.0,2598.0,7792.0,5,No Active Loan,Low,33.74,17.01,LOW,Every 60 Days,60,Occasional Offer
54,management,married,unknown,no,24,no,no,cellular,31,jul,12,10,-1,0,unknown,no,C00066,Low Money,17401.0,6960.0,20,1740.0,2610.0,7831.0,14,No Active Loan,Medium,36.88,18.45,LOW,Every 60 Days,60,Occasional Offer
24,admin.,single,tertiary,no,0,yes,no,cellular,27,may,122,2,-1,0,unknown,yes,C00067,Low Money,14400.0,5760.0,6,1440.0,2160.0,6480.0,4,No Active Loan,Low,32.28,16.14,LOW,Every 60 Days,60,Occasional Offer
80,retired,married,secondary,no,8304,no,no,telephone,8,sep,606,3,91,13,success,yes,C00068,Low Money,20249.0,8100.0,20,2025.0,3037.0,9112.0,14,No Active Loan,Medium,36.88,20.49,LOW,Every 60 Days,60,Occasional Offer
25,admin.,single,secondary,no,82,no,yes,cellular,7,apr,104,2,-1,0,unknown,yes,C00069,Low Money,14502.0,5801.0,6,1450.0,2175.0,6526.0,4,Regular,Low,32.28,16.16,LOW,Every 60 Days,60,Occasional Offer
41,technician,single,unknown,no,356,yes,no,unknown,13,may,93,2,-1,0,unknown,no,C00070,Low Money,16111.0,6444.0,6,1611.0,2417.0,7250.0,4,No Active Loan,Low,32.28,16.23,LOW,Every 60 Days,60,Occasional Offer
29,blue-collar,married,secondary,no,246,yes,no,cellular,28,jul,194,5,-1,0,unknown,no,C00071,Low Money,14907.0,5963.0,15,1491.0,2236.0,6708.0,10,No Active Loan,Medium,34.7,17.41,LOW,Every 60 Days,60,Occasional Offer
25,technician,single,secondary,no,1298,no,no,cellular,2,sep,206,7,94,2,other,no,C00072,Low Money,14539.0,5816.0,20,1454.0,2181.0,6542.0,14,No Active Loan,Medium,36.88,18.76,LOW,Every 60 Days,60,Occasional Offer
55,management,married,primary,no,19,yes,no,unknown,16,may,56,3,-1,0,unknown,no,C00073,Low Money,17501.0,7000.0,9,1750.0,2625.0,7876.0,6,No Active Loan,Low,33.09,16.55,LOW,Every 60 Days,60,Occasional Offer
48,blue-collar,married,primary,no,214,yes,yes,cellular,18,nov,246,1,162,1,failure,no,C00074,Low Money,16806.0,6722.0,5,1681.0,2521.0,7563.0,4,Regular,Low,35.34,17.72,LOW,Every 60 Days,60,Occasional Offer
56,blue-collar,married,primary,no,3498,no,no,cellular,15,apr,264,2,-1,0,unknown,yes,C00075,Low Money,17705.0,7082.0,6,1770.0,2656.0,7967.0,4,No Active Loan,Low,32.28,17.0,LOW,Every 60 Days,60,Occasional Offer
34,admin.,single,secondary,no,673,yes,no,cellular,29,jan,89,1,260,2,failure,no,C00076,Low Money,15420.0,6168.0,5,1542.0,2313.0,6939.0,4,No Active Loan,Low,35.34,17.84,LOW,Every 60 Days,60,Occasional Offer
52,unemployed,married,secondary,no,1416,no,no,cellular,10,mar,436,2,182,1,success,yes,C00077,Low Money,17242.0,6897.0,7,1724.0,2586.0,7759.0,5,No Active Loan,Low,33.74,17.22,LOW,Every 60 Days,60,Occasional Offer
54,management,divorced,tertiary,no,12018,yes,no,cellular,21,dec,267,2,-1,0,unknown,yes,C00078,Low Money,17761.0,7104.0,6,1776.0,2664.0,7993.0,4,No Active Loan,Low,32.28,19.1,LOW,Every 60 Days,60,Occasional Offer
32,blue-collar,single,secondary,no,15341,no,no,unknown,21,may,738,3,-1,0,unknown,no,C00079,Low Money,15660.0,6264.0,9,1566.0,2349.0,7047.0,6,No Active Loan,Low,33.09,20.32,LOW,Every 60 Days,60,Occasional Offer
30,admin.,divorced,secondary,no,83,yes,yes,unknown,6,may,310,1,-1,0,unknown,no,C00080,Low Money,15002.0,6001.0,5,1500.0,2250.0,6751.0,4,Regular,Low,35.34,17.69,LOW,Every 60 Days,60,Occasional Offer
73,retired,married,primary,no,508,no,no,cellular,9,mar,176,1,-1,0,unknown,yes,C00081,Low Money,19315.0,7726.0,5,1932.0,2897.0,8692.0,4,No Active Loan,Low,35.34,17.8,LOW,Every 60 Days,60,Occasional Offer
34,admin.,single,secondary,no,1880,yes,no,unknown,23,may,297,1,-1,0,unknown,no,C00082,Low Money,15456.0,6182.0,5,1546.0,2318.0,6956.0,4,No Active Loan,Low,35.34,18.13,LOW,Every 60 Days,60,Occasional Offer
51,entrepreneur,married,secondary,no,-799,no,yes,cellular,15,jul,1001,3,-1,0,unknown,yes,C00083,Low Money,17100.0,6840.0,9,1710.0,2565.0,7695.0,6,Regular,Low,33.09,16.55,LOW,Every 60 Days,60,Occasional Offer
39,management,married,secondary,no,2981,no,no,cellular,26,mar,200,1,-1,0,unknown,yes,C00084,Low Money,15989.0,6396.0,5,1599.0,2398.0,7195.0,4,No Active Loan,Low,35.34,18.4,LOW,Every 60 Days,60,Occasional Offer
43,technician,married,secondary,no,4056,no,no,cellular,4,may,13,6,89,2,failure,no,C00085,Low Money,16422.0,6569.0,20,1642.0,2463.0,7390.0,14,No Active Loan,Medium,36.88,19.44,LOW,Every 60 Days,60,Occasional Offer
31,admin.,married,secondary,no,1130,yes,no,cellular,23,jul,236,5,-1,0,unknown,no,C00086,Low Money,15134.0,6054.0,15,1513.0,2270.0,6810.0,10,No Active Loan,Medium,34.7,17.63,LOW,Every 60 Days,60,Occasional Offer
31,management,married,tertiary,no,1384,yes,no,cellular,30,jan,203,2,2,3,other,no,C00087,Low Money,15142.0,6057.0,9,1514.0,2271.0,6814.0,6,No Active Loan,Low,33.09,16.89,LOW,Every 60 Days,60,Occasional Offer
42,unknown,single,unknown,yes,61,no,no,unknown,20,jun,115,1,-1,0,unknown,no,C00088,Low Money,16202.0,6481.0,5,1620.0,2430.0,7291.0,4,No Active Loan,Low,35.34,17.69,LOW,Every 60 Days,60,Occasional Offer
41,technician,married,tertiary,no,-15,yes,no,cellular,6,may,33,1,-1,0,unknown,no,C00089,Low Money,16100.0,6440.0,5,1610.0,2415.0,7245.0,4,No Active Loan,Low,35.34,17.67,LOW,Every 60 Days,60,Occasional Offer
39,blue-collar,single,secondary,no,169,yes,no,unknown,9,may,38,1,-1,0,unknown,no,C00090,Low Money,15905.0,6362.0,5,1590.0,2386.0,7157.0,4,No Active Loan,Low,35.34,17.71,LOW,Every 60 Days,60,Occasional Offer
29,technician,single,tertiary,no,0,yes,no,cellular,7,may,347,2,337,6,failure,yes,C00091,Low Money,14900.0,5960.0,12,1490.0,2235.0,6705.0,8,No Active Loan,Medium,33.89,16.94,LOW,Every 60 Days,60,Occasional Offer
54,technician,married,unknown,no,240,yes,no,cellular,29,oct,142,1,-1,0,unknown,yes,C00092,Low Money,17407.0,6963.0,5,1741.0,2611.0,7833.0,4,No Active Loan,Low,35.34,17.73,LOW,Every 60 Days,60,Occasional Offer
26,blue-collar,single,secondary,no,428,no,yes,cellular,7,jul,575,1,-1,0,unknown,no,C00093,Low Money,14613.0,5845.0,5,1461.0,2192.0,6576.0,4,Regular,Low,35.34,17.78,LOW,Every 60 Days,60,Occasional Offer
45,admin.,married,secondary,no,3006,no,no,cellular,29,apr,388,2,-1,0,unknown,yes,C00094,Low Money,16590.0,6636.0,6,1659.0,2488.0,7466.0,4,No Active Loan,Low,32.28,16.88,LOW,Every 60 Days,60,Occasional Offer
37,management,married,tertiary,no,7100,no,no,cellular,20,nov,757,2,-1,0,unknown,no,C00095,Low Money,15913.0,6365.0,6,1591.0,2387.0,7161.0,4,No Active Loan,Low,32.28,17.89,LOW,Every 60 Days,60,Occasional Offer
30,management,married,tertiary,no,1221,yes,no,telephone,25,jul,279,4,-1,0,unknown,yes,C00096,Low Money,15037.0,6015.0,12,1504.0,2256.0,6766.0,8,No Active Loan,Medium,33.89,17.25,LOW,Every 60 Days,60,Occasional Offer
29,entrepreneur,married,secondary,no,714,yes,yes,cellular,13,may,482,2,-1,0,unknown,yes,C00097,Low Money,14921.0,5968.0,6,1492.0,2238.0,6715.0,4,Regular,Low,32.28,16.32,LOW,Every 60 Days,60,Occasional Offer
51,blue-collar,married,secondary,no,33,no,yes,unknown,16,jun,721,3,-1,0,unknown,yes,C00098,Low Money,17101.0,6840.0,9,1710.0,2565.0,7696.0,6,Regular,Low,33.09,16.55,LOW,Every 60 Days,60,Occasional Offer
41,entrepreneur,married,primary,no,39,yes,no,cellular,21,nov,549,2,-1,0,unknown,yes,C00099,Low Money,16101.0,6440.0,6,1610.0,2415.0,7246.0,4,No Active Loan,Low,32.28,16.15,LOW,Every 60 Days,60,Occasional Offer
36,technician,single,secondary,no,1228,yes,no,cellular,4,may,303,3,-1,0,unknown,yes,C00100,Low Money,15637.0,6255.0,9,1564.0,2346.0,7036.0,6,No Active Loan,Low,33.09,16.85,LOW,Every 60 Days,60,Occasional Offer
78,retired,married,unknown,no,3208,no,no,telephone,20,may,351,3,-1,0,unknown,yes,C00101,Low Money,19896.0,7958.0,9,1990.0,2984.0,8954.0,6,No Active Loan,Low,33.09,17.34,LOW,Every 60 Days,60,Occasional Offer
31,management,single,tertiary,no,9421,no,no,cellular,25,nov,372,1,-1,0,unknown,yes,C00102,Low Money,15383.0,6153.0,5,1538.0,2307.0,6923.0,4,No Active Loan,Low,35.34,19.99,LOW,Every 60 Days,60,Occasional Offer
30,management,single,tertiary,no,3779,no,no,cellular,13,apr,1093,1,-1,0,unknown,yes,C00103,Low Money,15113.0,6045.0,5,1511.0,2267.0,6801.0,4,No Active Loan,Low,35.34,18.6,LOW,Every 60 Days,60,Occasional Offer
36,management,single,tertiary,no,442,yes,yes,cellular,29,jul,102,3,-1,0,unknown,no,C00104,Low Money,15613.0,6245.0,9,1561.0,2342.0,7026.0,6,Regular,Low,33.09,16.65,LOW,Every 60 Days,60,Occasional Offer
44,technician,married,primary,no,755,no,yes,cellular,31,jul,829,4,-1,0,unknown,yes,C00105,Low Money,16423.0,6569.0,12,1642.0,2463.0,7391.0,8,Regular,Medium,33.89,17.13,LOW,Every 60 Days,60,Occasional Offer
77,retired,married,primary,no,3324,no,no,cellular,13,may,289,1,91,5,success,yes,C00106,Low Money,19800.0,7920.0,8,1980.0,2970.0,8910.0,6,No Active Loan,Low,34.9,18.27,LOW,Every 60 Days,60,Occasional Offer
46,technician,divorced,secondary,no,111,yes,no,cellular,19,nov,178,3,183,2,other,no,C00107,Low Money,16603.0,6641.0,11,1660.0,2490.0,7472.0,8,No Active Loan,Medium,35.14,17.6,LOW,Every 60 Days,60,Occasional Offer
25,technician,single,secondary,no,1199,no,no,cellular,1,jun,287,1,-1,0,unknown,yes,C00108,Low Money,14536.0,5814.0,5,1454.0,2180.0,6542.0,4,No Active Loan,Low,35.34,17.97,LOW,Every 60 Days,60,Occasional Offer
32,housemaid,married,primary,no,-184,yes,no,cellular,6,feb,129,2,197,1,failure,no,C00109,Low Money,15200.0,6080.0,7,1520.0,2280.0,6840.0,5,No Active Loan,Low,33.74,16.87,LOW,Every 60 Days,60,Occasional Offer
53,services,divorced,secondary,no,0,no,no,cellular,12,mar,80,2,-1,0,unknown,yes,C00110,Low Money,17300.0,6920.0,6,1730.0,2595.0,7785.0,4,No Active Loan,Low,32.28,16.14,LOW,Every 60 Days,60,Occasional Offer
36,services,married,secondary,no,526,yes,no,cellular,17,apr,333,2,324,1,other,no,C00111,Low Money,15616.0,6246.0,7,1562.0,2342.0,7028.0,5,No Active Loan,Low,33.74,17.0,LOW,Every 60 Days,60,Occasional Offer
37,management,married,tertiary,no,2283,no,no,cellular,6,aug,303,2,92,4,success,yes,C00112,Low Money,15768.0,6307.0,10,1577.0,2365.0,7096.0,7,No Active Loan,Low,34.19,17.66,LOW,Every 60 Days,60,Occasional Offer
41,entrepreneur,married,secondary,no,707,no,no,unknown,18,jun,707,1,-1,0,unknown,yes,C00113,Low Money,16121.0,6448.0,5,1612.0,2418.0,7255.0,4,No Active Loan,Low,35.34,17.84,LOW,Every 60 Days,60,Occasional Offer
34,blue-collar,divorced,secondary,no,1125,yes,yes,cellular,19,nov,141,2,-1,0,unknown,no,C00114,Low Money,15434.0,6174.0,6,1543.0,2315.0,6945.0,4,Regular,Low,32.28,16.42,LOW,Every 60 Days,60,Occasional Offer
32,management,married,tertiary,no,1388,yes,no,cellular,30,apr,753,1,-1,0,unknown,yes,C00115,Low Money,15242.0,6097.0,5,1524.0,2286.0,6859.0,4,No Active Loan,Low,35.34,18.01,LOW,Every 60 Days,60,Occasional Offer
30,entrepreneur,single,primary,no,0,yes,yes,unknown,27,may,1051,1,-1,0,unknown,yes,C00116,Low Money,15000.0,6000.0,5,1500.0,2250.0,6750.0,4,Regular,Low,35.34,17.67,LOW,Every 60 Days,60,Occasional Offer
49,blue-collar,married,secondary,no,141,no,no,cellular,6,aug,275,1,-1,0,unknown,no,C00117,Low Money,16904.0,6762.0,5,1690.0,2536.0,7606.0,4,No Active Loan,Low,35.34,17.7,LOW,Every 60 Days,60,Occasional Offer
25,student,single,secondary,no,348,no,no,cellular,10,aug,245,1,-1,0,unknown,yes,C00118,Low Money,14510.0,5804.0,5,1451.0,2176.0,6530.0,4,No Active Loan,Low,35.34,17.76,LOW,Every 60 Days,60,Occasional Offer
37,blue-collar,married,secondary,no,374,yes,no,unknown,7,may,944,3,-1,0,unknown,no,C00119,Low Money,15711.0,6284.0,9,1571.0,2357.0,7070.0,6,No Active Loan,Low,33.09,16.64,LOW,Every 60 Days,60,Occasional Offer
50,technician,married,secondary,no,416,yes,no,unknown,5,jun,494,5,-1,0,unknown,yes,C00120,Low Money,17012.0,6805.0,15,1701.0,2552.0,7655.0,10,No Active Loan,Medium,34.7,17.45,LOW,Every 60 Days,60,Occasional Offer
46,technician,married,unknown,no,605,yes,no,cellular,20,apr,780,2,-1,0,unknown,no,C00121,Low Money,16618.0,6647.0,6,1662.0,2493.0,7478.0,4,No Active Loan,Low,32.28,16.29,LOW,Every 60 Days,60,Occasional Offer
52,unemployed,married,secondary,no,5091,no,no,cellular,26,may,309,1,-1,0,unknown,no,C00122,Low Money,17353.0,6941.0,5,1735.0,2603.0,7809.0,4,No Active Loan,Low,35.34,18.92,LOW,Every 60 Days,60,Occasional Offer
30,blue-collar,single,secondary,no,148,no,no,cellular,2,apr,206,1,-1,0,unknown,no,C00123,Low Money,15004.0,6002.0,5,1500.0,2251.0,6751.0,4,No Active Loan,Low,35.34,17.71,LOW,Every 60 Days,60,Occasional Offer
42,management,married,tertiary,no,144,no,no,cellular,4,mar,148,1,87,4,failure,yes,C00124,Low Money,16204.0,6482.0,7,1620.0,2431.0,7291.0,5,No Active Loan,Low,33.74,16.91,LOW,Every 60 Days,60,Occasional Offer
48,blue-collar,married,secondary,no,7408,no,yes,cellular,4,feb,101,2,-1,0,unknown,no,C00125,Low Money,17022.0,6809.0,6,1702.0,2553.0,7660.0,4,Regular,Low,32.28,17.96,LOW,Every 60 Days,60,Occasional Offer
47,technician,married,secondary,no,0,no,no,unknown,11,nov,74,1,-1,0,unknown,no,C00126,Low Money,16700.0,6680.0,5,1670.0,2505.0,7515.0,4,No Active Loan,Low,35.34,17.67,LOW,Every 60 Days,60,Occasional Offer
31,technician,single,secondary,no,2388,no,no,cellular,5,aug,123,1,-1,0,unknown,no,C00127,Low Money,15172.0,6069.0,5,1517.0,2276.0,6827.0,4,No Active Loan,Low,35.34,18.26,LOW,Every 60 Days,60,Occasional Offer
25,blue-collar,single,primary,no,2483,no,no,cellular,10,jul,1499,3,-1,0,unknown,yes,C00128,Low Money,14574.0,5830.0,9,1457.0,2186.0,6558.0,6,No Active Loan,Low,33.09,17.16,LOW,Every 60 Days,60,Occasional Offer
24,student,single,tertiary,no,834,no,no,cellular,9,sep,679,1,-1,0,unknown,yes,C00129,Low Money,14425.0,5770.0,5,1442.0,2164.0,6491.0,4,No Active Loan,Low,35.34,17.88,LOW,Every 60 Days,60,Occasional Offer
60,management,married,secondary,no,0,no,no,cellular,20,may,321,4,87,8,failure,no,C00130,Low Money,18000.0,7200.0,20,1800.0,2700.0,8100.0,14,No Active Loan,Medium,36.88,18.44,LOW,Every 60 Days,60,Occasional Offer
55,retired,married,primary,no,2,no,no,unknown,27,jun,392,4,-1,0,unknown,no,C00131,Low Money,17500.0,7000.0,12,1750.0,2625.0,7875.0,8,No Active Loan,Medium,33.89,16.95,LOW,Every 60 Days,60,Occasional Offer
58,unemployed,married,secondary,no,687,yes,no,cellular,7,aug,221,1,99,2,success,yes,C00132,Low Money,17821.0,7128.0,5,1782.0,2673.0,8020.0,4,No Active Loan,Low,35.34,17.84,LOW,Every 60 Days,60,Occasional Offer
42,management,married,tertiary,no,294,no,no,cellular,26,aug,513,1,-1,0,unknown,yes,C00133,Low Money,16209.0,6484.0,5,1621.0,2431.0,7294.0,4,No Active Loan,Low,35.34,17.74,LOW,Every 60 Days,60,Occasional Offer
43,management,divorced,unknown,no,7702,no,no,cellular,22,may,460,1,95,2,success,yes,C00134,Low Money,16531.0,6612.0,5,1653.0,2480.0,7439.0,4,No Active Loan,Low,35.34,19.57,LOW,Every 60 Days,60,Occasional Offer
34,management,married,tertiary,no,520,yes,no,cellular,12,aug,1307,4,-1,0,unknown,yes,C00135,Low Money,15416.0,6166.0,12,1542.0,2312.0,6938.0,8,No Active Loan,Medium,33.89,17.07,LOW,Every 60 Days,60,Occasional Offer
34,management,married,tertiary,no,118,no,yes,telephone,17,jul,171,3,-1,0,unknown,no,C00136,Low Money,15404.0,6162.0,9,1540.0,2311.0,6931.0,6,Regular,Low,33.09,16.57,LOW,Every 60 Days,60,Occasional Offer
30,blue-collar,single,secondary,no,228,no,no,cellular,5,feb,232,1,365,1,failure,no,C00137,Low Money,15007.0,6003.0,5,1501.0,2251.0,6753.0,4,No Active Loan,Low,35.34,17.73,LOW,Every 60 Days,60,Occasional Offer
62,retired,married,secondary,no,3114,no,no,cellular,18,may,243,2,186,1,success,yes,C00138,Low Money,18293.0,7317.0,7,1829.0,2744.0,8232.0,5,No Active Loan,Low,33.74,17.64,LOW,Every 60 Days,60,Occasional Offer
33,management,married,tertiary,no,22867,yes,no,cellular,10,aug,73,1,440,2,failure,no,C00139,Low Money,15986.0,6394.0,5,1599.0,2398.0,7194.0,4,No Active Loan,Low,35.34,23.3,LOW,Every 60 Days,60,Occasional Offer
35,services,married,tertiary,no,4564,no,no,cellular,18,aug,45,6,-1,0,unknown,no,C00140,Low Money,15637.0,6255.0,18,1564.0,2346.0,7036.0,13,No Active Loan,Medium,36.9,19.57,LOW,Every 60 Days,60,Occasional Offer
40,blue-collar,divorced,secondary,no,-426,no,yes,unknown,26,may,245,1,-1,0,unknown,no,C00141,Low Money,16000.0,6400.0,5,1600.0,2400.0,7200.0,4,Regular,Low,35.34,17.67,LOW,Every 60 Days,60,Occasional Offer
32,admin.,single,secondary,no,4344,yes,no,cellular,17,nov,79,2,118,3,failure,no,C00142,Low Money,15330.0,6132.0,9,1533.0,2300.0,6898.0,6,No Active Loan,Low,33.09,17.61,LOW,Every 60 Days,60,Occasional Offer
59,retired,married,primary,no,0,yes,no,cellular,28,jul,20,4,-1,0,unknown,no,C00143,Low Money,17900.0,7160.0,12,1790.0,2685.0,8055.0,8,No Active Loan,Medium,33.89,16.94,LOW,Every 60 Days,60,Occasional Offer
60,retired,divorced,secondary,no,514,no,no,cellular,15,oct,187,2,213,10,success,yes,C00144,Low Money,18015.0,7206.0,16,1802.0,2702.0,8107.0,11,No Active Loan,Medium,35.49,17.87,LOW,Every 60 Days,60,Occasional Offer
54,blue-collar,married,secondary,no,506,yes,no,cellular,18,nov,172,2,104,2,failure,no,C00145,Low Money,17415.0,6966.0,8,1742.0,2612.0,7837.0,6,No Active Loan,Low,34.9,17.57,LOW,Every 60 Days,60,Occasional Offer
55,unemployed,married,secondary,no,1436,yes,no,cellular,4,feb,969,2,-1,0,unknown,no,C00146,Low Money,17543.0,7017.0,6,1754.0,2631.0,7895.0,4,No Active Loan,Low,32.28,16.49,LOW,Every 60 Days,60,Occasional Offer
29,unemployed,single,secondary,no,1055,no,no,cellular,23,sep,427,1,603,1,failure,yes,C00147,Low Money,14932.0,5973.0,5,1493.0,2240.0,6719.0,4,No Active Loan,Low,35.34,17.93,LOW,Every 60 Days,60,Occasional Offer
46,technician,married,secondary,no,536,yes,no,unknown,16,jun,750,2,-1,0,unknown,yes,C00148,Low Money,16616.0,6646.0,6,1662.0,2492.0,7478.0,4,No Active Loan,Low,32.28,16.27,LOW,Every 60 Days,60,Occasional Offer
86,retired,divorced,unknown,no,157,no,no,telephone,7,sep,147,1,-1,0,unknown,no,C00149,Low Money,20605.0,8242.0,5,2060.0,3091.0,9272.0,4,No Active Loan,Low,35.34,17.71,LOW,Every 60 Days,60,Occasional Offer
32,blue-collar,married,secondary,yes,-238,yes,no,unknown,27,may,427,1,-1,0,unknown,no,C00150,Low Money,15200.0,6080.0,5,1520.0,2280.0,6840.0,4,No Active Loan,Low,35.34,17.67,LOW,Every 60 Days,60,Occasional Offer
40,blue-collar,married,secondary,no,10,yes,no,unknown,9,may,1692,2,-1,0,unknown,yes,C00151,Low Money,16000.0,6400.0,6,1600.0,2400.0,7200.0,4,No Active Loan,Low,32.28,16.14,LOW,Every 60 Days,60,Occasional Offer
35,blue-collar,married,primary,no,105,yes,no,unknown,8,may,369,2,-1,0,unknown,no,C00152,Low Money,15503.0,6201.0,6,1550.0,2325.0,6977.0,4,No Active Loan,Low,32.28,16.17,LOW,Every 60 Days,60,Occasional Offer
60,management,married,tertiary,no,79,no,no,unknown,11,jun,48,3,-1,0,unknown,no,C00153,Low Money,18002.0,7201.0,9,1800.0,2700.0,8101.0,6,No Active Loan,Low,33.09,16.56,LOW,Every 60 Days,60,Occasional Offer
77,retired,married,primary,no,2590,no,no,telephone,13,nov,212,3,277,12,failure,yes,C00154,Low Money,19778.0,7911.0,20,1978.0,2967.0,8900.0,14,No Active Loan,Medium,36.88,19.08,LOW,Every 60 Days,60,Occasional Offer
42,services,single,secondary,no,3403,yes,no,cellular,7,aug,215,1,99,1,failure,yes,C00155,Low Money,16302.0,6521.0,5,1630.0,2445.0,7336.0,4,No Active Loan,Low,35.34,18.51,LOW,Every 60 Days,60,Occasional Offer
30,admin.,single,secondary,no,313,yes,no,cellular,4,feb,1121,2,-1,0,unknown,yes,C00156,Low Money,15009.0,6004.0,6,1501.0,2251.0,6754.0,4,No Active Loan,Low,32.28,16.22,LOW,Every 60 Days,60,Occasional Offer
40,admin.,married,secondary,no,-666,yes,no,unknown,27,may,107,2,-1,0,unknown,no,C00157,Low Money,16000.0,6400.0,6,1600.0,2400.0,7200.0,4,No Active Loan,Low,32.28,16.14,LOW,Every 60 Days,60,Occasional Offer
34,blue-collar,single,primary,no,79,no,no,telephone,10,jul,336,4,-1,0,unknown,yes,C00158,Low Money,15402.0,6161.0,12,1540.0,2310.0,6931.0,8,No Active Loan,Medium,33.89,16.96,LOW,Every 60 Days,60,Occasional Offer
53,retired,married,secondary,no,665,yes,no,cellular,22,apr,371,2,-1,0,unknown,yes,C00159,Low Money,17320.0,6928.0,6,1732.0,2598.0,7794.0,4,No Active Loan,Low,32.28,16.3,LOW,Every 60 Days,60,Occasional Offer
23,student,single,secondary,no,1809,no,no,cellular,8,jul,414,2,-1,0,unknown,yes,C00160,Low Money,14354.0,5742.0,6,1435.0,2153.0,6459.0,4,No Active Loan,Low,32.28,16.59,LOW,Every 60 Days,60,Occasional Offer
30,management,single,tertiary,yes,35,no,no,cellular,30,jul,185,4,-1,0,unknown,no,C00161,Low Money,15001.0,6000.0,12,1500.0,2250.0,6751.0,8,No Active Loan,Medium,33.89,16.95,LOW,Every 60 Days,60,Occasional Offer
40,technician,divorced,tertiary,no,568,yes,no,unknown,24,oct,112,1,-1,0,unknown,yes,C00162,Low Money,16017.0,6407.0,5,1602.0,2403.0,7207.0,4,No Active Loan,Low,35.34,17.81,LOW,Every 60 Days,60,Occasional Offer
30,management,married,tertiary,no,1942,yes,yes,cellular,21,nov,436,2,178,3,other,yes,C00163,Low Money,15058.0,6023.0,9,1506.0,2259.0,6776.0,6,Regular,Low,33.09,17.02,LOW,Every 60 Days,60,Occasional Offer
32,entrepreneur,married,tertiary,no,0,yes,yes,cellular,18,nov,95,1,-1,0,unknown,no,C00164,Low Money,15200.0,6080.0,5,1520.0,2280.0,6840.0,4,Regular,Low,35.34,17.67,LOW,Every 60 Days,60,Occasional Offer
32,blue-collar,single,secondary,no,435,yes,no,unknown,21,may,373,2,-1,0,unknown,no,C00165,Low Money,15213.0,6085.0,6,1521.0,2282.0,6846.0,4,No Active Loan,Low,32.28,16.25,LOW,Every 60 Days,60,Occasional Offer
47,admin.,single,secondary,no,594,yes,no,unknown,7,may,161,1,-1,0,unknown,no,C00166,Low Money,16718.0,6687.0,5,1672.0,2508.0,7523.0,4,No Active Loan,Low,35.34,17.82,LOW,Every 60 Days,60,Occasional Offer
54,management,divorced,tertiary,no,5475,no,no,cellular,21,oct,1032,1,91,4,success,yes,C00167,Low Money,17564.0,7026.0,7,1756.0,2635.0,7903.0,5,No Active Loan,Low,33.74,18.22,LOW,Every 60 Days,60,Occasional Offer
44,services,married,secondary,no,191,yes,yes,cellular,7,may,490,1,-1,0,unknown,no,C00168,Low Money,16406.0,6562.0,5,1641.0,2461.0,7383.0,4,Regular,Low,35.34,17.72,LOW,Every 60 Days,60,Occasional Offer
35,technician,married,tertiary,no,432,no,no,cellular,12,aug,104,8,-1,0,unknown,no,C00169,Low Money,15513.0,6205.0,20,1551.0,2327.0,6981.0,14,No Active Loan,Medium,36.88,18.55,LOW,Every 60 Days,60,Occasional Offer
30,technician,married,secondary,no,289,yes,no,cellular,14,aug,1184,4,-1,0,unknown,yes,C00170,Low Money,15009.0,6004.0,12,1501.0,2251.0,6754.0,8,No Active Loan,Medium,33.89,17.02,LOW,Every 60 Days,60,Occasional Offer
28,technician,single,tertiary,no,0,yes,no,cellular,15,apr,217,2,-1,0,unknown,no,C00171,Low Money,14800.0,5920.0,6,1480.0,2220.0,6660.0,4,No Active Loan,Low,32.28,16.14,LOW,Every 60 Days,60,Occasional Offer
53,blue-collar,married,secondary,no,-76,no,no,cellular,29,jan,173,1,164,4,other,no,C00172,Low Money,17300.0,6920.0,7,1730.0,2595.0,7785.0,5,No Active Loan,Low,33.74,16.87,LOW,Every 60 Days,60,Occasional Offer
37,blue-collar,married,unknown,no,-1050,yes,no,unknown,2,jun,548,2,-1,0,unknown,no,C00173,Low Money,15700.0,6280.0,6,1570.0,2355.0,7065.0,4,No Active Loan,Low,32.28,16.14,LOW,Every 60 Days,60,Occasional Offer
38,technician,single,tertiary,no,0,no,no,cellular,28,aug,247,2,-1,0,unknown,no,C00174,Low Money,15800.0,6320.0,6,1580.0,2370.0,7110.0,4,No Active Loan,Low,32.28,16.14,LOW,Every 60 Days,60,Occasional Offer
42,management,married,tertiary,no,6060,yes,no,cellular,30,apr,316,1,350,2,failure,yes,C00175,Low Money,16382.0,6553.0,5,1638.0,2457.0,7372.0,4,No Active Loan,Low,35.34,19.16,LOW,Every 60 Days,60,Occasional Offer
25,services,single,secondary,no,594,no,no,cellular,4,jun,89,2,-1,0,unknown,yes,C00176,Low Money,14518.0,5807.0,6,1452.0,2178.0,6533.0,4,No Active Loan,Low,32.28,16.29,LOW,Every 60 Days,60,Occasional Offer
58,housemaid,married,primary,no,1310,yes,yes,cellular,22,jul,1226,2,-1,0,unknown,no,C00177,Low Money,17839.0,7136.0,6,1784.0,2676.0,8027.0,4,Regular,Low,32.28,16.46,LOW,Every 60 Days,60,Occasional Offer
35,technician,single,secondary,no,1227,no,no,cellular,18,mar,593,4,90,6,other,yes,C00178,Low Money,15537.0,6215.0,18,1554.0,2331.0,6991.0,13,No Active Loan,Medium,36.9,18.75,LOW,Every 60 Days,60,Occasional Offer
38,blue-collar,single,secondary,no,-56,yes,yes,unknown,6,jun,247,2,-1,0,unknown,no,C00179,Low Money,15800.0,6320.0,6,1580.0,2370.0,7110.0,4,Regular,Low,32.28,16.14,LOW,Every 60 Days,60,Occasional Offer
52,management,married,tertiary,no,4675,no,no,cellular,12,feb,181,3,-1,0,unknown,yes,C00180,Low Money,17340.0,6936.0,9,1734.0,2601.0,7803.0,6,No Active Loan,Low,33.09,17.7,LOW,Every 60 Days,60,Occasional Offer
32,management,single,tertiary,no,3283,no,no,cellular,12,aug,623,2,191,2,success,yes,C00181,Low Money,15298.0,6119.0,8,1530.0,2295.0,6884.0,6,No Active Loan,Low,34.9,18.26,LOW,Every 60 Days,60,Occasional Offer
35,management,divorced,tertiary,no,26,no,no,cellular,16,apr,78,2,-1,0,unknown,yes,C00182,Low Money,15501.0,6200.0,6,1550.0,2325.0,6976.0,4,No Active Loan,Low,32.28,16.15,LOW,Every 60 Days,60,Occasional Offer
24,admin.,single,secondary,no,166,no,no,cellular,10,sep,256,2,-1,0,unknown,yes,C00183,Low Money,14405.0,5762.0,6,1440.0,2161.0,6482.0,4,No Active Loan,Low,32.28,16.18,LOW,Every 60 Days,60,Occasional Offer
26,self-employed,single,tertiary,no,2857,no,no,cellular,3,jul,446,1,-1,0,unknown,yes,C00184,Low Money,14686.0,5874.0,5,1469.0,2203.0,6609.0,4,No Active Loan,Low,35.34,18.37,LOW,Every 60 Days,60,Occasional Offer
52,admin.,married,secondary,no,722,no,no,cellular,26,oct,99,2,185,3,failure,no,C00185,Low Money,17222.0,6889.0,9,1722.0,2583.0,7750.0,6,No Active Loan,Low,33.09,16.72,LOW,Every 60 Days,60,Occasional Offer
32,management,single,tertiary,no,0,no,no,cellular,22,aug,148,2,-1,0,unknown,no,C00186,Low Money,15200.0,6080.0,6,1520.0,2280.0,6840.0,4,No Active Loan,Low,32.28,16.14,LOW,Every 60 Days,60,Occasional Offer
50,management,married,tertiary,no,3463,no,yes,cellular,28,oct,96,1,-1,0,unknown,yes,C00187,Low Money,17104.0,6842.0,5,1710.0,2566.0,7696.0,4,Regular,Low,35.34,18.52,LOW,Every 60 Days,60,Occasional Offer
43,services,married,tertiary,no,4216,no,no,cellular,24,dec,150,2,195,2,success,yes,C00188,Low Money,16426.0,6570.0,8,1643.0,2464.0,7392.0,6,No Active Loan,Low,34.9,18.49,LOW,Every 60 Days,60,Occasional Offer
41,unknown,single,tertiary,no,1567,no,no,cellular,1,jul,291,2,-1,0,unknown,no,C00189,Low Money,16147.0,6459.0,6,1615.0,2422.0,7266.0,4,No Active Loan,Low,32.28,16.53,LOW,Every 60 Days,60,Occasional Offer
43,blue-collar,single,secondary,no,740,yes,no,unknown,20,jun,585,2,-1,0,unknown,yes,C00190,Low Money,16322.0,6529.0,6,1632.0,2448.0,7345.0,4,No Active Loan,Low,32.28,16.32,LOW,Every 60 Days,60,Occasional Offer
56,blue-collar,married,primary,no,827,yes,no,telephone,15,may,462,4,-1,0,unknown,yes,C00191,Low Money,17625.0,7050.0,12,1762.0,2644.0,7931.0,8,No Active Loan,Medium,33.89,17.15,LOW,Every 60 Days,60,Occasional Offer
33,technician,single,secondary,no,18,no,no,cellular,22,aug,93,2,-1,0,unknown,no,C00192,Low Money,15301.0,6120.0,6,1530.0,2295.0,6886.0,4,No Active Loan,Low,32.28,16.14,LOW,Every 60 Days,60,Occasional Offer
56,management,married,tertiary,no,12356,yes,no,cellular,26,may,410,1,551,5,other,yes,C00193,Low Money,17971.0,7188.0,8,1797.0,2696.0,8087.0,6,No Active Loan,Low,34.9,20.49,LOW,Every 60 Days,60,Occasional Offer
28,admin.,single,unknown,no,24,yes,no,cellular,18,jul,415,2,-1,0,unknown,yes,C00194,Low Money,14801.0,5920.0,6,1480.0,2220.0,6661.0,4,No Active Loan,Low,32.28,16.15,LOW,Every 60 Days,60,Occasional Offer
32,services,married,secondary,no,250,yes,no,unknown,29,may,202,1,-1,0,unknown,no,C00195,Low Money,15208.0,6083.0,5,1521.0,2281.0,6844.0,4,No Active Loan,Low,35.34,17.73,LOW,Every 60 Days,60,Occasional Offer
38,housemaid,divorced,secondary,no,70,no,no,cellular,27,jan,164,4,92,4,success,yes,C00196,Low Money,15802.0,6321.0,16,1580.0,2370.0,7111.0,11,No Active Loan,Medium,35.49,17.76,LOW,Every 60 Days,60,Occasional Offer
80,retired,divorced,primary,no,235,no,no,cellular,31,mar,577,1,223,3,other,yes,C00197,Low Money,20007.0,8003.0,6,2001.0,3001.0,9003.0,4,No Active Loan,Low,32.28,16.2,LOW,Every 60 Days,60,Occasional Offer
45,services,single,secondary,no,1515,no,no,unknown,20,jun,14,4,-1,0,unknown,no,C00198,Low Money,16545.0,6618.0,12,1654.0,2482.0,7445.0,8,No Active Loan,Medium,33.89,17.32,LOW,Every 60 Days,60,Occasional Offer
34,services,single,secondary,no,528,yes,no,cellular,2,sep,121,3,100,5,other,yes,C00199,Low Money,15416.0,6166.0,14,1542.0,2312.0,6938.0,10,No Active Loan,Medium,35.62,17.94,LOW,Every 60 Days,60,Occasional Offer
56,admin.,married,secondary,no,510,yes,no,cellular,10,jul,288,1,-1,0,unknown,no,C00200,Low Money,17615.0,7046.0,5,1762.0,2642.0,7927.0,4,No Active Loan,Low,35.34,17.8,LOW,Every 60 Days,60,Occasional Offer
30,blue-collar,divorced,secondary,yes,457,yes,no,unknown,20,jun,115,20,-1,0,unknown,no,C00201,Low Money,15014.0,6006.0,20,1501.0,2252.0,6756.0,14,No Active Loan,Medium,36.88,18.55,LOW,Every 60 Days,60,Occasional Offer
18,student,single,primary,no,608,no,no,cellular,12,aug,267,1,-1,0,unknown,yes,C00202,Low Money,13818.0,5527.0,5,1382.0,2073.0,6218.0,4,No Active Loan,Low,35.34,17.82,LOW,Every 60 Days,60,Occasional Offer
33,blue-collar,married,primary,no,3868,yes,no,unknown,2,jun,445,1,-1,0,unknown,no,C00203,Low Money,15416.0,6166.0,5,1542.0,2312.0,6938.0,4,No Active Loan,Low,35.34,18.62,LOW,Every 60 Days,60,Occasional Offer
37,blue-collar,married,secondary,no,-97,yes,no,unknown,5,jun,135,2,-1,0,unknown,no,C00204,Low Money,15700.0,6280.0,6,1570.0,2355.0,7065.0,4,No Active Loan,Low,32.28,16.14,LOW,Every 60 Days,60,Occasional Offer
36,blue-collar,married,primary,no,408,yes,yes,unknown,20,may,1063,2,-1,0,unknown,yes,C00205,Low Money,15612.0,6245.0,6,1561.0,2342.0,7025.0,4,Regular,Low,32.28,16.24,LOW,Every 60 Days,60,Occasional Offer
62,housemaid,married,unknown,no,2021,no,no,telephone,26,feb,361,1,-1,0,unknown,yes,C00206,Low Money,18261.0,7304.0,5,1826.0,2739.0,8218.0,4,No Active Loan,Low,35.34,18.17,LOW,Every 60 Days,60,Occasional Offer
36,management,divorced,tertiary,no,81,no,yes,cellular,22,jul,560,1,-1,0,unknown,yes,C00207,Low Money,15602.0,6241.0,5,1560.0,2340.0,7021.0,4,Regular,Low,35.34,17.69,LOW,Every 60 Days,60,Occasional Offer
60,management,married,tertiary,no,2281,no,no,cellular,5,feb,230,2,-1,0,unknown,yes,C00208,Low Money,18068.0,7227.0,6,1807.0,2710.0,8131.0,4,No Active Loan,Low,32.28,16.7,LOW,Every 60 Days,60,Occasional Offer
38,technician,single,tertiary,no,110,no,no,unknown,17,jun,1051,3,-1,0,unknown,yes,C00209,Low Money,15803.0,6321.0,9,1580.0,2370.0,7112.0,6,No Active Loan,Low,33.09,16.57,LOW,Every 60 Days,60,Occasional Offer
36,management,single,tertiary,no,1379,no,no,cellular,25,may,189,1,186,1,failure,yes,C00210,Low Money,15641.0,6256.0,5,1564.0,2346.0,7039.0,4,No Active Loan,Low,35.34,18.01,LOW,Every 60 Days,60,Occasional Offer
52,blue-collar,married,secondary,no,1319,no,no,telephone,30,apr,37,2,-1,0,unknown,no,C00211,Low Money,17240.0,6896.0,6,1724.0,2586.0,7758.0,4,No Active Loan,Low,32.28,16.46,LOW,Every 60 Days,60,Occasional Offer
48,blue-collar,divorced,primary,no,2677,no,no,unknown,20,jun,23,3,-1,0,unknown,no,C00212,Low Money,16880.0,6752.0,9,1688.0,2532.0,7596.0,6,No Active Loan,Low,33.09,17.2,LOW,Every 60 Days,60,Occasional Offer
61,retired,married,tertiary,no,2557,yes,no,cellular,11,aug,139,3,190,1,success,yes,C00213,Low Money,18177.0,7271.0,10,1818.0,2727.0,8179.0,7,No Active Loan,Low,34.19,17.72,LOW,Every 60 Days,60,Occasional Offer
55,technician,married,tertiary,no,1320,no,no,cellular,28,apr,387,2,-1,0,unknown,yes,C00214,Low Money,17540.0,7016.0,6,1754.0,2631.0,7893.0,4,No Active Loan,Low,32.28,16.47,LOW,Every 60 Days,60,Occasional Offer
38,services,married,tertiary,no,0,yes,no,cellular,17,apr,239,1,147,4,failure,no,C00215,Low Money,15800.0,6320.0,7,1580.0,2370.0,7110.0,5,No Active Loan,Low,33.74,16.87,LOW,Every 60 Days,60,Occasional Offer
41,technician,married,secondary,no,10438,yes,no,telephone,15,jul,141,4,-1,0,unknown,no,C00216,Low Money,16413.0,6565.0,12,1641.0,2462.0,7386.0,8,No Active Loan,Medium,33.89,19.52,LOW,Every 60 Days,60,Occasional Offer
38,technician,single,tertiary,no,5122,yes,no,cellular,20,nov,370,1,184,1,failure,no,C00217,Low Money,15954.0,6382.0,5,1595.0,2393.0,7179.0,4,No Active Loan,Low,35.34,18.93,LOW,Every 60 Days,60,Occasional Offer
46,management,married,secondary,no,5127,no,no,cellular,6,aug,472,1,-1,0,unknown,no,C00218,Low Money,16754.0,6702.0,5,1675.0,2513.0,7539.0,4,No Active Loan,Low,35.34,18.93,LOW,Every 60 Days,60,Occasional Offer
36,services,married,secondary,no,11650,yes,no,telephone,29,jul,268,1,-1,0,unknown,yes,C00219,Low Money,15950.0,6380.0,5,1595.0,2392.0,7178.0,4,No Active Loan,Low,35.34,20.54,LOW,Every 60 Days,60,Occasional Offer
31,blue-collar,married,secondary,no,1660,yes,no,cellular,20,apr,342,1,-1,0,unknown,no,C00220,Low Money,15150.0,6060.0,5,1515.0,2272.0,6818.0,4,No Active Loan,Low,35.34,18.08,LOW,Every 60 Days,60,Occasional Offer
44,self-employed,married,unknown,no,680,yes,no,telephone,30,jul,84,4,-1,0,unknown,no,C00221,Low Money,16420.0,6568.0,12,1642.0,2463.0,7389.0,8,No Active Loan,Medium,33.89,17.11,LOW,Every 60 Days,60,Occasional Offer
55,management,married,unknown,no,1504,yes,no,cellular,31,aug,186,3,101,2,success,yes,C00222,Low Money,17545.0,7018.0,11,1754.0,2632.0,7895.0,8,No Active Loan,Medium,35.14,17.94,LOW,Every 60 Days,60,Occasional Offer
72,self-employed,married,tertiary,no,132,no,no,cellular,1,jul,260,2,65,1,success,yes,C00223,Low Money,19204.0,7682.0,7,1920.0,2881.0,8641.0,5,No Active Loan,Low,33.74,16.9,LOW,Every 60 Days,60,Occasional Offer
59,retired,single,secondary,no,2,no,no,telephone,2,feb,935,1,-1,0,unknown,yes,C00224,Low Money,17900.0,7160.0,5,1790.0,2685.0,8055.0,4,No Active Loan,Low,35.34,17.67,LOW,Every 60 Days,60,Occasional Offer
33,technician,married,tertiary,no,16992,yes,no,unknown,29,may,58,1,-1,0,unknown,no,C00225,Low Money,15810.0,6324.0,5,1581.0,2372.0,7114.0,4,No Active Loan,Low,35.34,21.86,LOW,Every 60 Days,60,Occasional Offer
59,retired,married,tertiary,no,1296,no,no,cellular,11,aug,862,11,-1,0,unknown,no,C00226,Low Money,17939.0,7176.0,20,1794.0,2691.0,8072.0,14,No Active Loan,Medium,36.88,18.76,LOW,Every 60 Days,60,Occasional Offer
54,technician,divorced,secondary,no,2156,yes,no,cellular,3,feb,261,1,195,4,failure,yes,C00227,Low Money,17465.0,6986.0,7,1746.0,2620.0,7859.0,5,No Active Loan,Low,33.74,17.4,LOW,Every 60 Days,60,Occasional Offer
40,unemployed,single,tertiary,no,7968,no,no,cellular,2,jun,596,1,-1,0,unknown,yes,C00228,Low Money,16239.0,6496.0,5,1624.0,2436.0,7307.0,4,No Active Loan,Low,35.34,19.63,LOW,Every 60 Days,60,Occasional Offer
36,unemployed,divorced,secondary,no,8267,no,no,unknown,18,jun,321,2,-1,0,unknown,no,C00229,Low Money,15848.0,6339.0,6,1585.0,2377.0,7132.0,4,No Active Loan,Low,32.28,18.18,LOW,Every 60 Days,60,Occasional Offer
26,student,single,tertiary,no,10086,no,no,cellular,21,apr,110,2,-1,0,unknown,yes,C00230,Low Money,14903.0,5961.0,6,1490.0,2235.0,6707.0,4,No Active Loan,Low,32.28,18.62,LOW,Every 60 Days,60,Occasional Offer
28,services,single,secondary,no,373,yes,no,cellular,18,may,115,2,-1,0,unknown,no,C00231,Low Money,14811.0,5924.0,6,1481.0,2222.0,6665.0,4,No Active Loan,Low,32.28,16.23,LOW,Every 60 Days,60,Occasional Offer
31,admin.,single,secondary,no,523,no,yes,cellular,2,feb,323,1,109,5,failure,no,C00232,Low Money,15116.0,6046.0,8,1512.0,2267.0,6803.0,6,Regular,Low,34.9,17.58,LOW,Every 60 Days,60,Occasional Offer
48,services,divorced,secondary,no,62,yes,no,cellular,8,may,561,1,-1,0,unknown,no,C00233,Low Money,16802.0,6721.0,5,1680.0,2520.0,7561.0,4,No Active Loan,Low,35.34,17.69,LOW,Every 60 Days,60,Occasional Offer
30,services,divorced,secondary,no,1336,yes,no,cellular,18,may,13,3,355,5,failure,no,C00234,Low Money,15040.0,6016.0,14,1504.0,2256.0,6768.0,10,No Active Loan,Medium,35.62,18.14,LOW,Every 60 Days,60,Occasional Offer
52,blue-collar,married,secondary,no,5275,no,yes,cellular,22,jul,1029,3,-1,0,unknown,no,C00235,Low Money,17358.0,6943.0,9,1736.0,2604.0,7811.0,6,Regular,Low,33.09,17.84,LOW,Every 60 Days,60,Occasional Offer
57,unknown,married,unknown,no,19268,no,no,unknown,23,oct,301,1,-1,0,unknown,yes,C00236,Low Money,18278.0,7311.0,5,1828.0,2742.0,8225.0,4,No Active Loan,Low,35.34,22.42,LOW,Every 60 Days,60,Occasional Offer
60,blue-collar,married,primary,no,631,no,no,cellular,12,aug,429,2,-1,0,unknown,yes,C00237,Low Money,18019.0,7208.0,6,1802.0,2703.0,8108.0,4,No Active Loan,Low,32.28,16.3,LOW,Every 60 Days,60,Occasional Offer
48,management,divorced,tertiary,no,1401,yes,no,unknown,20,jun,72,3,-1,0,unknown,no,C00238,Low Money,16842.0,6737.0,9,1684.0,2526.0,7579.0,6,No Active Loan,Low,33.09,16.89,LOW,Every 60 Days,60,Occasional Offer
47,management,single,tertiary,no,86,no,no,cellular,2,feb,1086,1,-1,0,unknown,yes,C00239,Low Money,16703.0,6681.0,5,1670.0,2505.0,7517.0,4,No Active Loan,Low,35.34,17.69,LOW,Every 60 Days,60,Occasional Offer
26,technician,married,secondary,no,370,no,yes,cellular,8,jul,1061,4,-1,0,unknown,yes,C00240,Low Money,14611.0,5844.0,12,1461.0,2192.0,6575.0,8,Regular,Medium,33.89,17.04,LOW,Every 60 Days,60,Occasional Offer
36,technician,single,secondary,no,301,yes,yes,cellular,29,jul,367,1,-1,0,unknown,no,C00241,Low Money,15609.0,6244.0,5,1561.0,2341.0,7024.0,4,Regular,Low,35.34,17.74,LOW,Every 60 Days,60,Occasional Offer
34,technician,married,tertiary,no,100,no,no,cellular,20,aug,196,2,-1,0,unknown,no,C00242,Low Money,15403.0,6161.0,6,1540.0,2310.0,6932.0,4,No Active Loan,Low,32.28,16.16,LOW,Every 60 Days,60,Occasional Offer
57,unemployed,married,secondary,no,3754,no,no,cellular,5,feb,1063,2,-1,0,unknown,yes,C00243,Low Money,17813.0,7125.0,6,1781.0,2672.0,8016.0,4,No Active Loan,Low,32.28,17.06,LOW,Every 60 Days,60,Occasional Offer
36,self-employed,single,tertiary,no,-103,yes,yes,telephone,17,oct,3253,1,-1,0,unknown,yes,C00244,Low Money,15600.0,6240.0,5,1560.0,2340.0,7020.0,4,Regular,Low,35.34,17.67,LOW,Every 60 Days,60,Occasional Offer
42,self-employed,married,secondary,no,0,no,no,cellular,14,aug,277,4,-1,0,unknown,no,C00245,Low Money,16200.0,6480.0,12,1620.0,2430.0,7290.0,8,No Active Loan,Medium,33.89,16.94,LOW,Every 60 Days,60,Occasional Offer
21,student,single,primary,no,8278,no,no,cellular,29,oct,445,1,-1,0,unknown,yes,C00246,Low Money,14348.0,5739.0,5,1435.0,2152.0,6457.0,4,No Active Loan,Low,35.34,19.71,LOW,Every 60 Days,60,Occasional Offer
30,services,single,secondary,no,1824,yes,no,cellular,21,jul,153,2,-1,0,unknown,no,C00247,Low Money,15055.0,6022.0,6,1506.0,2258.0,6775.0,4,No Active Loan,Low,32.28,16.59,LOW,Every 60 Days,60,Occasional Offer
54,management,married,tertiary,no,203,no,no,cellular,21,nov,70,1,-1,0,unknown,no,C00248,Low Money,17406.0,6962.0,5,1741.0,2611.0,7833.0,4,No Active Loan,Low,35.34,17.72,LOW,Every 60 Days,60,Occasional Offer
38,management,single,tertiary,no,633,no,no,cellular,9,jul,171,3,-1,0,unknown,no,C00249,Low Money,15819.0,6328.0,9,1582.0,2373.0,7118.0,6,No Active Loan,Low,33.09,16.7,LOW,Every 60 Days,60,Occasional Offer
59,management,married,primary,no,396,yes,no,unknown,2,jun,72,3,-1,0,unknown,no,C00250,Low Money,17912.0,7165.0,9,1791.0,2687.0,8060.0,6,No Active Loan,Low,33.09,16.64,LOW,Every 60 Days,60,Occasional Offer
31,blue-collar,divorced,secondary,no,1125,no,yes,unknown,15,may,548,1,-1,0,unknown,no,C00251,Low Money,15134.0,6054.0,5,1513.0,2270.0,6810.0,4,Regular,Low,35.34,17.95,LOW,Every 60 Days,60,Occasional Offer
37,management,single,tertiary,no,2173,no,no,cellular,21,nov,158,3,114,1,failure,no,C00252,Low Money,15765.0,6306.0,10,1576.0,2365.0,7094.0,7,No Active Loan,Low,34.19,17.63,LOW,Every 60 Days,60,Occasional Offer
30,management,single,tertiary,no,3473,no,no,cellular,12,mar,1209,2,-1,0,unknown,yes,C00253,Low Money,15104.0,6042.0,6,1510.0,2266.0,6796.0,4,No Active Loan,Low,32.28,17.0,LOW,Every 60 Days,60,Occasional Offer
32,services,divorced,tertiary,no,376,yes,no,unknown,20,may,102,2,-1,0,unknown,no,C00254,Low Money,15211.0,6084.0,6,1521.0,2282.0,6845.0,4,No Active Loan,Low,32.28,16.23,LOW,Every 60 Days,60,Occasional Offer
49,management,married,tertiary,no,1,no,no,telephone,4,may,1076,3,175,1,success,yes,C00255,Low Money,16900.0,6760.0,10,1690.0,2535.0,7605.0,7,No Active Loan,Low,34.19,17.1,LOW,Every 60 Days,60,Occasional Offer
52,housemaid,married,secondary,no,234,no,no,cellular,20,nov,208,1,-1,0,unknown,no,C00256,Low Money,17207.0,6883.0,5,1721.0,2581.0,7743.0,4,No Active Loan,Low,35.34,17.73,LOW,Every 60 Days,60,Occasional Offer
30,management,single,tertiary,no,222,no,yes,cellular,4,feb,111,1,204,2,other,no,C00257,Low Money,15007.0,6003.0,5,1501.0,2251.0,6753.0,4,Regular,Low,35.34,17.72,LOW,Every 60 Days,60,Occasional Offer
49,services,married,secondary,no,280,yes,no,telephone,14,jul,162,3,-1,0,unknown,no,C00258,Low Money,16908.0,6763.0,9,1691.0,2536.0,7609.0,6,No Active Loan,Low,33.09,16.61,LOW,Every 60 Days,60,Occasional Offer
46,technician,single,secondary,no,5862,no,no,cellular,1,jun,84,1,-1,0,unknown,yes,C00259,Low Money,16776.0,6710.0,5,1678.0,2516.0,7550.0,4,No Active Loan,Low,35.34,19.11,LOW,Every 60 Days,60,Occasional Offer
35,management,single,tertiary,no,1750,yes,no,cellular,21,apr,333,3,-1,0,unknown,yes,C00260,Low Money,15552.0,6221.0,9,1555.0,2333.0,6998.0,6,No Active Loan,Low,33.09,16.98,LOW,Every 60 Days,60,Occasional Offer
38,management,married,tertiary,yes,327,yes,yes,cellular,9,jul,556,5,-1,0,unknown,yes,C00261,Low Money,15810.0,6324.0,15,1581.0,2372.0,7114.0,10,Regular,Medium,34.7,17.43,LOW,Every 60 Days,60,Occasional Offer
51,blue-collar,married,primary,no,3764,no,no,telephone,9,mar,450,3,181,6,success,yes,C00262,Low Money,17213.0,6885.0,15,1721.0,2582.0,7746.0,10,No Active Loan,Medium,34.7,18.28,LOW,Every 60 Days,60,Occasional Offer
30,technician,single,tertiary,no,3,yes,no,unknown,7,may,174,1,-1,0,unknown,no,C00263,Low Money,15000.0,6000.0,5,1500.0,2250.0,6750.0,4,No Active Loan,Low,35.34,17.67,LOW,Every 60 Days,60,Occasional Offer
38,blue-collar,married,primary,no,3419,yes,no,unknown,20,jun,324,5,-1,0,unknown,no,C00264,Low Money,15903.0,6361.0,15,1590.0,2385.0,7157.0,10,No Active Loan,Medium,34.7,18.19,LOW,Every 60 Days,60,Occasional Offer
35,technician,married,secondary,no,128,no,yes,cellular,29,jan,456,1,205,2,other,no,C00265,Low Money,15504.0,6202.0,5,1550.0,2326.0,6976.0,4,Regular,Low,35.34,17.7,LOW,Every 60 Days,60,Occasional Offer
31,services,married,secondary,no,2050,yes,no,cellular,18,nov,271,5,-1,0,unknown,no,C00266,Low Money,15162.0,6065.0,15,1516.0,2274.0,6823.0,10,No Active Loan,Medium,34.7,17.85,LOW,Every 60 Days,60,Occasional Offer
48,admin.,single,secondary,no,479,yes,yes,unknown,18,jun,533,3,-1,0,unknown,no,C00267,Low Money,16814.0,6726.0,9,1681.0,2522.0,7566.0,6,Regular,Low,33.09,16.66,LOW,Every 60 Days,60,Occasional Offer
29,services,single,primary,no,339,no,no,unknown,4,jul,1576,3,-1,0,unknown,yes,C00268,Low Money,14910.0,5964.0,9,1491.0,2236.0,6710.0,6,No Active Loan,Low,33.09,16.63,LOW,Every 60 Days,60,Occasional Offer
37,housemaid,married,secondary,no,7433,no,yes,cellular,5,feb,630,3,-1,0,unknown,yes,C00269,Low Money,15923.0,6369.0,9,1592.0,2388.0,7166.0,6,Regular,Low,33.09,18.38,LOW,Every 60 Days,60,Occasional Offer
45,admin.,married,secondary,no,111,yes,no,cellular,11,aug,173,1,-1,0,unknown,no,C00270,Low Money,16503.0,6601.0,5,1650.0,2475.0,7427.0,4,No Active Loan,Low,35.34,17.7,LOW,Every 60 Days,60,Occasional Offer
28,self-employed,single,tertiary,no,160,no,no,unknown,11,nov,158,1,-1,0,unknown,yes,C00271,Low Money,14805.0,5922.0,5,1480.0,2221.0,6662.0,4,No Active Loan,Low,35.34,17.71,LOW,Every 60 Days,60,Occasional Offer
25,student,single,secondary,no,2354,no,no,cellular,5,feb,226,7,-1,0,unknown,yes,C00272,Low Money,14571.0,5828.0,20,1457.0,2186.0,6557.0,14,No Active Loan,Medium,36.88,19.02,LOW,Every 60 Days,60,Occasional Offer
31,self-employed,married,tertiary,no,168,no,no,cellular,4,feb,193,2,-1,0,unknown,yes,C00273,Low Money,15105.0,6042.0,6,1510.0,2266.0,6797.0,4,No Active Loan,Low,32.28,16.18,LOW,Every 60 Days,60,Occasional Offer
43,blue-collar,married,secondary,no,833,no,no,cellular,17,jul,156,1,-1,0,unknown,no,C00274,Low Money,16325.0,6530.0,5,1632.0,2449.0,7346.0,4,No Active Loan,Low,35.34,17.88,LOW,Every 60 Days,60,Occasional Offer
31,services,married,secondary,no,428,yes,no,unknown,21,may,272,1,-1,0,unknown,no,C00275,Low Money,15113.0,6045.0,5,1511.0,2267.0,6801.0,4,No Active Loan,Low,35.34,17.78,LOW,Every 60 Days,60,Occasional Offer
24,admin.,single,tertiary,no,674,yes,no,cellular,6,jul,267,1,-1,0,unknown,yes,C00276,Low Money,14420.0,5768.0,5,1442.0,2163.0,6489.0,4,No Active Loan,Low,35.34,17.84,LOW,Every 60 Days,60,Occasional Offer
36,technician,married,primary,no,1653,yes,yes,unknown,27,may,336,10,-1,0,unknown,no,C00277,Low Money,15650.0,6260.0,20,1565.0,2348.0,7042.0,14,Regular,Medium,36.88,18.85,LOW,Every 60 Days,60,Occasional Offer
52,entrepreneur,single,tertiary,no,3469,yes,no,cellular,16,apr,583,1,147,1,success,yes,C00278,Low Money,17304.0,6922.0,5,1730.0,2596.0,7786.0,4,No Active Loan,Low,35.34,18.52,LOW,Every 60 Days,60,Occasional Offer
43,self-employed,married,tertiary,no,3157,no,no,cellular,21,apr,381,2,330,17,other,no,C00279,Low Money,16395.0,6558.0,20,1640.0,2459.0,7378.0,14,No Active Loan,Medium,36.88,19.22,LOW,Every 60 Days,60,Occasional Offer
53,blue-collar,single,secondary,no,1004,no,no,cellular,13,may,393,1,84,1,other,yes,C00280,Low Money,17330.0,6932.0,5,1733.0,2600.0,7798.0,4,No Active Loan,Low,35.34,17.92,LOW,Every 60 Days,60,Occasional Offer
50,blue-collar,divorced,primary,no,15,yes,no,cellular,12,may,173,2,350,7,failure,no,C00281,Low Money,17000.0,6800.0,13,1700.0,2550.0,7650.0,9,No Active Loan,Medium,34.8,17.4,LOW,Every 60 Days,60,Occasional Offer
50,management,married,tertiary,no,400,no,no,cellular,13,aug,343,2,-1,0,unknown,no,C00282,Low Money,17012.0,6805.0,6,1701.0,2552.0,7655.0,4,No Active Loan,Low,32.28,16.24,LOW,Every 60 Days,60,Occasional Offer
56,technician,married,tertiary,no,1181,no,no,cellular,28,jan,186,1,433,1,failure,yes,C00283,Low Money,17635.0,7054.0,5,1764.0,2645.0,7936.0,4,No Active Loan,Low,35.34,17.96,LOW,Every 60 Days,60,Occasional Offer
37,technician,married,secondary,no,480,no,no,cellular,22,oct,344,2,182,8,other,yes,C00284,Low Money,15714.0,6286.0,14,1571.0,2357.0,7071.0,10,No Active Loan,Medium,35.62,17.93,LOW,Every 60 Days,60,Occasional Offer
28,management,single,secondary,no,703,yes,no,cellular,15,may,485,1,88,1,other,yes,C00285,Low Money,14821.0,5928.0,5,1482.0,2223.0,6670.0,4,No Active Loan,Low,35.34,17.84,LOW,Every 60 Days,60,Occasional Offer
41,blue-collar,married,primary,no,201,yes,no,cellular,3,feb,157,1,-1,0,unknown,yes,C00286,Low Money,16106.0,6442.0,5,1611.0,2416.0,7248.0,4,No Active Loan,Low,35.34,17.72,LOW,Every 60 Days,60,Occasional Offer
32,technician,single,secondary,no,287,yes,no,unknown,21,may,59,8,-1,0,unknown,no,C00287,Low Money,15209.0,6084.0,20,1521.0,2281.0,6844.0,14,No Active Loan,Medium,36.88,18.51,LOW,Every 60 Days,60,Occasional Offer
61,retired,married,secondary,no,523,no,no,cellular,13,aug,211,3,183,4,success,yes,C00288,Low Money,18116.0,7246.0,13,1812.0,2717.0,8153.0,9,No Active Loan,Medium,34.8,17.53,LOW,Every 60 Days,60,Occasional Offer
24,admin.,single,secondary,no,1295,no,no,cellular,21,apr,476,1,-1,0,unknown,yes,C00289,Low Money,14439.0,5776.0,5,1444.0,2166.0,6497.0,4,No Active Loan,Low,35.35,17.99,LOW,Every 60 Days,60,Occasional Offer
26,admin.,single,secondary,yes,-930,yes,no,cellular,14,may,786,1,-1,0,unknown,yes,C00290,Low Money,14600.0,5840.0,5,1460.0,2190.0,6570.0,4,No Active Loan,Low,35.34,17.67,LOW,Every 60 Days,60,Occasional Offer
32,technician,single,tertiary,no,0,yes,yes,cellular,13,may,440,2,-1,0,unknown,yes,C00291,Low Money,15200.0,6080.0,6,1520.0,2280.0,6840.0,4,Regular,Low,32.28,16.14,LOW,Every 60 Days,60,Occasional Offer
58,admin.,married,secondary,no,1464,yes,yes,unknown,5,jun,53,29,-1,0,unknown,no,C00292,Low Money,17844.0,7138.0,20,1784.0,2677.0,8029.0,14,Regular,Medium,36.88,18.8,LOW,Every 60 Days,60,Occasional Offer
25,blue-collar,single,secondary,no,0,no,no,cellular,23,apr,163,1,-1,0,unknown,yes,C00293,Low Money,14500.0,5800.0,5,1450.0,2175.0,6525.0,4,No Active Loan,Low,35.34,17.67,LOW,Every 60 Days,60,Occasional Offer
31,services,married,secondary,no,71,yes,no,cellular,17,jul,740,2,-1,0,unknown,no,C00294,Low Money,15102.0,6041.0,6,1510.0,2265.0,6796.0,4,No Active Loan,Low,32.28,16.16,LOW,Every 60 Days,60,Occasional Offer
31,blue-collar,married,secondary,no,43,yes,no,unknown,19,may,405,3,-1,0,unknown,no,C00295,Low Money,15101.0,6040.0,9,1510.0,2265.0,6796.0,6,No Active Loan,Low,33.09,16.56,LOW,Every 60 Days,60,Occasional Offer
29,admin.,divorced,secondary,no,1320,yes,yes,unknown,8,may,489,1,-1,0,unknown,no,C00296,Low Money,14940.0,5976.0,5,1494.0,2241.0,6723.0,4,Regular,Low,35.34,18.0,LOW,Every 60 Days,60,Occasional Offer
50,management,married,tertiary,no,5969,no,no,cellular,25,jan,455,1,544,2,failure,yes,C00297,Low Money,17179.0,6872.0,5,1718.0,2577.0,7730.0,4,No Active Loan,Low,35.34,19.14,LOW,Every 60 Days,60,Occasional Offer
49,services,single,secondary,no,459,yes,no,unknown,19,may,58,10,-1,0,unknown,no,C00298,Low Money,16914.0,6766.0,20,1691.0,2537.0,7611.0,14,No Active Loan,Medium,36.88,18.55,LOW,Every 60 Days,60,Occasional Offer
56,self-employed,married,unknown,no,0,no,no,cellular,19,aug,130,1,-1,0,unknown,no,C00299,Low Money,17600.0,7040.0,5,1760.0,2640.0,7920.0,4,No Active Loan,Low,35.34,17.67,LOW,Every 60 Days,60,Occasional Offer
39,entrepreneur,married,tertiary,no,350,yes,no,cellular,24,jul,230,2,-1,0,unknown,no,C00300,Low Money,15910.0,6364.0,6,1591.0,2386.0,7160.0,4,No Active Loan,Low,32.28,16.23,LOW,Every 60 Days,60,Occasional Offer
68,retired,divorced,primary,no,250,no,no,cellular,3,feb,360,1,-1,0,unknown,yes,C00301,Low Money,18808.0,7523.0,5,1881.0,2821.0,8464.0,4,No Active Loan,Low,35.34,17.73,LOW,Every 60 Days,60,Occasional Offer
45,entrepreneur,married,tertiary,no,20138,yes,no,cellular,20,nov,871,5,-1,0,unknown,yes,C00302,Low Money,17104.0,6842.0,15,1710.0,2566.0,7696.0,10,No Active Loan,Medium,34.7,22.31,LOW,Every 60 Days,60,Occasional Offer
54,unemployed,married,secondary,no,1561,no,no,cellular,25,may,352,3,186,2,failure,yes,C00303,Low Money,17447.0,6979.0,11,1745.0,2617.0,7851.0,8,No Active Loan,Medium,35.14,17.95,LOW,Every 60 Days,60,Occasional Offer
45,management,married,tertiary,no,212,no,no,cellular,21,apr,65,2,-1,0,unknown,yes,C00304,Low Money,16506.0,6602.0,6,1651.0,2476.0,7428.0,4,No Active Loan,Low,32.28,16.19,LOW,Every 60 Days,60,Occasional Offer
34,technician,married,tertiary,no,7050,no,no,cellular,7,aug,130,1,-1,0,unknown,yes,C00305,Low Money,15612.0,6245.0,5,1561.0,2342.0,7025.0,4,No Active Loan,Low,35.34,19.41,LOW,Every 60 Days,60,Occasional Offer
55,blue-collar,married,primary,no,512,no,no,cellular,5,aug,1200,2,-1,0,unknown,yes,C00306,Low Money,17515.0,7006.0,6,1752.0,2627.0,7882.0,4,No Active Loan,Low,32.28,16.27,LOW,Every 60 Days,60,Occasional Offer
59,technician,married,secondary,no,10925,no,no,cellular,21,apr,100,1,-1,0,unknown,yes,C00307,Low Money,18228.0,7291.0,5,1823.0,2734.0,8203.0,4,No Active Loan,Low,35.34,20.36,LOW,Every 60 Days,60,Occasional Offer
81,retired,divorced,primary,no,4321,no,no,cellular,11,aug,163,3,-1,0,unknown,no,C00308,Low Money,20230.0,8092.0,9,2023.0,3034.0,9104.0,6,No Active Loan,Low,33.09,17.61,LOW,Every 60 Days,60,Occasional Offer
39,services,married,secondary,no,2758,no,no,cellular,4,feb,658,3,-1,0,unknown,yes,C00309,Low Money,15983.0,6393.0,9,1598.0,2397.0,7193.0,6,No Active Loan,Low,33.09,17.22,LOW,Every 60 Days,60,Occasional Offer
36,management,divorced,secondary,no,1655,yes,no,cellular,18,nov,155,2,-1,0,unknown,no,C00310,Low Money,15650.0,6260.0,6,1565.0,2348.0,7042.0,4,No Active Loan,Low,32.28,16.55,LOW,Every 60 Days,60,Occasional Offer
30,admin.,single,secondary,no,915,yes,no,unknown,27,apr,370,1,-1,0,unknown,yes,C00311,Low Money,15027.0,6011.0,5,1503.0,2254.0,6762.0,4,No Active Loan,Low,35.34,17.9,LOW,Every 60 Days,60,Occasional Offer
57,blue-collar,married,secondary,no,2887,no,no,cellular,21,aug,819,10,-1,0,unknown,yes,C00312,Low Money,17787.0,7115.0,20,1779.0,2668.0,8004.0,14,No Active Loan,Medium,36.88,19.15,LOW,Every 60 Days,60,Occasional Offer
60,housemaid,married,primary,no,517,no,no,unknown,12,jun,1178,3,-1,0,unknown,no,C00313,Low Money,18016.0,7206.0,9,1802.0,2702.0,8108.0,6,No Active Loan,Low,33.09,16.67,LOW,Every 60 Days,60,Occasional Offer
44,management,married,tertiary,no,-1636,yes,yes,cellular,11,may,257,1,-1,0,unknown,no,C00314,Low Money,16400.0,6560.0,5,1640.0,2460.0,7380.0,4,Regular,Low,35.34,17.67,LOW,Every 60 Days,60,Occasional Offer
56,blue-collar,married,primary,no,1137,no,no,telephone,2,jul,176,1,-1,0,unknown,yes,C00315,Low Money,17634.0,7054.0,5,1763.0,2645.0,7935.0,4,No Active Loan,Low,35.34,17.95,LOW,Every 60 Days,60,Occasional Offer
29,admin.,single,secondary,no,2768,yes,no,unknown,2,jun,121,4,-1,0,unknown,no,C00316,Low Money,14983.0,5993.0,12,1498.0,2247.0,6743.0,8,No Active Loan,Medium,33.89,17.63,LOW,Every 60 Days,60,Occasional Offer
30,technician,single,secondary,no,656,no,yes,unknown,4,jul,523,1,-1,0,unknown,no,C00317,Low Money,15020.0,6008.0,5,1502.0,2253.0,6759.0,4,Regular,Low,35.34,17.83,LOW,Every 60 Days,60,Occasional Offer
25,student,single,secondary,no,3090,no,no,cellular,21,aug,139,1,-1,0,unknown,no,C00318,Low Money,14593.0,5837.0,5,1459.0,2189.0,6567.0,4,No Active Loan,Low,35.34,18.43,LOW,Every 60 Days,60,Occasional Offer
47,blue-collar,married,primary,no,4157,no,no,unknown,11,jun,90,3,-1,0,unknown,no,C00319,Low Money,16825.0,6730.0,9,1682.0,2524.0,7571.0,6,No Active Loan,Low,33.09,17.57,LOW,Every 60 Days,60,Occasional Offer
50,services,married,primary,no,5024,yes,yes,cellular,7,may,661,1,267,11,other,yes,C00320,Low Money,17151.0,6860.0,14,1715.0,2573.0,7718.0,10,Regular,Medium,35.62,19.05,LOW,Every 60 Days,60,Occasional Offer
31,management,married,tertiary,no,2344,yes,no,cellular,14,aug,221,6,-1,0,unknown,no,C00321,Low Money,15170.0,6068.0,18,1517.0,2276.0,6826.0,13,No Active Loan,Medium,36.89,19.02,LOW,Every 60 Days,60,Occasional Offer
39,blue-collar,married,primary,no,-50,yes,no,cellular,15,may,100,1,-1,0,unknown,no,C00322,Low Money,15900.0,6360.0,5,1590.0,2385.0,7155.0,4,No Active Loan,Low,35.34,17.67,LOW,Every 60 Days,60,Occasional Offer
60,blue-collar,married,primary,no,29184,no,no,telephone,15,jun,94,2,-1,0,unknown,no,C00323,Low Money,18876.0,7550.0,6,1888.0,2831.0,8495.0,4,No Active Loan,Low,32.28,23.33,LOW,Every 60 Days,60,Occasional Offer
37,admin.,married,tertiary,no,0,yes,no,cellular,17,nov,65,2,119,1,failure,no,C00324,Low Money,15700.0,6280.0,7,1570.0,2355.0,7065.0,5,No Active Loan,Low,33.74,16.87,LOW,Every 60 Days,60,Occasional Offer
37,blue-collar,single,secondary,no,292,no,no,unknown,8,sep,9,1,-1,0,unknown,no,C00325,Low Money,15709.0,6284.0,5,1571.0,2356.0,7069.0,4,No Active Loan,Low,35.34,17.74,LOW,Every 60 Days,60,Occasional Offer
32,management,single,tertiary,no,935,no,no,cellular,10,aug,161,2,375,5,failure,yes,C00326,Low Money,15228.0,6091.0,11,1523.0,2284.0,6853.0,8,No Active Loan,Medium,35.14,17.8,LOW,Every 60 Days,60,Occasional Offer
35,management,married,tertiary,no,193,yes,no,cellular,30,apr,565,1,13,1,failure,yes,C00327,Low Money,15506.0,6202.0,5,1551.0,2326.0,6978.0,4,No Active Loan,Low,35.34,17.72,LOW,Every 60 Days,60,Occasional Offer
31,management,divorced,tertiary,no,-547,yes,yes,cellular,31,jul,101,10,-1,0,unknown,no,C00328,Low Money,15100.0,6040.0,20,1510.0,2265.0,6795.0,14,Regular,Medium,36.88,18.44,LOW,Every 60 Days,60,Occasional Offer
37,management,married,tertiary,no,1125,yes,no,unknown,3,jun,301,1,-1,0,unknown,no,C00329,Low Money,15734.0,6294.0,5,1573.0,2360.0,7080.0,4,No Active Loan,Low,35.34,17.95,LOW,Every 60 Days,60,Occasional Offer
40,services,divorced,primary,no,4,yes,no,cellular,7,may,171,2,-1,0,unknown,no,C00330,Low Money,16000.0,6400.0,6,1600.0,2400.0,7200.0,4,No Active Loan,Low,32.28,16.14,LOW,Every 60 Days,60,Occasional Offer
36,blue-collar,married,secondary,no,536,yes,no,cellular,8,apr,274,3,-1,0,unknown,yes,C00331,Low Money,15616.0,6246.0,9,1562.0,2342.0,7028.0,6,No Active Loan,Low,33.09,16.68,LOW,Every 60 Days,60,Occasional Offer
37,management,divorced,tertiary,no,481,yes,no,cellular,19,aug,97,6,-1,0,unknown,no,C00332,Low Money,15714.0,6286.0,18,1571.0,2357.0,7071.0,13,No Active Loan,Medium,36.89,18.56,LOW,Every 60 Days,60,Occasional Offer
31,housemaid,single,tertiary,no,596,no,no,telephone,28,jan,30,1,-1,0,unknown,no,C00333,Low Money,15118.0,6047.0,5,1512.0,2268.0,6803.0,4,No Active Loan,Low,35.34,17.82,LOW,Every 60 Days,60,Occasional Offer
66,retired,married,secondary,no,780,no,no,cellular,12,feb,388,4,-1,0,unknown,no,C00334,Low Money,18623.0,7449.0,12,1862.0,2793.0,8381.0,8,No Active Loan,Medium,33.89,17.14,LOW,Every 60 Days,60,Occasional Offer
56,management,married,tertiary,no,563,yes,no,cellular,6,may,100,2,168,1,failure,no,C00335,Low Money,17617.0,7047.0,7,1762.0,2643.0,7927.0,5,No Active Loan,Low,33.74,17.01,LOW,Every 60 Days,60,Occasional Offer
39,blue-collar,married,primary,no,-119,no,no,unknown,17,jun,135,6,-1,0,unknown,no,C00336,Low Money,15900.0,6360.0,18,1590.0,2385.0,7155.0,13,No Active Loan,Medium,36.89,18.44,LOW,Every 60 Days,60,Occasional Offer
31,technician,single,secondary,no,373,no,no,cellular,22,aug,346,5,-1,0,unknown,no,C00337,Low Money,15111.0,6044.0,15,1511.0,2267.0,6800.0,10,No Active Loan,Medium,34.7,17.44,LOW,Every 60 Days,60,Occasional Offer
30,services,married,secondary,no,292,yes,yes,cellular,15,apr,651,4,-1,0,unknown,no,C00338,Low Money,15009.0,6004.0,12,1501.0,2251.0,6754.0,8,Regular,Medium,33.89,17.02,LOW,Every 60 Days,60,Occasional Offer
55,technician,divorced,secondary,yes,284,yes,no,cellular,7,aug,78,2,-1,0,unknown,no,C00339,Low Money,17509.0,7004.0,6,1751.0,2626.0,7879.0,4,No Active Loan,Low,32.28,16.21,LOW,Every 60 Days,60,Occasional Offer
32,management,single,tertiary,no,311,no,no,unknown,12,may,757,2,-1,0,unknown,yes,C00340,Low Money,15209.0,6084.0,6,1521.0,2281.0,6844.0,4,No Active Loan,Low,32.28,16.22,LOW,Every 60 Days,60,Occasional Offer
41,technician,married,secondary,no,978,no,no,cellular,29,jul,55,2,-1,0,unknown,no,C00341,Low Money,16129.0,6452.0,6,1613.0,2419.0,7258.0,4,No Active Loan,Low,32.28,16.38,LOW,Every 60 Days,60,Occasional Offer
41,blue-collar,single,primary,no,1618,yes,no,unknown,14,may,1553,1,-1,0,unknown,yes,C00342,Low Money,16149.0,6460.0,5,1615.0,2422.0,7267.0,4,No Active Loan,Low,35.34,18.07,LOW,Every 60 Days,60,Occasional Offer
51,blue-collar,married,primary,no,0,no,no,unknown,8,may,384,1,-1,0,unknown,no,C00343,Low Money,17100.0,6840.0,5,1710.0,2565.0,7695.0,4,No Active Loan,Low,35.34,17.67,LOW,Every 60 Days,60,Occasional Offer
34,admin.,married,secondary,no,384,yes,no,cellular,14,may,551,2,-1,0,unknown,no,C00344,Low Money,15412.0,6165.0,6,1541.0,2312.0,6935.0,4,No Active Loan,Low,32.28,16.23,LOW,Every 60 Days,60,Occasional Offer
34,technician,single,tertiary,no,2658,yes,no,cellular,31,mar,265,1,230,2,failure,no,C00345,Low Money,15480.0,6192.0,5,1548.0,2322.0,6966.0,4,No Active Loan,Low,35.34,18.32,LOW,Every 60 Days,60,Occasional Offer
29,technician,single,secondary,no,1612,yes,no,unknown,26,may,375,2,-1,0,unknown,no,C00346,Low Money,14948.0,5979.0,6,1495.0,2242.0,6727.0,4,No Active Loan,Low,32.28,16.54,LOW,Every 60 Days,60,Occasional Offer
25,blue-collar,single,secondary,no,189,no,yes,cellular,8,jul,687,2,-1,0,unknown,yes,C00347,Low Money,14506.0,5802.0,6,1451.0,2176.0,6528.0,4,Regular,Low,32.28,16.19,LOW,Every 60 Days,60,Occasional Offer
52,blue-collar,married,secondary,no,2230,no,no,cellular,29,oct,423,3,-1,0,unknown,yes,C00348,Low Money,17267.0,6907.0,9,1727.0,2590.0,7770.0,6,No Active Loan,Low,33.09,17.09,LOW,Every 60 Days,60,Occasional Offer
37,management,divorced,tertiary,no,122,yes,no,unknown,19,may,1622,2,-1,0,unknown,yes,C00349,Low Money,15704.0,6282.0,6,1570.0,2356.0,7066.0,4,No Active Loan,Low,32.28,16.17,LOW,Every 60 Days,60,Occasional Offer
49,management,married,secondary,no,1601,no,no,cellular,29,jul,47,5,-1,0,unknown,no,C00350,Low Money,16948.0,6779.0,15,1695.0,2542.0,7627.0,10,No Active Loan,Medium,34.7,17.74,LOW,Every 60 Days,60,Occasional Offer
31,technician,single,secondary,no,253,no,no,cellular,13,jan,262,1,-1,0,unknown,no,C00351,Low Money,15108.0,6043.0,5,1511.0,2266.0,6799.0,4,No Active Loan,Low,35.34,17.73,LOW,Every 60 Days,60,Occasional Offer
42,management,married,tertiary,no,9916,yes,no,cellular,21,nov,306,1,-1,0,unknown,no,C00352,Low Money,16497.0,6599.0,5,1650.0,2475.0,7423.0,4,No Active Loan,Low,35.34,20.11,LOW,Every 60 Days,60,Occasional Offer
56,blue-collar,divorced,primary,no,-9,yes,yes,cellular,8,may,728,1,-1,0,unknown,yes,C00353,Low Money,17600.0,7040.0,5,1760.0,2640.0,7920.0,4,Regular,Low,35.34,17.67,LOW,Every 60 Days,60,Occasional Offer
44,management,single,tertiary,no,5063,no,no,cellular,27,oct,418,2,-1,0,unknown,yes,C00354,Low Money,16552.0,6621.0,6,1655.0,2483.0,7448.0,4,No Active Loan,Low,32.28,17.39,LOW,Every 60 Days,60,Occasional Offer
35,services,divorced,secondary,no,-504,no,no,cellular,10,jul,228,1,-1,0,unknown,no,C00355,Low Money,15500.0,6200.0,5,1550.0,2325.0,6975.0,4,No Active Loan,Low,35.34,17.67,LOW,Every 60 Days,60,Occasional Offer
46,management,married,tertiary,no,7331,no,no,cellular,11,sep,658,4,95,2,other,yes,C00356,Low Money,16820.0,6728.0,14,1682.0,2523.0,7569.0,10,No Active Loan,Medium,35.62,19.62,LOW,Every 60 Days,60,Occasional Offer
25,blue-collar,single,secondary,no,2007,no,no,cellular,12,jan,265,2,-1,0,unknown,yes,C00357,Low Money,14560.0,5824.0,6,1456.0,2184.0,6552.0,4,No Active Loan,Low,32.28,16.63,LOW,Every 60 Days,60,Occasional Offer
56,technician,married,secondary,no,1938,no,yes,cellular,26,feb,229,1,192,4,success,yes,C00358,Low Money,17658.0,7063.0,7,1766.0,2649.0,7946.0,5,Regular,Low,33.74,17.35,LOW,Every 60 Days,60,Occasional Offer
58,blue-collar,married,primary,no,73,no,no,unknown,17,jun,116,1,-1,0,unknown,no,C00359,Low Money,17802.0,7121.0,5,1780.0,2670.0,8011.0,4,No Active Loan,Low,35.34,17.69,LOW,Every 60 Days,60,Occasional Offer
41,entrepreneur,single,secondary,no,663,no,no,cellular,24,jul,1204,1,-1,0,unknown,yes,C00360,Low Money,16120.0,6448.0,5,1612.0,2418.0,7254.0,4,No Active Loan,Low,35.34,17.83,LOW,Every 60 Days,60,Occasional Offer
26,technician,single,secondary,no,181,no,no,cellular,20,apr,158,2,-1,0,unknown,yes,C00361,Low Money,14605.0,5842.0,6,1460.0,2191.0,6572.0,4,No Active Loan,Low,32.28,16.18,LOW,Every 60 Days,60,Occasional Offer
32,technician,single,secondary,no,1279,yes,no,unknown,3,jun,1173,3,-1,0,unknown,yes,C00362,Low Money,15238.0,6095.0,9,1524.0,2286.0,6857.0,6,No Active Loan,Low,33.09,16.86,LOW,Every 60 Days,60,Occasional Offer
34,technician,single,secondary,no,1279,yes,no,cellular,22,jul,174,2,160,8,other,yes,C00363,Low Money,15438.0,6175.0,14,1544.0,2316.0,6947.0,10,No Active Loan,Medium,35.62,18.13,LOW,Every 60 Days,60,Occasional Offer
41,technician,married,secondary,no,2990,yes,no,unknown,30,may,62,3,-1,0,unknown,no,C00364,Low Money,16190.0,6476.0,9,1619.0,2428.0,7286.0,6,No Active Loan,Low,33.09,17.28,LOW,Every 60 Days,60,Occasional Offer
38,services,married,tertiary,no,1018,no,no,unknown,16,jun,325,3,-1,0,unknown,no,C00365,Low Money,15831.0,6332.0,9,1583.0,2375.0,7124.0,6,No Active Loan,Low,33.09,16.8,LOW,Every 60 Days,60,Occasional Offer
54,admin.,married,unknown,no,140,no,no,telephone,27,apr,473,2,182,2,failure,yes,C00366,Low Money,17404.0,6962.0,8,1740.0,2611.0,7831.0,6,No Active Loan,Low,34.9,17.48,LOW,Every 60 Days,60,Occasional Offer
57,management,married,primary,no,6900,no,no,cellular,23,oct,255,4,185,2,failure,yes,C00367,Low Money,17907.0,7163.0,14,1791.0,2686.0,8058.0,10,No Active Loan,Medium,35.62,19.51,LOW,Every 60 Days,60,Occasional Offer
64,management,married,tertiary,no,5112,no,no,telephone,19,oct,898,7,137,11,other,yes,C00368,Low Money,18553.0,7421.0,20,1855.0,2783.0,8349.0,14,No Active Loan,Medium,36.88,19.7,LOW,Every 60 Days,60,Occasional Offer
57,unemployed,married,primary,no,0,yes,no,cellular,20,nov,231,2,-1,0,unknown,no,C00369,Low Money,17700.0,7080.0,6,1770.0,2655.0,7965.0,4,No Active Loan,Low,32.28,16.14,LOW,Every 60 Days,60,Occasional Offer
56,blue-collar,married,primary,no,826,yes,no,cellular,21,jul,853,1,-1,0,unknown,no,C00370,Low Money,17625.0,7050.0,5,1762.0,2644.0,7931.0,4,No Active Loan,Low,35.34,17.87,LOW,Every 60 Days,60,Occasional Offer
44,entrepreneur,married,secondary,no,860,yes,yes,cellular,6,may,96,2,295,5,failure,no,C00371,Low Money,16426.0,6570.0,11,1643.0,2464.0,7392.0,8,Regular,Medium,35.14,17.78,LOW,Every 60 Days,60,Occasional Offer
32,self-employed,married,primary,no,286,yes,no,cellular,6,aug,175,1,-1,0,unknown,no,C00372,Low Money,15209.0,6084.0,5,1521.0,2281.0,6844.0,4,No Active Loan,Low,35.35,17.75,LOW,Every 60 Days,60,Occasional Offer
22,services,single,secondary,no,129,no,no,cellular,15,apr,218,2,181,1,success,yes,C00373,Low Money,14204.0,5682.0,7,1420.0,2131.0,6391.0,5,No Active Loan,Low,33.74,16.9,LOW,Every 60 Days,60,Occasional Offer
32,blue-collar,single,secondary,no,413,yes,no,cellular,19,nov,270,1,-1,0,unknown,no,C00374,Low Money,15212.0,6085.0,5,1521.0,2282.0,6845.0,4,No Active Loan,Low,35.34,17.77,LOW,Every 60 Days,60,Occasional Offer
46,management,divorced,secondary,no,361,yes,no,unknown,19,may,86,7,-1,0,unknown,no,C00375,Low Money,16611.0,6644.0,20,1661.0,2492.0,7475.0,14,No Active Loan,Medium,36.88,18.53,LOW,Every 60 Days,60,Occasional Offer
26,services,single,secondary,no,110,no,no,cellular,30,jan,1136,2,-1,0,unknown,yes,C00376,Low Money,14603.0,5841.0,6,1460.0,2190.0,6572.0,4,No Active Loan,Low,32.28,16.17,LOW,Every 60 Days,60,Occasional Offer
56,admin.,married,secondary,no,602,no,no,cellular,14,jun,458,1,130,8,success,yes,C00377,Low Money,17618.0,7047.0,11,1762.0,2643.0,7928.0,8,No Active Loan,Medium,35.14,17.72,LOW,Every 60 Days,60,Occasional Offer
40,management,married,tertiary,no,0,no,no,cellular,14,jul,109,8,-1,0,unknown,no,C00378,Low Money,16000.0,6400.0,20,1600.0,2400.0,7200.0,14,No Active Loan,Medium,36.88,18.44,LOW,Every 60 Days,60,Occasional Offer
30,management,single,tertiary,no,533,no,no,cellular,11,aug,229,2,99,4,success,yes,C00379,Low Money,15016.0,6006.0,10,1502.0,2252.0,6758.0,7,No Active Loan,Low,34.19,17.23,LOW,Every 60 Days,60,Occasional Offer
73,retired,married,primary,no,542,no,no,telephone,29,apr,107,5,-1,0,unknown,no,C00380,Low Money,19316.0,7726.0,15,1932.0,2897.0,8693.0,10,No Active Loan,Medium,34.7,17.48,LOW,Every 60 Days,60,Occasional Offer
44,admin.,married,secondary,no,1696,no,no,unknown,16,jun,139,3,-1,0,unknown,no,C00381,Low Money,16451.0,6580.0,9,1645.0,2468.0,7403.0,6,No Active Loan,Low,33.09,16.96,LOW,Every 60 Days,60,Occasional Offer
49,admin.,married,secondary,no,3608,yes,no,cellular,30,apr,252,1,168,1,success,yes,C00382,Low Money,17008.0,6803.0,5,1701.0,2551.0,7654.0,4,No Active Loan,Low,35.34,18.56,LOW,Every 60 Days,60,Occasional Offer
34,management,married,tertiary,no,250,no,no,cellular,9,dec,787,1,188,8,other,no,C00383,Low Money,15408.0,6163.0,11,1541.0,2311.0,6934.0,8,No Active Loan,Medium,35.14,17.63,LOW,Every 60 Days,60,Occasional Offer
39,technician,divorced,tertiary,yes,3,no,no,cellular,6,may,488,1,-1,0,unknown,yes,C00384,Low Money,15900.0,6360.0,5,1590.0,2385.0,7155.0,4,No Active Loan,Low,35.34,17.67,LOW,Every 60 Days,60,Occasional Offer
41,blue-collar,married,primary,no,512,yes,no,unknown,6,may,233,2,-1,0,unknown,no,C00385,Low Money,16115.0,6446.0,6,1612.0,2417.0,7252.0,4,No Active Loan,Low,32.28,16.27,LOW,Every 60 Days,60,Occasional Offer
40,blue-collar,married,secondary,no,1808,yes,no,cellular,12,may,560,1,-1,0,unknown,yes,C00386,Low Money,16054.0,6422.0,5,1605.0,2408.0,7224.0,4,No Active Loan,Low,35.34,18.12,LOW,Every 60 Days,60,Occasional Offer
49,blue-collar,married,primary,no,399,no,no,cellular,29,jan,679,1,-1,0,unknown,no,C00387,Low Money,16912.0,6765.0,5,1691.0,2537.0,7610.0,4,No Active Loan,Low,35.34,17.77,LOW,Every 60 Days,60,Occasional Offer
30,admin.,single,secondary,no,255,no,no,cellular,27,jan,143,1,-1,0,unknown,yes,C00388,Low Money,15008.0,6003.0,5,1501.0,2251.0,6754.0,4,No Active Loan,Low,35.34,17.73,LOW,Every 60 Days,60,Occasional Offer
51,admin.,single,secondary,no,895,no,no,cellular,23,jul,638,2,-1,0,unknown,yes,C00389,Low Money,17127.0,6851.0,6,1713.0,2569.0,7707.0,4,No Active Loan,Low,32.28,16.36,LOW,Every 60 Days,60,Occasional Offer
24,self-employed,single,tertiary,no,2376,no,no,cellular,27,apr,122,1,-1,0,unknown,yes,C00390,Low Money,14471.0,5788.0,5,1447.0,2171.0,6512.0,4,No Active Loan,Low,35.34,18.26,LOW,Every 60 Days,60,Occasional Offer
37,management,married,primary,no,4721,no,no,telephone,28,jan,46,1,-1,0,unknown,no,C00391,Low Money,15842.0,6337.0,5,1584.0,2376.0,7129.0,4,No Active Loan,Low,35.34,18.83,LOW,Every 60 Days,60,Occasional Offer
32,management,single,tertiary,no,537,no,no,unknown,29,may,187,3,-1,0,unknown,no,C00392,Low Money,15216.0,6086.0,9,1522.0,2282.0,6848.0,6,No Active Loan,Low,33.09,16.68,LOW,Every 60 Days,60,Occasional Offer
40,housemaid,married,secondary,no,949,no,no,cellular,8,aug,182,1,-1,0,unknown,no,C00393,Low Money,16028.0,6411.0,5,1603.0,2404.0,7213.0,4,No Active Loan,Low,35.34,17.9,LOW,Every 60 Days,60,Occasional Offer
29,student,single,tertiary,no,5,no,no,cellular,15,jul,889,5,-1,0,unknown,yes,C00394,Low Money,14900.0,5960.0,15,1490.0,2235.0,6705.0,10,No Active Loan,Medium,34.7,17.35,LOW,Every 60 Days,60,Occasional Offer
40,blue-collar,married,primary,no,0,no,no,cellular,24,jul,313,1,-1,0,unknown,no,C00395,Low Money,16000.0,6400.0,5,1600.0,2400.0,7200.0,4,No Active Loan,Low,35.34,17.67,LOW,Every 60 Days,60,Occasional Offer
58,retired,married,secondary,no,255,no,no,unknown,28,may,362,3,-1,0,unknown,no,C00396,Low Money,17808.0,7123.0,9,1781.0,2671.0,8014.0,6,No Active Loan,Low,33.09,16.61,LOW,Every 60 Days,60,Occasional Offer
48,services,married,secondary,no,2597,yes,no,cellular,6,may,182,2,355,1,failure,no,C00397,Low Money,16878.0,6751.0,7,1688.0,2532.0,7595.0,5,No Active Loan,Low,33.74,17.51,LOW,Every 60 Days,60,Occasional Offer
39,technician,single,secondary,no,4646,yes,no,cellular,18,nov,486,1,-1,0,unknown,yes,C00398,Low Money,16039.0,6416.0,5,1604.0,2406.0,7217.0,4,No Active Loan,Low,35.34,18.81,LOW,Every 60 Days,60,Occasional Offer
33,technician,married,secondary,no,348,yes,no,cellular,7,may,263,2,294,1,success,no,C00399,Low Money,15310.0,6124.0,7,1531.0,2296.0,6890.0,5,No Active Loan,Low,33.74,16.96,LOW,Every 60 Days,60,Occasional Offer
42,technician,single,secondary,no,0,yes,no,unknown,6,may,293,1,-1,0,unknown,no,C00400,Low Money,16200.0,6480.0,5,1620.0,2430.0,7290.0,4,No Active Loan,Low,35.34,17.67,LOW,Every 60 Days,60,Occasional Offer
32,blue-collar,single,secondary,no,118,yes,no,cellular,17,jul,1275,1,-1,0,unknown,yes,C00401,Low Money,15204.0,6082.0,5,1520.0,2281.0,6841.0,4,No Active Loan,Low,35.34,17.7,LOW,Every 60 Days,60,Occasional Offer
44,blue-collar,married,secondary,no,776,yes,no,unknown,29,may,306,1,-1,0,unknown,no,C00402,Low Money,16423.0,6569.0,5,1642.0,2463.0,7391.0,4,No Active Loan,Low,35.34,17.86,LOW,Every 60 Days,60,Occasional Offer
29,management,single,tertiary,no,2753,no,no,cellular,30,apr,645,1,-1,0,unknown,yes,C00403,Low Money,14983.0,5993.0,5,1498.0,2247.0,6743.0,4,No Active Loan,Low,35.34,18.35,LOW,Every 60 Days,60,Occasional Offer
49,technician,divorced,secondary,no,5,no,no,cellular,19,aug,131,2,-1,0,unknown,no,C00404,Low Money,16900.0,6760.0,6,1690.0,2535.0,7605.0,4,No Active Loan,Low,32.28,16.14,LOW,Every 60 Days,60,Occasional Offer
23,student,single,secondary,no,107,no,no,cellular,14,oct,84,1,183,1,success,yes,C00405,Low Money,14303.0,5721.0,5,1430.0,2145.0,6437.0,4,No Active Loan,Low,35.34,17.7,LOW,Every 60 Days,60,Occasional Offer
36,services,married,secondary,no,394,no,no,cellular,5,aug,324,1,-1,0,unknown,yes,C00406,Low Money,15612.0,6245.0,5,1561.0,2342.0,7025.0,4,No Active Loan,Low,35.34,17.77,LOW,Every 60 Days,60,Occasional Offer
46,self-employed,married,secondary,no,548,no,no,cellular,12,aug,1181,4,-1,0,unknown,yes,C00407,Low Money,16616.0,6646.0,12,1662.0,2492.0,7478.0,8,No Active Loan,Medium,33.89,17.08,LOW,Every 60 Days,60,Occasional Offer
32,management,single,tertiary,no,1882,no,no,cellular,25,aug,497,5,-1,0,unknown,yes,C00408,Low Money,15256.0,6102.0,15,1526.0,2288.0,6866.0,10,No Active Loan,Medium,34.7,17.81,LOW,Every 60 Days,60,Occasional Offer
41,self-employed,married,secondary,no,3123,yes,no,cellular,3,apr,1203,2,135,2,failure,yes,C00409,Low Money,16194.0,6478.0,8,1619.0,2429.0,7287.0,6,No Active Loan,Low,34.9,18.22,LOW,Every 60 Days,60,Occasional Offer
22,student,single,secondary,no,216,no,no,cellular,6,aug,178,1,179,2,success,yes,C00410,Low Money,14206.0,5682.0,5,1421.0,2131.0,6393.0,4,No Active Loan,Low,35.34,17.72,LOW,Every 60 Days,60,Occasional Offer
75,retired,married,tertiary,no,6027,no,no,cellular,16,nov,1248,2,94,2,failure,yes,C00411,Low Money,19681.0,7872.0,8,1968.0,2952.0,8857.0,6,No Active Loan,Low,34.9,18.93,LOW,Every 60 Days,60,Occasional Offer
34,admin.,divorced,secondary,no,661,yes,no,cellular,5,aug,245,2,183,10,failure,yes,C00412,Low Money,15420.0,6168.0,16,1542.0,2313.0,6939.0,11,No Active Loan,Medium,35.49,17.91,LOW,Every 60 Days,60,Occasional Offer
29,technician,married,secondary,no,1180,yes,no,cellular,17,apr,367,3,323,3,failure,yes,C00413,Low Money,14935.0,5974.0,12,1494.0,2240.0,6721.0,8,No Active Loan,Medium,33.89,17.24,LOW,Every 60 Days,60,Occasional Offer
47,admin.,divorced,secondary,no,295,yes,no,unknown,6,jun,94,2,-1,0,unknown,yes,C00414,Low Money,16709.0,6684.0,6,1671.0,2506.0,7519.0,4,No Active Loan,Low,32.28,16.21,LOW,Every 60 Days,60,Occasional Offer
38,blue-collar,married,primary,no,178,yes,no,unknown,20,may,245,1,-1,0,unknown,no,C00415,Low Money,15805.0,6322.0,5,1580.0,2371.0,7112.0,4,No Active Loan,Low,35.34,17.71,LOW,Every 60 Days,60,Occasional Offer
42,unemployed,married,secondary,no,1289,no,no,cellular,15,oct,1176,3,92,6,success,yes,C00416,Low Money,16239.0,6496.0,15,1624.0,2436.0,7307.0,10,No Active Loan,Medium,34.7,17.67,LOW,Every 60 Days,60,Occasional Offer
21,blue-collar,single,secondary,no,2265,no,no,cellular,17,feb,92,2,-1,0,unknown,yes,C00417,Low Money,14168.0,5667.0,6,1417.0,2125.0,6376.0,4,No Active Loan,Low,32.28,16.7,LOW,Every 60 Days,60,Occasional Offer
36,services,married,secondary,no,380,yes,no,unknown,20,may,26,1,-1,0,unknown,no,C00418,Low Money,15611.0,6244.0,5,1561.0,2342.0,7025.0,4,No Active Loan,Low,35.34,17.76,LOW,Every 60 Days,60,Occasional Offer
29,self-employed,single,tertiary,no,476,yes,no,cellular,18,may,427,1,-1,0,unknown,yes,C00419,Low Money,14914.0,5966.0,5,1491.0,2237.0,6711.0,4,No Active Loan,Low,35.34,17.79,LOW,Every 60 Days,60,Occasional Offer
39,technician,married,tertiary,no,94,no,no,cellular,7,aug,70,2,-1,0,unknown,no,C00420,Low Money,15903.0,6361.0,6,1590.0,2385.0,7157.0,4,No Active Loan,Low,32.28,16.16,LOW,Every 60 Days,60,Occasional Offer
50,management,single,tertiary,no,3537,no,no,unknown,24,oct,305,1,-1,0,unknown,yes,C00421,Low Money,17106.0,6842.0,5,1711.0,2566.0,7698.0,4,No Active Loan,Low,35.34,18.54,LOW,Every 60 Days,60,Occasional Offer
58,services,married,secondary,no,818,no,no,cellular,22,aug,283,1,-1,0,unknown,no,C00422,Low Money,17825.0,7130.0,5,1782.0,2674.0,8021.0,4,No Active Loan,Low,35.34,17.87,LOW,Every 60 Days,60,Occasional Offer
48,admin.,married,secondary,no,156,no,no,cellular,4,aug,291,1,-1,0,unknown,yes,C00423,Low Money,16805.0,6722.0,5,1680.0,2521.0,7562.0,4,No Active Loan,Low,35.34,17.71,LOW,Every 60 Days,60,Occasional Offer
24,technician,single,secondary,no,135,yes,yes,cellular,18,may,250,1,-1,0,unknown,no,C00424,Low Money,14404.0,5762.0,5,1440.0,2161.0,6481.0,4,Regular,Low,35.34,17.7,LOW,Every 60 Days,60,Occasional Offer
40,admin.,married,secondary,no,0,yes,no,cellular,3,feb,561,1,201,1,failure,no,C00425,Low Money,16000.0,6400.0,5,1600.0,2400.0,7200.0,4,No Active Loan,Low,35.34,17.67,LOW,Every 60 Days,60,Occasional Offer
55,management,divorced,tertiary,no,9756,yes,no,cellular,5,jun,103,2,95,1,other,yes,C00426,Low Money,17793.0,7117.0,7,1779.0,2669.0,8007.0,5,No Active Loan,Low,33.74,19.27,LOW,Every 60 Days,60,Occasional Offer
80,retired,married,primary,no,1021,no,no,telephone,26,feb,37,1,-1,0,unknown,no,C00427,Low Money,20031.0,8012.0,5,2003.0,3005.0,9014.0,4,No Active Loan,Low,35.34,17.92,LOW,Every 60 Days,60,Occasional Offer
51,technician,married,secondary,no,337,yes,no,cellular,20,aug,687,4,-1,0,unknown,no,C00428,Low Money,17110.0,6844.0,12,1711.0,2566.0,7700.0,8,No Active Loan,Medium,33.89,17.03,LOW,Every 60 Days,60,Occasional Offer
54,technician,married,secondary,no,-315,no,yes,cellular,10,jul,2029,1,-1,0,unknown,yes,C00429,Low Money,17400.0,6960.0,5,1740.0,2610.0,7830.0,4,Regular,Low,35.34,17.67,LOW,Every 60 Days,60,Occasional Offer
43,management,married,tertiary,no,1379,yes,no,unknown,27,may,383,3,-1,0,unknown,no,C00430,Low Money,16341.0,6536.0,9,1634.0,2451.0,7354.0,6,No Active Loan,Low,33.09,16.88,LOW,Every 60 Days,60,Occasional Offer
31,admin.,single,secondary,no,410,no,no,cellular,23,apr,342,1,-1,0,unknown,yes,C00431,Low Money,15112.0,6045.0,5,1511.0,2267.0,6800.0,4,No Active Loan,Low,35.34,17.77,LOW,Every 60 Days,60,Occasional Offer
31,admin.,married,secondary,no,728,yes,yes,cellular,15,may,152,1,352,4,failure,no,C00432,Low Money,15122.0,6049.0,7,1512.0,2268.0,6805.0,5,Regular,Low,33.74,17.05,LOW,Every 60 Days,60,Occasional Offer
36,management,single,tertiary,no,1373,yes,no,unknown,20,may,144,2,-1,0,unknown,no,C00433,Low Money,15641.0,6256.0,6,1564.0,2346.0,7039.0,4,No Active Loan,Low,32.28,16.48,LOW,Every 60 Days,60,Occasional Offer
37,technician,married,secondary,no,5115,yes,no,cellular,17,nov,1210,2,171,4,failure,yes,C00434,Low Money,15853.0,6341.0,10,1585.0,2378.0,7134.0,7,No Active Loan,Low,34.19,18.35,LOW,Every 60 Days,60,Occasional Offer
35,management,married,tertiary,no,802,yes,no,cellular,6,may,686,2,-1,0,unknown,yes,C00435,Low Money,15524.0,6210.0,6,1552.0,2329.0,6985.0,4,No Active Loan,Low,32.28,16.34,LOW,Every 60 Days,60,Occasional Offer
81,retired,married,primary,no,243,no,no,cellular,27,jan,340,1,92,1,success,yes,C00436,Low Money,20107.0,8043.0,5,2011.0,3016.0,9048.0,4,No Active Loan,Low,35.34,17.73,LOW,Every 60 Days,60,Occasional Offer
32,admin.,divorced,secondary,no,-241,no,yes,unknown,27,jun,856,2,-1,0,unknown,yes,C00437,Low Money,15200.0,6080.0,6,1520.0,2280.0,6840.0,4,Regular,Low,32.28,16.14,LOW,Every 60 Days,60,Occasional Offer
52,unknown,married,unknown,no,5361,no,no,cellular,5,aug,607,3,-1,0,unknown,yes,C00438,Low Money,17361.0,6944.0,9,1736.0,2604.0,7813.0,6,No Active Loan,Low,33.09,17.87,LOW,Every 60 Days,60,Occasional Offer
24,technician,married,secondary,no,556,yes,no,cellular,18,aug,460,2,-1,0,unknown,yes,C00439,Low Money,14417.0,5767.0,6,1442.0,2163.0,6487.0,4,No Active Loan,Low,32.28,16.28,LOW,Every 60 Days,60,Occasional Offer
58,management,married,tertiary,no,256,no,no,cellular,10,dec,422,1,188,3,success,yes,C00440,Low Money,17808.0,7123.0,6,1781.0,2671.0,8014.0,4,No Active Loan,Low,32.28,16.2,LOW,Every 60 Days,60,Occasional Offer
48,technician,married,secondary,no,335,no,no,unknown,17,jun,214,3,-1,0,unknown,no,C00441,Low Money,16810.0,6724.0,9,1681.0,2522.0,7564.0,6,No Active Loan,Low,33.09,16.63,LOW,Every 60 Days,60,Occasional Offer
30,technician,single,secondary,no,175,no,no,cellular,25,aug,167,4,-1,0,unknown,no,C00442,Low Money,15005.0,6002.0,12,1500.0,2251.0,6752.0,8,No Active Loan,Medium,33.89,16.99,LOW,Every 60 Days,60,Occasional Offer
38,admin.,divorced,secondary,no,19,yes,no,cellular,5,feb,1130,3,251,2,success,yes,C00443,Low Money,15801.0,6320.0,11,1580.0,2370.0,7111.0,8,No Active Loan,Medium,35.14,17.57,LOW,Every 60 Days,60,Occasional Offer
47,technician,married,tertiary,no,545,yes,no,cellular,12,aug,588,3,-1,0,unknown,no,C00444,Low Money,16716.0,6686.0,9,1672.0,2507.0,7523.0,6,No Active Loan,Low,33.09,16.68,LOW,Every 60 Days,60,Occasional Offer
53,blue-collar,married,secondary,no,21522,no,no,unknown,24,jun,146,4,-1,0,unknown,no,C00445,Low Money,17946.0,7178.0,12,1795.0,2692.0,8076.0,8,No Active Loan,Medium,33.89,22.25,LOW,Every 60 Days,60,Occasional Offer
49,technician,divorced,tertiary,no,596,yes,no,telephone,15,sep,722,1,-1,0,unknown,yes,C00446,Low Money,16918.0,6767.0,5,1692.0,2538.0,7613.0,4,No Active Loan,Low,35.34,17.82,LOW,Every 60 Days,60,Occasional Offer
47,technician,married,secondary,no,0,yes,no,cellular,25,may,234,1,-1,0,unknown,no,C00447,Low Money,16700.0,6680.0,5,1670.0,2505.0,7515.0,4,No Active Loan,Low,35.34,17.67,LOW,Every 60 Days,60,Occasional Offer
63,retired,married,primary,no,12067,no,no,telephone,29,apr,660,1,191,1,failure,yes,C00448,Low Money,18662.0,7465.0,5,1866.0,2799.0,8398.0,4,No Active Loan,Low,35.34,20.64,LOW,Every 60 Days,60,Occasional Offer
59,admin.,married,secondary,no,3735,no,no,cellular,17,jun,243,3,91,6,success,yes,C00449,Low Money,18012.0,7205.0,15,1801.0,2702.0,8105.0,10,No Active Loan,Medium,34.7,18.27,LOW,Every 60 Days,60,Occasional Offer
62,management,married,tertiary,no,557,no,no,cellular,14,aug,185,1,-1,0,unknown,yes,C00450,Low Money,18217.0,7287.0,5,1822.0,2733.0,8197.0,4,No Active Loan,Low,35.34,17.81,LOW,Every 60 Days,60,Occasional Offer
28,admin.,single,secondary,no,1076,yes,no,unknown,2,jun,537,5,-1,0,unknown,no,C00451,Low Money,14832.0,5933.0,15,1483.0,2225.0,6674.0,10,No Active Loan,Medium,34.7,17.62,LOW,Every 60 Days,60,Occasional Offer
42,technician,married,tertiary,no,757,no,no,cellular,30,apr,354,1,79,1,success,yes,C00452,Low Money,16223.0,6489.0,5,1622.0,2433.0,7301.0,4,No Active Loan,Low,35.34,17.86,LOW,Every 60 Days,60,Occasional Offer
57,management,married,tertiary,no,5,yes,no,cellular,8,jul,96,1,-1,0,unknown,no,C00453,Low Money,17700.0,7080.0,5,1770.0,2655.0,7965.0,4,No Active Loan,Low,35.34,17.67,LOW,Every 60 Days,60,Occasional Offer
30,admin.,married,secondary,no,1310,no,no,telephone,27,oct,3284,1,-1,0,unknown,no,C00454,Low Money,15039.0,6016.0,5,1504.0,2256.0,6767.0,4,No Active Loan,Low,35.35,18.0,LOW,Every 60 Days,60,Occasional Offer
47,unemployed,single,tertiary,no,2500,no,no,cellular,30,jan,240,1,-1,0,unknown,no,C00455,Low Money,16775.0,6710.0,5,1678.0,2516.0,7549.0,4,No Active Loan,Low,35.34,18.29,LOW,Every 60 Days,60,Occasional Offer
55,entrepreneur,married,tertiary,no,323,yes,yes,cellular,13,may,200,1,-1,0,unknown,no,C00456,Low Money,17510.0,7004.0,5,1751.0,2626.0,7880.0,4,Regular,Low,35.34,17.75,LOW,Every 60 Days,60,Occasional Offer
47,technician,divorced,tertiary,no,694,yes,no,cellular,11,may,1001,4,-1,0,unknown,no,C00457,Low Money,16721.0,6688.0,12,1672.0,2508.0,7525.0,8,No Active Loan,Medium,33.89,17.12,LOW,Every 60 Days,60,Occasional Offer
30,management,single,tertiary,no,5359,no,no,cellular,27,may,119,1,98,1,success,yes,C00458,Low Money,15161.0,6064.0,5,1516.0,2274.0,6823.0,4,No Active Loan,Low,35.34,18.99,LOW,Every 60 Days,60,Occasional Offer
32,blue-collar,married,primary,no,634,no,no,cellular,29,jan,696,1,-1,0,unknown,yes,C00459,Low Money,15219.0,6088.0,5,1522.0,2283.0,6848.0,4,No Active Loan,Low,35.35,17.83,LOW,Every 60 Days,60,Occasional Offer
50,housemaid,married,secondary,no,388,no,no,cellular,11,mar,203,2,-1,0,unknown,yes,C00460,Low Money,17012.0,6805.0,6,1701.0,2552.0,7655.0,4,No Active Loan,Low,32.28,16.24,LOW,Every 60 Days,60,Occasional Offer
33,blue-collar,single,secondary,no,1794,yes,no,cellular,12,may,360,1,173,1,other,no,C00461,Low Money,15354.0,6142.0,5,1535.0,2303.0,6909.0,4,No Active Loan,Low,35.34,18.11,LOW,Every 60 Days,60,Occasional Offer
35,technician,married,tertiary,no,25,no,no,cellular,27,aug,219,2,-1,0,unknown,no,C00462,Low Money,15501.0,6200.0,6,1550.0,2325.0,6976.0,4,No Active Loan,Low,32.28,16.15,LOW,Every 60 Days,60,Occasional Offer
50,blue-collar,married,primary,no,280,yes,no,unknown,18,jun,61,23,-1,0,unknown,no,C00463,Low Money,17008.0,6803.0,20,1701.0,2551.0,7654.0,14,No Active Loan,Medium,36.88,18.51,LOW,Every 60 Days,60,Occasional Offer
33,technician,married,secondary,no,390,no,no,cellular,13,aug,460,2,-1,0,unknown,no,C00464,Low Money,15312.0,6125.0,6,1531.0,2297.0,6890.0,4,No Active Loan,Low,32.28,16.24,LOW,Every 60 Days,60,Occasional Offer
27,management,single,tertiary,no,107,no,no,cellular,18,oct,767,3,-1,0,unknown,yes,C00465,Low Money,14703.0,5881.0,9,1470.0,2205.0,6617.0,6,No Active Loan,Low,33.09,16.57,LOW,Every 60 Days,60,Occasional Offer
28,unemployed,single,secondary,yes,-353,yes,no,unknown,12,may,89,3,-1,0,unknown,no,C00466,Low Money,14800.0,5920.0,9,1480.0,2220.0,6660.0,6,No Active Loan,Low,33.09,16.55,LOW,Every 60 Days,60,Occasional Offer
57,technician,divorced,tertiary,no,126,no,no,telephone,4,jun,166,2,-1,0,unknown,yes,C00467,Low Money,17704.0,7082.0,6,1770.0,2656.0,7966.0,4,No Active Loan,Low,32.28,16.17,LOW,Every 60 Days,60,Occasional Offer
37,blue-collar,married,secondary,no,168,yes,no,cellular,17,apr,266,2,-1,0,unknown,no,C00468,Low Money,15705.0,6282.0,6,1570.0,2356.0,7067.0,4,No Active Loan,Low,32.28,16.18,LOW,Every 60 Days,60,Occasional Offer
29,management,single,tertiary,no,1808,no,no,cellular,7,jul,273,2,433,1,success,yes,C00469,Low Money,14954.0,5982.0,7,1495.0,2243.0,6729.0,5,No Active Loan,Low,33.74,17.32,LOW,Every 60 Days,60,Occasional Offer
31,blue-collar,married,secondary,no,1664,yes,no,cellular,7,may,603,2,17,2,failure,no,C00470,Low Money,15150.0,6060.0,8,1515.0,2272.0,6818.0,6,No Active Loan,Low,34.9,17.86,LOW,Every 60 Days,60,Occasional Offer
57,management,divorced,unknown,no,0,no,no,cellular,27,mar,102,1,-1,0,unknown,no,C00471,Low Money,17700.0,7080.0,5,1770.0,2655.0,7965.0,4,No Active Loan,Low,35.34,17.67,LOW,Every 60 Days,60,Occasional Offer
39,services,divorced,secondary,no,0,yes,no,cellular,13,apr,1006,2,-1,0,unknown,yes,C00472,Low Money,15900.0,6360.0,6,1590.0,2385.0,7155.0,4,No Active Loan,Low,32.28,16.14,LOW,Every 60 Days,60,Occasional Offer
31,management,married,tertiary,no,1343,yes,yes,unknown,21,may,85,1,-1,0,unknown,no,C00473,Low Money,15140.0,6056.0,5,1514.0,2271.0,6813.0,4,Regular,Low,35.34,18.0,LOW,Every 60 Days,60,Occasional Offer
37,self-employed,single,primary,no,235,yes,no,cellular,17,apr,191,4,323,9,failure,no,C00474,Low Money,15707.0,6283.0,20,1571.0,2356.0,7068.0,14,No Active Loan,Medium,36.88,18.5,LOW,Every 60 Days,60,Occasional Offer
37,management,single,tertiary,no,230,yes,yes,cellular,2,feb,120,2,272,1,failure,no,C00475,Low Money,15707.0,6283.0,7,1571.0,2356.0,7068.0,5,Regular,Low,33.74,16.93,LOW,Every 60 Days,60,Occasional Offer
53,unknown,married,unknown,no,0,no,no,cellular,25,aug,209,5,-1,0,unknown,no,C00476,Low Money,17300.0,6920.0,15,1730.0,2595.0,7785.0,10,No Active Loan,Medium,34.7,17.35,LOW,Every 60 Days,60,Occasional Offer
45,blue-collar,single,secondary,no,615,yes,no,cellular,15,may,133,1,-1,0,unknown,no,C00477,Low Money,16518.0,6607.0,5,1652.0,2478.0,7433.0,4,No Active Loan,Low,35.34,17.82,LOW,Every 60 Days,60,Occasional Offer
57,retired,married,primary,no,3518,yes,no,cellular,25,aug,626,3,-1,0,unknown,yes,C00478,Low Money,17806.0,7122.0,9,1781.0,2671.0,8013.0,6,No Active Loan,Low,33.09,17.41,LOW,Every 60 Days,60,Occasional Offer
36,management,married,tertiary,no,1352,no,no,unknown,19,jun,2028,1,-1,0,unknown,yes,C00479,Low Money,15641.0,6256.0,5,1564.0,2346.0,7039.0,4,No Active Loan,Low,35.34,18.0,LOW,Every 60 Days,60,Occasional Offer
29,management,married,tertiary,no,0,yes,no,telephone,15,jul,91,2,-1,0,unknown,no,C00480,Low Money,14900.0,5960.0,6,1490.0,2235.0,6705.0,4,No Active Loan,Low,32.28,16.14,LOW,Every 60 Days,60,Occasional Offer
42,management,married,primary,no,860,yes,no,unknown,15,may,90,3,-1,0,unknown,no,C00481,Low Money,16226.0,6490.0,9,1623.0,2434.0,7302.0,6,No Active Loan,Low,33.09,16.76,LOW,Every 60 Days,60,Occasional Offer
32,admin.,single,tertiary,no,328,yes,yes,unknown,26,jun,271,1,-1,0,unknown,no,C00482,Low Money,15210.0,6084.0,5,1521.0,2282.0,6844.0,4,Regular,Low,35.34,17.75,LOW,Every 60 Days,60,Occasional Offer
57,management,married,secondary,no,657,yes,no,telephone,11,may,20,5,-1,0,unknown,no,C00483,Low Money,17720.0,7088.0,15,1772.0,2658.0,7974.0,10,No Active Loan,Medium,34.7,17.51,LOW,Every 60 Days,60,Occasional Offer
34,admin.,single,secondary,no,151,yes,no,cellular,12,may,590,1,370,1,other,yes,C00484,Low Money,15405.0,6162.0,5,1540.0,2311.0,6932.0,4,No Active Loan,Low,35.34,17.71,LOW,Every 60 Days,60,Occasional Offer
56,admin.,married,secondary,no,2087,yes,no,unknown,12,may,146,1,-1,0,unknown,no,C00485,Low Money,17663.0,7065.0,5,1766.0,2649.0,7949.0,4,No Active Loan,Low,35.34,18.18,LOW,Every 60 Days,60,Occasional Offer
52,technician,single,secondary,no,436,no,yes,unknown,22,mar,95,1,-1,0,unknown,yes,C00486,Low Money,17213.0,6885.0,5,1721.0,2582.0,7746.0,4,Regular,Low,35.34,17.78,LOW,Every 60 Days,60,Occasional Offer
42,technician,married,tertiary,no,13410,no,yes,cellular,14,aug,149,2,-1,0,unknown,no,C00487,Low Money,16602.0,6641.0,6,1660.0,2490.0,7471.0,4,Regular,Low,32.28,19.44,LOW,Every 60 Days,60,Occasional Offer
40,admin.,divorced,secondary,no,2129,no,no,cellular,30,apr,452,1,-1,0,unknown,yes,C00488,Low Money,16064.0,6426.0,5,1606.0,2410.0,7228.0,4,No Active Loan,Low,35.34,18.19,LOW,Every 60 Days,60,Occasional Offer
31,student,single,secondary,no,216,no,no,cellular,3,jun,138,1,-1,0,unknown,no,C00489,Low Money,15106.0,6042.0,5,1511.0,2266.0,6798.0,4,No Active Loan,Low,35.34,17.72,LOW,Every 60 Days,60,Occasional Offer
37,management,married,tertiary,no,347,yes,no,cellular,22,jul,282,1,-1,0,unknown,no,C00490,Low Money,15710.0,6284.0,5,1571.0,2356.0,7070.0,4,No Active Loan,Low,35.34,17.76,LOW,Every 60 Days,60,Occasional Offer
38,admin.,single,secondary,no,77,no,no,cellular,20,nov,441,4,-1,0,unknown,no,C00491,Low Money,15802.0,6321.0,12,1580.0,2370.0,7111.0,8,No Active Loan,Medium,33.89,16.96,LOW,Every 60 Days,60,Occasional Offer
92,retired,married,unknown,no,775,no,no,cellular,22,oct,313,3,-1,0,unknown,yes,C00492,Low Money,21223.0,8489.0,9,2122.0,3183.0,9551.0,6,No Active Loan,Low,33.09,16.74,LOW,Every 60 Days,60,Occasional Offer
55,services,divorced,secondary,no,322,yes,no,cellular,28,jan,342,1,-1,0,unknown,no,C00493,Low Money,17510.0,7004.0,5,1751.0,2626.0,7880.0,4,No Active Loan,Low,35.34,17.75,LOW,Every 60 Days,60,Occasional Offer
29,blue-collar,married,secondary,no,940,yes,yes,cellular,15,may,382,1,-1,0,unknown,yes,C00494,Low Money,14928.0,5971.0,5,1493.0,2239.0,6718.0,4,Regular,Low,35.34,17.9,LOW,Every 60 Days,60,Occasional Offer
52,technician,divorced,secondary,no,204,no,no,cellular,7,aug,134,2,-1,0,unknown,no,C00495,Low Money,17206.0,6882.0,6,1721.0,2581.0,7743.0,4,No Active Loan,Low,32.28,16.19,LOW,Every 60 Days,60,Occasional Offer
41,unknown,single,unknown,no,942,no,no,cellular,27,oct,143,1,188,1,success,yes,C00496,Low Money,16128.0,6451.0,5,1613.0,2419.0,7258.0,4,No Active Loan,Low,35.34,17.9,LOW,Every 60 Days,60,Occasional Offer
32,services,married,secondary,no,914,no,no,cellular,15,jun,372,1,-1,0,unknown,yes,C00497,Low Money,15227.0,6091.0,5,1523.0,2284.0,6852.0,4,No Active Loan,Low,35.34,17.9,LOW,Every 60 Days,60,Occasional Offer
59,retired,married,secondary,no,1035,yes,yes,cellular,5,aug,223,1,-1,0,unknown,no,C00498,Low Money,17931.0,7172.0,5,1793.0,2690.0,8069.0,4,Regular,Low,35.34,17.92,LOW,Every 60 Days,60,Occasional Offer
50,admin.,married,secondary,no,159,yes,no,unknown,7,may,216,2,-1,0,unknown,no,C00499,Low Money,17005.0,6802.0,6,1700.0,2551.0,7652.0,4,No Active Loan,Low,32.28,16.18,LOW,Every 60 Days,60,Occasional Offer
35,admin.,married,secondary,no,725,yes,no,cellular,20,nov,219,7,133,1,failure,no,C00500,Low Money,15522.0,6209.0,20,1552.0,2328.0,6985.0,14,No Active Loan,Medium,36.88,18.62,LOW,Every 60 Days,60,Occasional Offer
50,services,married,tertiary,no,218,yes,no,unknown,9,may,388,2,-1,0,unknown,no,C00501,Low Money,17007.0,6803.0,6,1701.0,2551.0,7653.0,4,No Active Loan,Low,32.28,16.19,LOW,Every 60 Days,60,Occasional Offer
51,admin.,married,primary,no,658,yes,no,unknown,14,may,369,1,-1,0,unknown,no,C00502,Low Money,17120.0,6848.0,5,1712.0,2568.0,7704.0,4,No Active Loan,Low,35.34,17.83,LOW,Every 60 Days,60,Occasional Offer
40,retired,single,secondary,no,1734,yes,no,unknown,3,jun,123,4,-1,0,unknown,no,C00503,Low Money,16052.0,6421.0,12,1605.0,2408.0,7223.0,8,No Active Loan,Medium,33.89,17.37,LOW,Every 60 Days,60,Occasional Offer
60,services,single,primary,no,313,yes,no,unknown,15,may,920,2,-1,0,unknown,yes,C00504,Low Money,18009.0,7204.0,6,1801.0,2701.0,8104.0,4,No Active Loan,Low,32.28,16.22,LOW,Every 60 Days,60,Occasional Offer
54,blue-collar,married,primary,no,-636,yes,no,unknown,30,may,324,3,-1,0,unknown,no,C00505,Low Money,17400.0,6960.0,9,1740.0,2610.0,7830.0,6,No Active Loan,Low,33.09,16.55,LOW,Every 60 Days,60,Occasional Offer
57,technician,married,secondary,no,589,yes,no,cellular,11,aug,167,1,190,5,failure,yes,C00506,Low Money,17718.0,7087.0,8,1772.0,2658.0,7973.0,6,No Active Loan,Low,34.9,17.6,LOW,Every 60 Days,60,Occasional Offer
37,entrepreneur,married,tertiary,no,189,no,no,cellular,2,jun,253,2,-1,0,unknown,yes,C00507,Low Money,15706.0,6282.0,6,1571.0,2356.0,7068.0,4,No Active Loan,Low,32.28,16.19,LOW,Every 60 Days,60,Occasional Offer
37,services,married,secondary,no,217,yes,no,cellular,11,may,152,1,-1,0,unknown,no,C00508,Low Money,15707.0,6283.0,5,1571.0,2356.0,7068.0,4,No Active Loan,Low,35.34,17.72,LOW,Every 60 Days,60,Occasional Offer
53,management,married,tertiary,no,232,yes,no,telephone,29,jan,32,1,-1,0,unknown,no,C00509,Low Money,17307.0,6923.0,5,1731.0,2596.0,7788.0,4,No Active Loan,Low,35.34,17.73,LOW,Every 60 Days,60,Occasional Offer
25,student,single,secondary,no,108,no,no,cellular,29,apr,305,3,-1,0,unknown,yes,C00510,Low Money,14503.0,5801.0,9,1450.0,2175.0,6527.0,6,No Active Loan,Low,33.09,16.57,LOW,Every 60 Days,60,Occasional Offer
50,admin.,single,secondary,no,133,no,no,cellular,28,jul,890,4,-1,0,unknown,yes,C00511,Low Money,17004.0,6802.0,12,1700.0,2551.0,7651.0,8,No Active Loan,Medium,33.89,16.98,LOW,Every 60 Days,60,Occasional Offer
27,admin.,married,secondary,no,941,yes,no,cellular,11,jul,124,1,-1,0,unknown,no,C00512,Low Money,14728.0,5891.0,5,1473.0,2209.0,6628.0,4,No Active Loan,Low,35.34,17.9,LOW,Every 60 Days,60,Occasional Offer
38,blue-collar,divorced,primary,no,-258,yes,no,cellular,14,may,134,2,370,4,other,no,C00513,Low Money,15800.0,6320.0,10,1580.0,2370.0,7110.0,7,No Active Loan,Low,34.19,17.1,LOW,Every 60 Days,60,Occasional Offer
32,technician,single,unknown,no,491,no,no,cellular,8,oct,251,2,91,7,success,yes,C00514,Low Money,15215.0,6086.0,13,1522.0,2282.0,6847.0,9,No Active Loan,Medium,34.8,17.52,LOW,Every 60 Days,60,Occasional Offer
31,technician,married,secondary,yes,-367,yes,no,cellular,18,jul,474,2,-1,0,unknown,yes,C00515,Low Money,15100.0,6040.0,6,1510.0,2265.0,6795.0,4,No Active Loan,Low,32.28,16.14,LOW,Every 60 Days,60,Occasional Offer
67,unknown,married,tertiary,no,7687,no,no,telephone,30,oct,70,3,-1,0,unknown,no,C00516,Low Money,18931.0,7572.0,9,1893.0,2840.0,8519.0,6,No Active Loan,Low,33.09,18.44,LOW,Every 60 Days,60,Occasional Offer
40,self-employed,married,secondary,yes,-754,yes,yes,unknown,3,jun,941,3,-1,0,unknown,yes,C00517,Low Money,16000.0,6400.0,9,1600.0,2400.0,7200.0,6,Regular,Low,33.09,16.55,LOW,Every 60 Days,60,Occasional Offer
37,admin.,married,secondary,no,36,yes,no,unknown,13,may,428,1,-1,0,unknown,no,C00518,Low Money,15701.0,6280.0,5,1570.0,2355.0,7066.0,4,No Active Loan,Low,35.34,17.68,LOW,Every 60 Days,60,Occasional Offer
40,management,married,secondary,no,643,yes,no,cellular,17,apr,74,2,256,1,failure,no,C00519,Low Money,16019.0,6408.0,7,1602.0,2403.0,7208.0,5,No Active Loan,Low,33.74,17.03,LOW,Every 60 Days,60,Occasional Offer
27,housemaid,married,primary,no,275,yes,no,cellular,14,may,196,2,-1,0,unknown,no,C00520,Low Money,14708.0,5883.0,6,1471.0,2206.0,6619.0,4,No Active Loan,Low,32.28,16.21,LOW,Every 60 Days,60,Occasional Offer
34,management,married,tertiary,no,160,yes,yes,cellular,15,jul,130,1,-1,0,unknown,no,C00521,Low Money,15405.0,6162.0,5,1540.0,2311.0,6932.0,4,Regular,Low,35.34,17.71,LOW,Every 60 Days,60,Occasional Offer
58,admin.,married,secondary,no,4348,yes,no,cellular,23,jun,790,4,141,1,other,yes,C00522,Low Money,17930.0,7172.0,13,1793.0,2690.0,8068.0,9,No Active Loan,Medium,34.8,18.47,LOW,Every 60 Days,60,Occasional Offer
31,technician,married,secondary,no,183,no,no,cellular,16,apr,495,1,-1,0,unknown,yes,C00523,Low Money,15105.0,6042.0,5,1510.0,2266.0,6797.0,4,No Active Loan,Low,35.34,17.72,LOW,Every 60 Days,60,Occasional Offer
33,services,divorced,secondary,yes,339,yes,no,unknown,23,may,496,4,-1,0,unknown,no,C00524,Low Money,15310.0,6124.0,12,1531.0,2296.0,6890.0,8,No Active Loan,Medium,33.89,17.03,LOW,Every 60 Days,60,Occasional Offer
34,management,married,tertiary,no,273,yes,no,cellular,14,may,492,1,175,2,failure,yes,C00525,Low Money,15408.0,6163.0,5,1541.0,2311.0,6934.0,4,No Active Loan,Low,35.34,17.74,LOW,Every 60 Days,60,Occasional Offer
40,admin.,divorced,secondary,no,274,yes,yes,cellular,25,jul,53,4,-1,0,unknown,no,C00526,Low Money,16008.0,6403.0,12,1601.0,2401.0,7204.0,8,Regular,Medium,33.89,17.01,LOW,Every 60 Days,60,Occasional Offer
58,unemployed,married,secondary,no,687,yes,no,cellular,30,apr,341,2,-1,0,unknown,yes,C00527,Low Money,17821.0,7128.0,6,1782.0,2673.0,8020.0,4,No Active Loan,Low,32.28,16.31,LOW,Every 60 Days,60,Occasional Offer
37,housemaid,single,secondary,no,465,yes,no,cellular,18,may,899,3,-1,0,unknown,yes,C00528,Low Money,15714.0,6286.0,9,1571.0,2357.0,7071.0,6,No Active Loan,Low,33.09,16.66,LOW,Every 60 Days,60,Occasional Offer
40,services,married,secondary,no,5807,yes,no,unknown,20,jun,98,1,-1,0,unknown,no,C00529,Low Money,16174.0,6470.0,5,1617.0,2426.0,7278.0,4,No Active Loan,Low,35.34,19.1,LOW,Every 60 Days,60,Occasional Offer
29,unemployed,single,tertiary,no,1311,no,no,cellular,28,aug,622,1,-1,0,unknown,yes,C00530,Low Money,14939.0,5976.0,5,1494.0,2241.0,6722.0,4,No Active Loan,Low,35.35,18.0,LOW,Every 60 Days,60,Occasional Offer
56,unemployed,married,secondary,no,0,no,no,telephone,2,feb,492,1,-1,0,unknown,yes,C00531,Low Money,17600.0,7040.0,5,1760.0,2640.0,7920.0,4,No Active Loan,Low,35.34,17.67,LOW,Every 60 Days,60,Occasional Offer
46,blue-collar,married,primary,no,557,no,no,unknown,18,jun,89,1,-1,0,unknown,no,C00532,Low Money,16617.0,6647.0,5,1662.0,2493.0,7477.0,4,No Active Loan,Low,35.34,17.81,LOW,Every 60 Days,60,Occasional Offer
54,unemployed,single,secondary,no,3611,yes,no,cellular,5,feb,81,1,-1,0,unknown,no,C00533,Low Money,17508.0,7003.0,5,1751.0,2626.0,7879.0,4,No Active Loan,Low,35.34,18.56,LOW,Every 60 Days,60,Occasional Offer
25,services,married,secondary,no,0,yes,no,cellular,24,jul,458,9,-1,0,unknown,yes,C00534,Low Money,14500.0,5800.0,20,1450.0,2175.0,6525.0,14,No Active Loan,Medium,36.88,18.44,LOW,Every 60 Days,60,Occasional Offer
39,blue-collar,single,secondary,no,175,no,no,cellular,12,may,17,1,365,2,other,no,C00535,Low Money,15905.0,6362.0,5,1590.0,2386.0,7157.0,4,No Active Loan,Low,35.34,17.71,LOW,Every 60 Days,60,Occasional Offer
38,admin.,divorced,secondary,yes,0,no,yes,cellular,21,jul,126,3,-1,0,unknown,no,C00536,Low Money,15800.0,6320.0,9,1580.0,2370.0,7110.0,6,Regular,Low,33.09,16.55,LOW,Every 60 Days,60,Occasional Offer
38,technician,married,secondary,no,557,yes,no,cellular,16,nov,1556,4,-1,0,unknown,yes,C00537,Low Money,15817.0,6327.0,12,1582.0,2373.0,7117.0,8,No Active Loan,Medium,33.89,17.08,LOW,Every 60 Days,60,Occasional Offer
32,technician,single,tertiary,no,2340,no,no,cellular,18,feb,89,2,-1,0,unknown,yes,C00538,Low Money,15270.0,6108.0,6,1527.0,2290.0,6872.0,4,No Active Loan,Low,32.28,16.72,LOW,Every 60 Days,60,Occasional Offer
34,admin.,divorced,secondary,no,479,yes,no,cellular,12,may,515,1,350,5,failure,yes,C00539,Low Money,15414.0,6166.0,8,1541.0,2312.0,6936.0,6,No Active Loan,Low,34.9,17.57,LOW,Every 60 Days,60,Occasional Offer
37,blue-collar,married,secondary,no,-57,yes,yes,cellular,7,may,55,5,-1,0,unknown,no,C00540,Low Money,15700.0,6280.0,15,1570.0,2355.0,7065.0,10,Regular,Medium,34.7,17.35,LOW,Every 60 Days,60,Occasional Offer
31,services,married,primary,no,997,yes,no,cellular,3,feb,256,1,190,3,failure,no,C00541,Low Money,15130.0,6052.0,6,1513.0,2270.0,6808.0,4,No Active Loan,Low,32.28,16.39,LOW,Every 60 Days,60,Occasional Offer
40,management,married,tertiary,no,0,no,no,cellular,10,nov,147,1,96,8,success,yes,C00542,Low Money,16000.0,6400.0,11,1600.0,2400.0,7200.0,8,No Active Loan,Medium,35.14,17.57,LOW,Every 60 Days,60,Occasional Offer
77,retired,divorced,tertiary,no,4659,no,no,cellular,14,apr,161,1,-1,0,unknown,yes,C00543,Low Money,19840.0,7936.0,5,1984.0,2976.0,8928.0,4,No Active Loan,Low,35.34,18.82,LOW,Every 60 Days,60,Occasional Offer
30,technician,single,secondary,no,893,no,no,cellular,26,aug,45,3,-1,0,unknown,no,C00544,Low Money,15027.0,6011.0,9,1503.0,2254.0,6762.0,6,No Active Loan,Low,33.09,16.76,LOW,Every 60 Days,60,Occasional Offer
48,blue-collar,married,primary,no,418,yes,no,unknown,9,may,102,3,-1,0,unknown,no,C00545,Low Money,16813.0,6725.0,9,1681.0,2522.0,7566.0,6,No Active Loan,Low,33.09,16.65,LOW,Every 60 Days,60,Occasional Offer
52,admin.,single,secondary,no,-528,yes,yes,cellular,1,jun,1144,2,-1,0,unknown,yes,C00546,Low Money,17200.0,6880.0,6,1720.0,2580.0,7740.0,4,Regular,Low,32.28,16.14,LOW,Every 60 Days,60,Occasional Offer
55,management,married,tertiary,no,3848,yes,no,cellular,8,apr,222,2,-1,0,unknown,yes,C00547,Low Money,17615.0,7046.0,6,1762.0,2642.0,7927.0,4,No Active Loan,Low,32.28,17.09,LOW,Every 60 Days,60,Occasional Offer
39,management,married,tertiary,no,1423,yes,no,telephone,21,jul,733,3,-1,0,unknown,yes,C00548,Low Money,15943.0,6377.0,9,1594.0,2391.0,7175.0,6,No Active Loan,Low,33.09,16.9,LOW,Every 60 Days,60,Occasional Offer
23,entrepreneur,single,primary,no,4,yes,no,unknown,13,may,395,2,-1,0,unknown,yes,C00549,Low Money,14300.0,5720.0,6,1430.0,2145.0,6435.0,4,No Active Loan,Low,32.28,16.14,LOW,Every 60 Days,60,Occasional Offer
50,management,married,tertiary,no,6739,yes,no,cellular,14,jul,68,3,-1,0,unknown,no,C00550,Low Money,17202.0,6881.0,9,1720.0,2580.0,7741.0,6,No Active Loan,Low,33.09,18.2,LOW,Every 60 Days,60,Occasional Offer
21,entrepreneur,single,tertiary,no,2077,no,no,cellular,5,aug,323,1,-1,0,unknown,yes,C00551,Low Money,14162.0,5665.0,5,1416.0,2124.0,6373.0,4,No Active Loan,Low,35.34,18.18,LOW,Every 60 Days,60,Occasional Offer
38,blue-collar,married,primary,no,1852,yes,no,cellular,13,may,606,1,-1,0,unknown,yes,C00552,Low Money,15856.0,6342.0,5,1586.0,2378.0,7136.0,4,No Active Loan,Low,35.34,18.13,LOW,Every 60 Days,60,Occasional Offer
37,admin.,married,secondary,no,68,yes,yes,cellular,13,may,151,2,351,1,failure,no,C00553,Low Money,15702.0,6281.0,7,1570.0,2355.0,7066.0,5,Regular,Low,33.74,16.89,LOW,Every 60 Days,60,Occasional Offer
55,housemaid,married,primary,no,3680,no,no,unknown,16,jun,131,1,-1,0,unknown,no,C00554,Low Money,17610.0,7044.0,5,1761.0,2642.0,7924.0,4,No Active Loan,Low,35.34,18.58,LOW,Every 60 Days,60,Occasional Offer
26,technician,single,tertiary,no,401,no,no,cellular,5,may,188,2,-1,0,unknown,yes,C00555,Low Money,14612.0,5845.0,6,1461.0,2192.0,6575.0,4,No Active Loan,Low,32.28,16.24,LOW,Every 60 Days,60,Occasional Offer
49,blue-collar,married,secondary,no,298,yes,no,cellular,30,apr,264,2,86,3,failure,no,C00556,Low Money,16909.0,6764.0,9,1691.0,2536.0,7609.0,6,No Active Loan,Low,33.09,16.62,LOW,Every 60 Days,60,Occasional Offer
40,entrepreneur,married,secondary,no,6403,no,no,cellular,22,sep,208,2,-1,0,unknown,yes,C00557,Low Money,16192.0,6477.0,6,1619.0,2429.0,7286.0,4,No Active Loan,Low,32.28,17.72,LOW,Every 60 Days,60,Occasional Offer
42,services,divorced,secondary,no,83,no,no,cellular,13,may,300,5,358,6,failure,no,C00558,Low Money,16202.0,6481.0,20,1620.0,2430.0,7291.0,14,No Active Loan,Medium,36.88,18.46,LOW,Every 60 Days,60,Occasional Offer
34,services,single,secondary,no,267,no,no,cellular,8,jul,449,2,-1,0,unknown,yes,C00559,Low Money,15408.0,6163.0,6,1541.0,2311.0,6934.0,4,No Active Loan,Low,32.28,16.21,LOW,Every 60 Days,60,Occasional Offer
35,management,single,tertiary,no,644,yes,no,unknown,30,may,120,2,-1,0,unknown,no,C00560,Low Money,15519.0,6208.0,6,1552.0,2328.0,6983.0,4,No Active Loan,Low,32.28,16.3,LOW,Every 60 Days,60,Occasional Offer
35,blue-collar,single,secondary,no,885,yes,no,cellular,15,jul,632,6,-1,0,unknown,yes,C00561,Low Money,15527.0,6211.0,18,1553.0,2329.0,6987.0,13,No Active Loan,Medium,36.9,18.67,LOW,Every 60 Days,60,Occasional Offer
30,blue-collar,married,secondary,no,61,yes,no,cellular,5,may,525,1,-1,0,unknown,yes,C00562,Low Money,15002.0,6001.0,5,1500.0,2250.0,6751.0,4,No Active Loan,Low,35.34,17.69,LOW,Every 60 Days,60,Occasional Offer
53,management,married,tertiary,no,1356,yes,no,cellular,9,nov,371,2,96,4,failure,no,C00563,Low Money,17341.0,6936.0,10,1734.0,2601.0,7804.0,7,No Active Loan,Low,34.19,17.43,LOW,Every 60 Days,60,Occasional Offer
52,blue-collar,married,tertiary,no,297,yes,no,cellular,18,nov,62,2,195,1,failure,no,C00564,Low Money,17209.0,6884.0,7,1721.0,2581.0,7744.0,5,No Active Loan,Low,33.74,16.94,LOW,Every 60 Days,60,Occasional Offer
31,technician,married,secondary,no,-302,no,no,cellular,13,aug,195,2,-1,0,unknown,no,C00565,Low Money,15100.0,6040.0,6,1510.0,2265.0,6795.0,4,No Active Loan,Low,32.28,16.14,LOW,Every 60 Days,60,Occasional Offer
59,management,married,tertiary,no,2764,no,no,cellular,18,feb,459,1,56,3,failure,no,C00566,Low Money,17983.0,7193.0,6,1798.0,2697.0,8093.0,4,No Active Loan,Low,32.28,16.82,LOW,Every 60 Days,60,Occasional Offer
59,unemployed,married,secondary,no,1625,no,no,cellular,4,aug,198,1,180,2,success,yes,C00567,Low Money,17949.0,7180.0,5,1795.0,2692.0,8077.0,4,No Active Loan,Low,35.34,18.07,LOW,Every 60 Days,60,Occasional Offer
33,unemployed,single,secondary,no,233,yes,no,unknown,8,may,221,4,-1,0,unknown,no,C00568,Low Money,15307.0,6123.0,12,1531.0,2296.0,6888.0,8,No Active Loan,Medium,33.89,17.0,LOW,Every 60 Days,60,Occasional Offer
51,housemaid,married,unknown,no,2337,yes,no,cellular,16,apr,251,2,266,3,other,yes,C00569,Low Money,17170.0,6868.0,9,1717.0,2576.0,7726.0,6,No Active Loan,Low,33.09,17.12,LOW,Every 60 Days,60,Occasional Offer
38,admin.,single,secondary,no,262,no,no,cellular,3,feb,315,2,180,6,failure,yes,C00570,Low Money,15808.0,6323.0,12,1581.0,2371.0,7114.0,8,No Active Loan,Medium,33.89,17.01,LOW,Every 60 Days,60,Occasional Offer
59,admin.,married,secondary,no,1365,no,no,unknown,19,jun,327,1,-1,0,unknown,no,C00571,Low Money,17941.0,7176.0,5,1794.0,2691.0,8074.0,4,No Active Loan,Low,35.34,18.01,LOW,Every 60 Days,60,Occasional Offer
34,management,single,tertiary,no,612,no,no,cellular,30,apr,192,1,-1,0,unknown,no,C00572,Low Money,15418.0,6167.0,5,1542.0,2313.0,6938.0,4,No Active Loan,Low,35.34,17.82,LOW,Every 60 Days,60,Occasional Offer
64,retired,divorced,secondary,no,4833,no,no,cellular,20,oct,621,1,181,3,failure,yes,C00573,Low Money,18545.0,7418.0,6,1854.0,2782.0,8345.0,4,No Active Loan,Low,32.28,17.33,LOW,Every 60 Days,60,Occasional Offer
55,management,married,tertiary,no,-375,no,no,cellular,30,jul,814,2,-1,0,unknown,yes,C00574,Low Money,17500.0,7000.0,6,1750.0,2625.0,7875.0,4,No Active Loan,Low,32.28,16.14,LOW,Every 60 Days,60,Occasional Offer
33,admin.,married,tertiary,no,640,no,no,cellular,24,jul,318,1,-1,0,unknown,no,C00575,Low Money,15319.0,6128.0,5,1532.0,2298.0,6893.0,4,No Active Loan,Low,35.34,17.83,LOW,Every 60 Days,60,Occasional Offer
38,management,married,tertiary,no,2656,no,no,cellular,8,jul,230,2,-1,0,unknown,no,C00576,Low Money,15880.0,6352.0,6,1588.0,2382.0,7146.0,4,No Active Loan,Low,32.28,16.79,LOW,Every 60 Days,60,Occasional Offer
47,technician,married,secondary,no,568,yes,no,cellular,12,aug,1613,1,-1,0,unknown,yes,C00577,Low Money,16717.0,6687.0,5,1672.0,2508.0,7522.0,4,No Active Loan,Low,35.34,17.81,LOW,Every 60 Days,60,Occasional Offer
29,admin.,single,secondary,no,-309,yes,yes,unknown,4,jun,215,1,-1,0,unknown,no,C00578,Low Money,14900.0,5960.0,5,1490.0,2235.0,6705.0,4,Regular,Low,35.34,17.67,LOW,Every 60 Days,60,Occasional Offer
29,blue-collar,single,secondary,no,-20,yes,no,unknown,29,may,814,2,-1,0,unknown,yes,C00579,Low Money,14900.0,5960.0,6,1490.0,2235.0,6705.0,4,No Active Loan,Low,32.28,16.14,LOW,Every 60 Days,60,Occasional Offer
40,technician,divorced,tertiary,no,4736,yes,no,cellular,11,feb,285,2,-1,0,unknown,yes,C00580,Low Money,16142.0,6457.0,6,1614.0,2421.0,7264.0,4,No Active Loan,Low,32.28,17.31,LOW,Every 60 Days,60,Occasional Offer
56,technician,married,secondary,no,589,yes,no,unknown,29,may,535,2,-1,0,unknown,yes,C00581,Low Money,17618.0,7047.0,6,1762.0,2643.0,7928.0,4,No Active Loan,Low,32.28,16.29,LOW,Every 60 Days,60,Occasional Offer
40,technician,married,tertiary,no,1293,no,no,cellular,16,sep,1702,3,105,2,success,yes,C00582,Low Money,16039.0,6416.0,11,1604.0,2406.0,7217.0,8,No Active Loan,Medium,35.14,17.89,LOW,Every 60 Days,60,Occasional Offer
28,student,single,secondary,no,231,yes,no,cellular,8,may,55,1,-1,0,unknown,no,C00583,Low Money,14807.0,5923.0,5,1481.0,2221.0,6663.0,4,No Active Loan,Low,35.34,17.73,LOW,Every 60 Days,60,Occasional Offer
44,housemaid,single,primary,no,1059,no,no,unknown,18,jun,2093,1,-1,0,unknown,yes,C00584,Low Money,16432.0,6573.0,5,1643.0,2465.0,7394.0,4,No Active Loan,Low,35.34,17.93,LOW,Every 60 Days,60,Occasional Offer
30,admin.,single,tertiary,no,305,no,no,cellular,30,apr,633,1,85,2,success,yes,C00585,Low Money,15009.0,6004.0,5,1501.0,2251.0,6754.0,4,No Active Loan,Low,35.35,17.75,LOW,Every 60 Days,60,Occasional Offer
24,management,single,tertiary,no,736,yes,no,cellular,15,apr,442,2,246,2,other,yes,C00586,Low Money,14422.0,5769.0,8,1442.0,2163.0,6490.0,6,No Active Loan,Low,34.9,17.63,LOW,Every 60 Days,60,Occasional Offer
35,management,married,tertiary,no,-547,yes,no,cellular,14,aug,101,2,-1,0,unknown,no,C00587,Low Money,15500.0,6200.0,6,1550.0,2325.0,6975.0,4,No Active Loan,Low,32.28,16.14,LOW,Every 60 Days,60,Occasional Offer
38,blue-collar,married,primary,no,132,yes,no,cellular,14,may,797,2,-1,0,unknown,no,C00588,Low Money,15804.0,6322.0,6,1580.0,2371.0,7111.0,4,No Active Loan,Low,32.28,16.17,LOW,Every 60 Days,60,Occasional Offer
51,blue-collar,married,primary,no,42,yes,no,cellular,12,may,51,2,342,3,failure,no,C00589,Low Money,17101.0,6840.0,9,1710.0,2565.0,7696.0,6,No Active Loan,Low,33.09,16.56,LOW,Every 60 Days,60,Occasional Offer
41,blue-collar,married,secondary,no,598,yes,no,cellular,12,may,69,3,364,11,failure,no,C00590,Low Money,16118.0,6447.0,20,1612.0,2418.0,7253.0,14,No Active Loan,Medium,36.88,18.59,LOW,Every 60 Days,60,Occasional Offer
33,entrepreneur,single,tertiary,no,300,yes,yes,cellular,30,jan,922,5,-1,0,unknown,yes,C00591,Low Money,15309.0,6124.0,15,1531.0,2296.0,6889.0,10,Regular,Medium,34.7,17.42,LOW,Every 60 Days,60,Occasional Offer
42,management,married,tertiary,no,27696,no,no,cellular,12,may,176,2,89,5,success,yes,C00592,Low Money,17031.0,6812.0,11,1703.0,2555.0,7664.0,8,No Active Loan,Medium,35.14,24.39,LOW,Every 60 Days,60,Occasional Offer
43,technician,divorced,secondary,no,0,yes,no,cellular,5,may,150,2,342,2,failure,no,C00593,Low Money,16300.0,6520.0,8,1630.0,2445.0,7335.0,6,No Active Loan,Low,34.9,17.45,LOW,Every 60 Days,60,Occasional Offer
35,blue-collar,married,primary,no,0,yes,no,cellular,8,may,265,1,290,2,failure,no,C00594,Low Money,15500.0,6200.0,5,1550.0,2325.0,6975.0,4,No Active Loan,Low,35.34,17.67,LOW,Every 60 Days,60,Occasional Offer
37,student,single,unknown,no,444,no,no,cellular,4,may,1063,5,-1,0,unknown,yes,C00595,Low Money,15713.0,6285.0,15,1571.0,2357.0,7071.0,10,No Active Loan,Medium,34.7,17.46,LOW,Every 60 Days,60,Occasional Offer
32,services,single,secondary,no,152,yes,no,cellular,25,may,158,2,-1,0,unknown,yes,C00596,Low Money,15205.0,6082.0,6,1520.0,2281.0,6842.0,4,No Active Loan,Low,32.28,16.18,LOW,Every 60 Days,60,Occasional Offer
60,retired,married,tertiary,no,846,no,no,telephone,26,may,1346,1,-1,0,unknown,yes,C00597,Low Money,18025.0,7210.0,5,1802.0,2704.0,8111.0,4,No Active Loan,Low,35.34,17.88,LOW,Every 60 Days,60,Occasional Offer
35,management,married,secondary,no,339,yes,no,unknown,23,may,317,1,-1,0,unknown,no,C00598,Low Money,15510.0,6204.0,5,1551.0,2326.0,6980.0,4,No Active Loan,Low,35.34,17.75,LOW,Every 60 Days,60,Occasional Offer
59,technician,married,secondary,no,7766,yes,no,cellular,25,feb,1422,1,461,1,failure,yes,C00599,Low Money,18133.0,7253.0,5,1813.0,2720.0,8160.0,4,No Active Loan,Low,35.34,19.58,LOW,Every 60 Days,60,Occasional Offer
54,blue-collar,divorced,primary,no,4401,no,no,telephone,13,may,414,1,183,2,success,yes,C00600,Low Money,17532.0,7013.0,5,1753.0,2630.0,7889.0,4,No Active Loan,Low,35.34,18.75,LOW,Every 60 Days,60,Occasional Offer
35,technician,single,secondary,no,144,no,no,cellular,22,jul,163,2,-1,0,unknown,no,C00601,Low Money,15504.0,6202.0,6,1550.0,2326.0,6976.0,4,No Active Loan,Low,32.28,16.18,LOW,Every 60 Days,60,Occasional Offer
48,management,married,secondary,no,0,yes,yes,cellular,3,nov,1233,1,351,2,failure,yes,C00602,Low Money,16800.0,6720.0,5,1680.0,2520.0,7560.0,4,Regular,Low,35.34,17.67,LOW,Every 60 Days,60,Occasional Offer
39,admin.,married,tertiary,no,1108,no,no,cellular,21,apr,204,1,-1,0,unknown,yes,C00603,Low Money,15933.0,6373.0,5,1593.0,2390.0,7170.0,4,No Active Loan,Low,35.34,17.94,LOW,Every 60 Days,60,Occasional Offer
42,admin.,single,secondary,no,684,no,no,cellular,4,jun,207,1,-1,0,unknown,yes,C00604,Low Money,16221.0,6488.0,5,1622.0,2433.0,7300.0,4,No Active Loan,Low,35.34,17.84,LOW,Every 60 Days,60,Occasional Offer
30,management,single,tertiary,no,720,no,no,cellular,15,jan,1265,4,210,4,other,yes,C00605,Low Money,15022.0,6009.0,16,1502.0,2253.0,6760.0,11,No Active Loan,Medium,35.49,17.92,LOW,Every 60 Days,60,Occasional Offer
44,entrepreneur,married,secondary,no,692,no,no,unknown,18,jun,73,4,-1,0,unknown,no,C00606,Low Money,16421.0,6568.0,12,1642.0,2463.0,7390.0,8,No Active Loan,Medium,33.89,17.12,LOW,Every 60 Days,60,Occasional Offer
20,student,single,unknown,no,829,no,no,cellular,9,jul,253,2,-1,0,unknown,yes,C00607,Low Money,14025.0,5610.0,6,1402.0,2104.0,6311.0,4,No Active Loan,Low,32.28,16.34,LOW,Every 60 Days,60,Occasional Offer
53,management,married,secondary,no,90,yes,no,telephone,20,apr,67,5,-1,0,unknown,no,C00608,Low Money,17303.0,6921.0,15,1730.0,2595.0,7787.0,10,No Active Loan,Medium,34.7,17.37,LOW,Every 60 Days,60,Occasional Offer
46,admin.,married,secondary,no,-522,yes,no,cellular,27,mar,243,3,239,13,other,yes,C00609,Low Money,16600.0,6640.0,20,1660.0,2490.0,7470.0,14,No Active Loan,Medium,36.88,18.44,LOW,Every 60 Days,60,Occasional Offer
60,retired,divorced,secondary,no,1099,no,no,cellular,11,jul,764,2,-1,0,unknown,yes,C00610,Low Money,18033.0,7213.0,6,1803.0,2705.0,8115.0,4,No Active Loan,Low,32.28,16.41,LOW,Every 60 Days,60,Occasional Offer
31,technician,married,secondary,no,2363,yes,no,unknown,13,may,247,1,-1,0,unknown,no,C00611,Low Money,15171.0,6068.0,5,1517.0,2276.0,6827.0,4,No Active Loan,Low,35.34,18.25,LOW,Every 60 Days,60,Occasional Offer
51,unemployed,married,primary,no,1162,yes,no,cellular,25,jul,2015,1,-1,0,unknown,yes,C00612,Low Money,17135.0,6854.0,5,1714.0,2570.0,7711.0,4,No Active Loan,Low,35.34,17.96,LOW,Every 60 Days,60,Occasional Offer
52,housemaid,married,secondary,no,3923,yes,no,unknown,14,may,942,3,-1,0,unknown,yes,C00613,Low Money,17318.0,6927.0,9,1732.0,2598.0,7793.0,6,No Active Loan,Low,33.09,17.51,LOW,Every 60 Days,60,Occasional Offer
31,technician,married,secondary,no,318,no,no,cellular,2,dec,310,1,-1,0,unknown,yes,C00614,Low Money,15110.0,6044.0,5,1511.0,2266.0,6800.0,4,No Active Loan,Low,35.34,17.75,LOW,Every 60 Days,60,Occasional Offer
45,management,single,tertiary,no,1411,no,no,cellular,7,sep,800,2,102,3,failure,yes,C00615,Low Money,16542.0,6617.0,9,1654.0,2481.0,7444.0,6,No Active Loan,Low,33.09,16.89,LOW,Every 60 Days,60,Occasional Offer
36,admin.,divorced,secondary,no,592,no,no,cellular,13,oct,204,2,99,5,failure,yes,C00616,Low Money,15618.0,6247.0,11,1562.0,2343.0,7028.0,8,No Active Loan,Medium,35.14,17.72,LOW,Every 60 Days,60,Occasional Offer
51,blue-collar,married,secondary,no,2007,yes,no,cellular,12,aug,1226,3,-1,0,unknown,yes,C00617,Low Money,17160.0,6864.0,9,1716.0,2574.0,7722.0,6,No Active Loan,Low,33.09,17.04,LOW,Every 60 Days,60,Occasional Offer
28,student,single,tertiary,no,844,no,no,cellular,16,apr,551,2,-1,0,unknown,yes,C00618,Low Money,14825.0,5930.0,6,1482.0,2224.0,6671.0,4,No Active Loan,Low,32.28,16.35,LOW,Every 60 Days,60,Occasional Offer
44,self-employed,single,tertiary,no,1367,yes,no,cellular,13,apr,1232,3,146,1,other,yes,C00619,Low Money,16441.0,6576.0,10,1644.0,2466.0,7399.0,7,No Active Loan,Low,34.19,17.43,LOW,Every 60 Days,60,Occasional Offer
35,technician,single,secondary,no,-54,yes,no,unknown,30,may,70,2,-1,0,unknown,no,C00620,Low Money,15500.0,6200.0,6,1550.0,2325.0,6975.0,4,No Active Loan,Low,32.28,16.14,LOW,Every 60 Days,60,Occasional Offer
30,management,single,tertiary,no,5561,yes,no,cellular,27,feb,195,1,100,1,success,yes,C00621,Low Money,15167.0,6067.0,5,1517.0,2275.0,6825.0,4,No Active Loan,Low,35.34,19.04,LOW,Every 60 Days,60,Occasional Offer
32,technician,single,secondary,no,5205,no,no,cellular,20,nov,352,1,-1,0,unknown,no,C00622,Low Money,15356.0,6142.0,5,1536.0,2303.0,6911.0,4,No Active Loan,Low,35.34,18.95,LOW,Every 60 Days,60,Occasional Offer
43,management,married,tertiary,no,240,yes,no,cellular,16,apr,453,1,-1,0,unknown,yes,C00623,Low Money,16307.0,6523.0,5,1631.0,2446.0,7338.0,4,No Active Loan,Low,35.34,17.73,LOW,Every 60 Days,60,Occasional Offer
54,technician,married,secondary,no,0,no,no,telephone,14,aug,159,2,106,6,success,no,C00624,Low Money,17400.0,6960.0,12,1740.0,2610.0,7830.0,8,No Active Loan,Medium,33.89,16.94,LOW,Every 60 Days,60,Occasional Offer
46,management,divorced,tertiary,no,507,yes,no,cellular,1,apr,1196,1,-1,0,unknown,yes,C00625,Low Money,16615.0,6646.0,5,1662.0,2492.0,7477.0,4,No Active Loan,Low,35.34,17.79,LOW,Every 60 Days,60,Occasional Offer
57,blue-collar,single,primary,no,739,yes,no,cellular,14,may,172,2,364,1,failure,no,C00626,Low Money,17722.0,7089.0,7,1772.0,2658.0,7975.0,5,No Active Loan,Low,33.74,17.05,LOW,Every 60 Days,60,Occasional Offer
31,technician,single,secondary,no,354,no,yes,cellular,22,aug,186,2,-1,0,unknown,no,C00627,Low Money,15111.0,6044.0,6,1511.0,2267.0,6800.0,4,Regular,Low,32.28,16.23,LOW,Every 60 Days,60,Occasional Offer
42,unknown,married,unknown,no,222,no,no,cellular,26,aug,80,16,-1,0,unknown,no,C00628,Low Money,16207.0,6483.0,20,1621.0,2431.0,7293.0,14,No Active Loan,Medium,36.88,18.49,LOW,Every 60 Days,60,Occasional Offer
37,housemaid,married,secondary,no,187,no,no,unknown,12,jun,165,1,-1,0,unknown,no,C00629,Low Money,15706.0,6282.0,5,1571.0,2356.0,7068.0,4,No Active Loan,Low,35.34,17.72,LOW,Every 60 Days,60,Occasional Offer
53,technician,single,secondary,no,-165,yes,no,cellular,9,jul,89,1,-1,0,unknown,no,C00630,Low Money,17300.0,6920.0,5,1730.0,2595.0,7785.0,4,No Active Loan,Low,35.34,17.67,LOW,Every 60 Days,60,Occasional Offer
46,entrepreneur,married,secondary,no,122,no,no,cellular,6,feb,1047,2,1,7,failure,no,C00631,Low Money,16604.0,6642.0,13,1660.0,2491.0,7471.0,9,No Active Loan,Medium,34.8,17.43,LOW,Every 60 Days,60,Occasional Offer
32,blue-collar,single,secondary,no,70,yes,no,unknown,26,may,118,6,-1,0,unknown,no,C00632,Low Money,15202.0,6081.0,18,1520.0,2280.0,6841.0,13,No Active Loan,Medium,36.89,18.46,LOW,Every 60 Days,60,Occasional Offer
30,unknown,single,unknown,no,6929,no,no,cellular,19,nov,341,1,-1,0,unknown,no,C00633,Low Money,15208.0,6083.0,5,1521.0,2281.0,6844.0,4,No Active Loan,Low,35.34,19.38,LOW,Every 60 Days,60,Occasional Offer
33,technician,married,tertiary,no,0,no,no,cellular,30,apr,227,2,-1,0,unknown,yes,C00634,Low Money,15300.0,6120.0,6,1530.0,2295.0,6885.0,4,No Active Loan,Low,32.28,16.14,LOW,Every 60 Days,60,Occasional Offer
53,management,married,tertiary,no,1945,no,no,telephone,7,aug,262,7,-1,0,unknown,no,C00635,Low Money,17358.0,6943.0,20,1736.0,2604.0,7811.0,14,No Active Loan,Medium,36.88,18.92,LOW,Every 60 Days,60,Occasional Offer
43,management,married,tertiary,no,182,no,no,cellular,28,jan,152,1,-1,0,unknown,no,C00636,Low Money,16305.0,6522.0,5,1630.0,2446.0,7337.0,4,No Active Loan,Low,35.34,17.71,LOW,Every 60 Days,60,Occasional Offer
60,technician,divorced,secondary,no,367,no,no,cellular,16,aug,318,2,-1,0,unknown,yes,C00637,Low Money,18011.0,7204.0,6,1801.0,2702.0,8105.0,4,No Active Loan,Low,32.28,16.23,LOW,Every 60 Days,60,Occasional Offer
45,unemployed,divorced,primary,yes,11,no,no,cellular,13,aug,489,5,-1,0,unknown,yes,C00638,Low Money,16500.0,6600.0,15,1650.0,2475.0,7425.0,10,No Active Loan,Medium,34.7,17.35,LOW,Every 60 Days,60,Occasional Offer
49,blue-collar,married,primary,no,67,no,yes,cellular,13,aug,269,4,-1,0,unknown,no,C00639,Low Money,16902.0,6761.0,12,1690.0,2535.0,7606.0,8,Regular,Medium,33.89,16.96,LOW,Every 60 Days,60,Occasional Offer
50,technician,married,secondary,no,797,yes,no,unknown,6,may,354,1,-1,0,unknown,no,C00640,Low Money,17024.0,6810.0,5,1702.0,2554.0,7660.0,4,No Active Loan,Low,35.34,17.87,LOW,Every 60 Days,60,Occasional Offer
39,blue-collar,single,secondary,no,522,yes,no,telephone,14,may,225,7,350,2,failure,no,C00641,Low Money,15916.0,6366.0,20,1592.0,2387.0,7163.0,14,No Active Loan,Medium,36.88,18.57,LOW,Every 60 Days,60,Occasional Offer
34,technician,single,secondary,no,194,yes,yes,cellular,15,may,1015,1,-1,0,unknown,yes,C00642,Low Money,15406.0,6162.0,5,1541.0,2311.0,6933.0,4,Regular,Low,35.34,17.72,LOW,Every 60 Days,60,Occasional Offer
34,admin.,married,secondary,no,36,no,no,cellular,22,aug,192,6,-1,0,unknown,no,C00643,Low Money,15401.0,6160.0,18,1540.0,2310.0,6931.0,13,No Active Loan,Medium,36.89,18.45,LOW,Every 60 Days,60,Occasional Offer
28,services,single,tertiary,no,128,no,no,cellular,27,may,460,1,414,1,failure,yes,C00644,Low Money,14804.0,5922.0,5,1480.0,2221.0,6661.0,4,No Active Loan,Low,35.34,17.7,LOW,Every 60 Days,60,Occasional Offer
36,admin.,single,secondary,no,60,yes,no,cellular,23,sep,156,2,-1,0,unknown,yes,C00645,Low Money,15602.0,6241.0,6,1560.0,2340.0,7021.0,4,No Active Loan,Low,32.28,16.15,LOW,Every 60 Days,60,Occasional Offer
50,blue-collar,married,primary,no,334,no,no,cellular,27,aug,79,3,-1,0,unknown,no,C00646,Low Money,17010.0,6804.0,9,1701.0,2552.0,7654.0,6,No Active Loan,Low,33.09,16.63,LOW,Every 60 Days,60,Occasional Offer
26,management,single,tertiary,no,-3,no,no,cellular,13,apr,1022,2,-1,0,unknown,yes,C00647,Low Money,14600.0,5840.0,6,1460.0,2190.0,6570.0,4,No Active Loan,Low,32.28,16.14,LOW,Every 60 Days,60,Occasional Offer
31,management,single,tertiary,no,11821,no,no,cellular,18,aug,384,11,-1,0,unknown,yes,C00648,Low Money,15455.0,6182.0,20,1546.0,2318.0,6955.0,14,No Active Loan,Medium,36.88,21.35,LOW,Every 60 Days,60,Occasional Offer
58,management,married,secondary,no,37,no,no,cellular,18,aug,84,11,-1,0,unknown,no,C00649,Low Money,17801.0,7120.0,20,1780.0,2670.0,8011.0,14,No Active Loan,Medium,36.88,18.45,LOW,Every 60 Days,60,Occasional Offer
46,management,married,tertiary,no,460,no,no,cellular,28,jan,56,1,-1,0,unknown,no,C00650,Low Money,16614.0,6646.0,5,1661.0,2492.0,7476.0,4,No Active Loan,Low,35.34,17.78,LOW,Every 60 Days,60,Occasional Offer
35,unemployed,single,secondary,no,2116,yes,no,cellular,13,may,409,2,-1,0,unknown,no,C00651,Low Money,15563.0,6225.0,6,1556.0,2334.0,7004.0,4,No Active Loan,Low,32.28,16.66,LOW,Every 60 Days,60,Occasional Offer
48,blue-collar,married,primary,no,559,yes,no,unknown,15,may,1231,2,-1,0,unknown,no,C00652,Low Money,16817.0,6727.0,6,1682.0,2523.0,7567.0,4,No Active Loan,Low,32.28,16.28,LOW,Every 60 Days,60,Occasional Offer
69,retired,single,tertiary,no,2144,no,no,cellular,29,jul,417,1,184,4,success,yes,C00653,Low Money,18964.0,7586.0,7,1896.0,2845.0,8533.0,5,No Active Loan,Low,33.74,17.4,LOW,Every 60 Days,60,Occasional Offer
42,entrepreneur,married,secondary,no,2959,yes,no,telephone,2,jul,711,1,342,1,failure,yes,C00654,Low Money,16289.0,6516.0,5,1629.0,2443.0,7330.0,4,No Active Loan,Low,35.34,18.4,LOW,Every 60 Days,60,Occasional Offer
24,admin.,single,secondary,no,1235,yes,yes,unknown,30,may,76,3,-1,0,unknown,no,C00655,Low Money,14437.0,5775.0,9,1444.0,2166.0,6496.0,6,Regular,Low,33.09,16.85,LOW,Every 60 Days,60,Occasional Offer
35,blue-collar,married,tertiary,no,2999,no,no,unknown,12,jun,1141,6,-1,0,unknown,yes,C00656,Low Money,15590.0,6236.0,18,1559.0,2338.0,7016.0,13,No Active Loan,Medium,36.89,19.18,LOW,Every 60 Days,60,Occasional Offer
45,management,married,tertiary,no,226,yes,no,cellular,13,aug,177,6,179,10,success,yes,C00657,Low Money,16507.0,6603.0,20,1651.0,2476.0,7428.0,14,No Active Loan,Medium,36.88,18.5,LOW,Every 60 Days,60,Occasional Offer
31,technician,married,tertiary,no,0,no,no,cellular,29,aug,70,2,-1,0,unknown,no,C00658,Low Money,15100.0,6040.0,6,1510.0,2265.0,6795.0,4,No Active Loan,Low,32.28,16.14,LOW,Every 60 Days,60,Occasional Offer
40,technician,married,secondary,no,192,yes,yes,cellular,15,may,16,8,351,5,failure,no,C00659,Low Money,16006.0,6402.0,20,1601.0,2401.0,7203.0,14,Regular,Medium,36.88,18.49,LOW,Every 60 Days,60,Occasional Offer
59,technician,married,primary,no,4198,no,no,cellular,14,jan,309,1,91,10,success,yes,C00660,Low Money,18026.0,7210.0,13,1803.0,2704.0,8112.0,9,No Active Loan,Medium,34.8,18.43,LOW,Every 60 Days,60,Occasional Offer
53,unemployed,married,secondary,no,94,no,no,cellular,10,aug,493,1,181,14,success,yes,C00661,Low Money,17303.0,6921.0,17,1730.0,2595.0,7787.0,12,No Active Loan,Medium,36.22,18.13,LOW,Every 60 Days,60,Occasional Offer
48,blue-collar,divorced,secondary,no,-314,yes,no,cellular,18,may,7,5,-1,0,unknown,no,C00662,Low Money,16800.0,6720.0,15,1680.0,2520.0,7560.0,10,No Active Loan,Medium,34.7,17.35,LOW,Every 60 Days,60,Occasional Offer
28,admin.,single,secondary,no,4745,no,no,telephone,12,may,360,1,181,5,success,yes,C00663,Low Money,14942.0,5977.0,8,1494.0,2241.0,6724.0,6,No Active Loan,Low,34.9,18.62,LOW,Every 60 Days,60,Occasional Offer
30,student,single,secondary,no,2046,no,no,telephone,21,apr,595,3,254,1,failure,yes,C00664,Low Money,15061.0,6024.0,10,1506.0,2259.0,6778.0,7,No Active Loan,Low,34.19,17.6,LOW,Every 60 Days,60,Occasional Offer
42,blue-collar,single,secondary,no,625,no,no,unknown,19,jun,651,3,-1,0,unknown,yes,C00665,Low Money,16219.0,6488.0,9,1622.0,2433.0,7298.0,6,No Active Loan,Low,33.09,16.7,LOW,Every 60 Days,60,Occasional Offer
30,technician,single,secondary,no,151,no,no,cellular,3,feb,276,2,-1,0,unknown,no,C00666,Low Money,15005.0,6002.0,6,1500.0,2251.0,6752.0,4,No Active Loan,Low,32.28,16.18,LOW,Every 60 Days,60,Occasional Offer
31,technician,single,tertiary,no,2807,no,no,unknown,8,nov,154,1,-1,0,unknown,yes,C00667,Low Money,15184.0,6074.0,5,1518.0,2278.0,6832.0,4,No Active Loan,Low,35.34,18.36,LOW,Every 60 Days,60,Occasional Offer
32,technician,single,tertiary,no,1246,yes,no,cellular,30,apr,509,1,85,2,success,yes,C00668,Low Money,15237.0,6095.0,5,1524.0,2286.0,6856.0,4,No Active Loan,Low,35.34,17.98,LOW,Every 60 Days,60,Occasional Offer
48,self-employed,married,secondary,no,1559,no,no,cellular,24,dec,520,3,133,3,failure,no,C00669,Low Money,16847.0,6739.0,12,1685.0,2527.0,7581.0,8,No Active Loan,Medium,33.89,17.33,LOW,Every 60 Days,60,Occasional Offer
31,technician,single,tertiary,no,703,yes,no,unknown,8,may,943,2,-1,0,unknown,yes,C00670,Low Money,15121.0,6048.0,6,1512.0,2268.0,6805.0,4,No Active Loan,Low,32.28,16.31,LOW,Every 60 Days,60,Occasional Offer
30,technician,divorced,secondary,no,3100,yes,no,cellular,20,nov,125,1,183,4,failure,no,C00671,Low Money,15093.0,6037.0,7,1509.0,2264.0,6792.0,5,No Active Loan,Low,33.74,17.63,LOW,Every 60 Days,60,Occasional Offer
49,services,married,primary,no,1830,yes,no,cellular,13,aug,261,1,179,1,success,yes,C00672,Low Money,16955.0,6782.0,5,1696.0,2543.0,7630.0,4,No Active Loan,Low,35.34,18.12,LOW,Every 60 Days,60,Occasional Offer
55,blue-collar,married,secondary,no,93,no,yes,cellular,28,jan,111,1,-1,0,unknown,no,C00673,Low Money,17503.0,7001.0,5,1750.0,2625.0,7877.0,4,Regular,Low,35.34,17.69,LOW,Every 60 Days,60,Occasional Offer
29,management,single,tertiary,no,3846,no,no,cellular,3,jun,313,2,-1,0,unknown,yes,C00674,Low Money,15015.0,6006.0,6,1502.0,2252.0,6757.0,4,No Active Loan,Low,32.28,17.09,LOW,Every 60 Days,60,Occasional Offer
42,management,married,tertiary,no,4,yes,no,cellular,17,jul,795,1,-1,0,unknown,yes,C00675,Low Money,16200.0,6480.0,5,1620.0,2430.0,7290.0,4,No Active Loan,Low,35.34,17.67,LOW,Every 60 Days,60,Occasional Offer
42,technician,single,tertiary,no,-411,yes,no,cellular,24,jul,212,3,-1,0,unknown,no,C00676,Low Money,16200.0,6480.0,9,1620.0,2430.0,7290.0,6,No Active Loan,Low,33.09,16.55,LOW,Every 60 Days,60,Occasional Offer
36,management,divorced,tertiary,no,-978,yes,no,cellular,13,may,62,3,-1,0,unknown,no,C00677,Low Money,15600.0,6240.0,9,1560.0,2340.0,7020.0,6,No Active Loan,Low,33.09,16.55,LOW,Every 60 Days,60,Occasional Offer
36,blue-collar,married,secondary,no,6699,yes,no,cellular,20,apr,201,3,-1,0,unknown,no,C00678,Low Money,15801.0,6320.0,9,1580.0,2370.0,7111.0,6,No Active Loan,Low,33.09,18.19,LOW,Every 60 Days,60,Occasional Offer
34,admin.,married,secondary,no,1474,no,no,cellular,2,apr,739,2,-1,0,unknown,yes,C00679,Low Money,15444.0,6178.0,6,1544.0,2317.0,6949.0,4,No Active Loan,Low,32.28,16.5,LOW,Every 60 Days,60,Occasional Offer
69,services,married,unknown,no,23592,no,no,cellular,3,jul,837,3,-1,0,unknown,no,C00680,Low Money,19608.0,7843.0,9,1961.0,2941.0,8824.0,6,No Active Loan,Low,33.09,22.36,LOW,Every 60 Days,60,Occasional Offer
41,services,single,secondary,no,-675,yes,yes,cellular,18,mar,147,4,-1,0,unknown,yes,C00681,Low Money,16100.0,6440.0,12,1610.0,2415.0,7245.0,8,Regular,Medium,33.89,16.94,LOW,Every 60 Days,60,Occasional Offer
47,unknown,married,unknown,no,1880,no,no,unknown,18,jun,64,2,-1,0,unknown,no,C00682,Low Money,16756.0,6702.0,6,1676.0,2513.0,7541.0,4,No Active Loan,Low,32.28,16.6,LOW,Every 60 Days,60,Occasional Offer
31,services,single,secondary,no,629,yes,no,unknown,21,may,369,2,-1,0,unknown,no,C00683,Low Money,15119.0,6048.0,6,1512.0,2268.0,6803.0,4,No Active Loan,Low,32.28,16.29,LOW,Every 60 Days,60,Occasional Offer
19,student,single,primary,no,103,no,no,cellular,10,jul,104,2,-1,0,unknown,yes,C00684,Low Money,13903.0,5561.0,6,1390.0,2085.0,6257.0,4,No Active Loan,Low,32.28,16.17,LOW,Every 60 Days,60,Occasional Offer
29,services,divorced,secondary,no,84,yes,no,cellular,13,apr,1101,2,-1,0,unknown,yes,C00685,Low Money,14903.0,5961.0,6,1490.0,2235.0,6707.0,4,No Active Loan,Low,32.28,16.16,LOW,Every 60 Days,60,Occasional Offer
56,retired,divorced,primary,no,694,no,no,cellular,29,jan,144,1,102,1,other,yes,C00686,Low Money,17621.0,7048.0,5,1762.0,2643.0,7930.0,4,No Active Loan,Low,35.34,17.84,LOW,Every 60 Days,60,Occasional Offer
58,management,divorced,secondary,no,3161,no,no,telephone,30,jul,542,2,-1,0,unknown,yes,C00687,Low Money,17895.0,7158.0,6,1790.0,2684.0,8053.0,4,No Active Loan,Low,32.28,16.92,LOW,Every 60 Days,60,Occasional Offer
31,blue-collar,married,secondary,no,64,yes,no,cellular,18,jul,302,3,-1,0,unknown,no,C00688,Low Money,15102.0,6041.0,9,1510.0,2265.0,6796.0,6,No Active Loan,Low,33.09,16.56,LOW,Every 60 Days,60,Occasional Offer
83,retired,divorced,primary,no,46,no,no,cellular,25,mar,115,1,-1,0,unknown,yes,C00689,Low Money,20301.0,8120.0,5,2030.0,3045.0,9136.0,4,No Active Loan,Low,35.34,17.68,LOW,Every 60 Days,60,Occasional Offer
52,blue-collar,divorced,primary,no,0,no,no,cellular,20,nov,19,1,-1,0,unknown,no,C00690,Low Money,17200.0,6880.0,5,1720.0,2580.0,7740.0,4,No Active Loan,Low,35.34,17.67,LOW,Every 60 Days,60,Occasional Offer
30,services,single,secondary,no,245,no,yes,cellular,8,jul,187,2,-1,0,unknown,no,C00691,Low Money,15007.0,6003.0,6,1501.0,2251.0,6753.0,4,Regular,Low,32.28,16.2,LOW,Every 60 Days,60,Occasional Offer
42,management,married,tertiary,no,27696,no,no,cellular,11,aug,370,1,91,7,success,yes,C00692,Low Money,17031.0,6812.0,10,1703.0,2555.0,7664.0,7,No Active Loan,Low,34.19,23.92,LOW,Every 60 Days,60,Occasional Offer
26,management,single,tertiary,no,170,no,no,cellular,15,jun,129,1,-1,0,unknown,yes,C00693,Low Money,14605.0,5842.0,5,1460.0,2191.0,6572.0,4,No Active Loan,Low,35.34,17.71,LOW,Every 60 Days,60,Occasional Offer
49,management,divorced,secondary,no,-46,yes,no,unknown,9,jun,1055,10,-1,0,unknown,yes,C00694,Low Money,16900.0,6760.0,20,1690.0,2535.0,7605.0,14,No Active Loan,Medium,36.88,18.44,LOW,Every 60 Days,60,Occasional Offer
35,unemployed,married,secondary,no,2228,no,no,unknown,19,jun,461,2,-1,0,unknown,no,C00695,Low Money,15567.0,6227.0,6,1557.0,2335.0,7005.0,4,No Active Loan,Low,32.28,16.69,LOW,Every 60 Days,60,Occasional Offer
30,technician,single,tertiary,no,0,no,no,cellular,22,aug,34,2,-1,0,unknown,no,C00696,Low Money,15000.0,6000.0,6,1500.0,2250.0,6750.0,4,No Active Loan,Low,32.28,16.14,LOW,Every 60 Days,60,Occasional Offer
46,technician,married,secondary,no,1590,yes,no,cellular,15,jul,59,2,-1,0,unknown,no,C00697,Low Money,16648.0,6659.0,6,1665.0,2497.0,7492.0,4,No Active Loan,Low,32.28,16.53,LOW,Every 60 Days,60,Occasional Offer
83,retired,married,primary,no,425,no,no,telephone,22,jun,883,1,140,1,failure,yes,C00698,Low Money,20313.0,8125.0,5,2031.0,3047.0,9141.0,4,No Active Loan,Low,35.34,17.77,LOW,Every 60 Days,60,Occasional Offer
34,management,married,secondary,no,369,no,no,cellular,2,aug,868,3,342,4,failure,yes,C00699,Low Money,15411.0,6164.0,13,1541.0,2312.0,6935.0,9,No Active Loan,Medium,34.8,17.49,LOW,Every 60 Days,60,Occasional Offer
37,management,married,tertiary,no,5,no,no,cellular,29,aug,36,2,-1,0,unknown,no,C00700,Low Money,15700.0,6280.0,6,1570.0,2355.0,7065.0,4,No Active Loan,Low,32.28,16.14,LOW,Every 60 Days,60,Occasional Offer
60,retired,married,secondary,no,18967,yes,no,cellular,29,jan,177,2,-1,0,unknown,yes,C00701,Low Money,18569.0,7428.0,6,1857.0,2785.0,8356.0,4,No Active Loan,Low,32.28,20.81,LOW,Every 60 Days,60,Occasional Offer
29,management,single,tertiary,no,502,no,no,cellular,12,apr,366,2,199,3,other,no,C00702,Low Money,14915.0,5966.0,9,1492.0,2237.0,6712.0,6,No Active Loan,Low,33.09,16.67,LOW,Every 60 Days,60,Occasional Offer
48,management,married,tertiary,no,1147,no,no,cellular,3,dec,155,1,120,3,success,yes,C00703,Low Money,16834.0,6734.0,6,1683.0,2525.0,7575.0,4,No Active Loan,Low,32.28,16.42,LOW,Every 60 Days,60,Occasional Offer
28,blue-collar,married,secondary,no,173,no,no,cellular,18,jul,588,7,-1,0,unknown,yes,C00704,Low Money,14805.0,5922.0,20,1480.0,2221.0,6662.0,14,No Active Loan,Medium,36.88,18.48,LOW,Every 60 Days,60,Occasional Offer
27,technician,single,secondary,no,643,no,no,telephone,14,oct,301,1,93,1,success,yes,C00705,Low Money,14719.0,5888.0,5,1472.0,2208.0,6623.0,4,No Active Loan,Low,35.35,17.83,LOW,Every 60 Days,60,Occasional Offer
39,services,married,primary,no,1951,yes,no,unknown,23,may,208,2,-1,0,unknown,no,C00706,Low Money,15959.0,6384.0,6,1596.0,2394.0,7181.0,4,No Active Loan,Low,32.28,16.62,LOW,Every 60 Days,60,Occasional Offer
30,technician,married,secondary,no,743,no,no,cellular,29,jan,142,2,-1,0,unknown,no,C00707,Low Money,15022.0,6009.0,6,1502.0,2253.0,6760.0,4,No Active Loan,Low,32.28,16.32,LOW,Every 60 Days,60,Occasional Offer
37,admin.,single,tertiary,no,3954,yes,no,cellular,12,aug,87,1,117,2,failure,no,C00708,Low Money,15819.0,6328.0,5,1582.0,2373.0,7118.0,4,No Active Loan,Low,35.34,18.64,LOW,Every 60 Days,60,Occasional Offer
33,admin.,single,secondary,no,61,no,no,cellular,24,jul,286,4,-1,0,unknown,no,C00709,Low Money,15302.0,6121.0,12,1530.0,2295.0,6886.0,8,No Active Loan,Medium,33.89,16.96,LOW,Every 60 Days,60,Occasional Offer
44,management,married,unknown,no,282,no,no,cellular,9,mar,700,2,154,3,success,yes,C00710,Low Money,16408.0,6563.0,9,1641.0,2461.0,7384.0,6,No Active Loan,Low,33.09,16.61,LOW,Every 60 Days,60,Occasional Offer
81,retired,married,primary,no,1154,no,no,telephone,17,sep,231,1,-1,0,unknown,yes,C00711,Low Money,20135.0,8054.0,5,2014.0,3020.0,9061.0,4,No Active Loan,Low,35.34,17.95,LOW,Every 60 Days,60,Occasional Offer
37,services,divorced,secondary,no,319,yes,no,unknown,6,jun,467,3,-1,0,unknown,yes,C00712,Low Money,15710.0,6284.0,9,1571.0,2356.0,7070.0,6,No Active Loan,Low,33.09,16.62,LOW,Every 60 Days,60,Occasional Offer
30,services,single,unknown,no,138,yes,no,cellular,20,apr,187,1,-1,0,unknown,no,C00713,Low Money,15004.0,6002.0,5,1500.0,2251.0,6751.0,4,No Active Loan,Low,35.34,17.7,LOW,Every 60 Days,60,Occasional Offer
23,blue-collar,single,secondary,no,105,yes,no,unknown,16,may,498,2,-1,0,unknown,no,C00714,Low Money,14303.0,5721.0,6,1430.0,2145.0,6437.0,4,No Active Loan,Low,32.28,16.17,LOW,Every 60 Days,60,Occasional Offer
27,management,married,tertiary,no,159,yes,no,cellular,25,jul,295,2,-1,0,unknown,no,C00715,Low Money,14705.0,5882.0,6,1470.0,2206.0,6617.0,4,No Active Loan,Low,32.28,16.18,LOW,Every 60 Days,60,Occasional Offer
42,services,married,tertiary,no,4216,no,no,cellular,12,jun,186,2,-1,0,unknown,yes,C00716,Low Money,16326.0,6530.0,6,1633.0,2449.0,7347.0,4,No Active Loan,Low,32.28,17.18,LOW,Every 60 Days,60,Occasional Offer
38,entrepreneur,single,secondary,no,2543,no,no,cellular,10,aug,223,1,414,4,failure,yes,C00717,Low Money,15876.0,6350.0,7,1588.0,2381.0,7145.0,5,No Active Loan,Low,33.74,17.5,LOW,Every 60 Days,60,Occasional Offer
52,management,married,tertiary,no,601,yes,no,unknown,14,may,249,2,-1,0,unknown,no,C00718,Low Money,17218.0,6887.0,6,1722.0,2583.0,7748.0,4,No Active Loan,Low,32.28,16.29,LOW,Every 60 Days,60,Occasional Offer
40,blue-collar,married,secondary,no,750,yes,yes,cellular,16,apr,340,1,281,1,failure,no,C00719,Low Money,16022.0,6409.0,5,1602.0,2403.0,7210.0,4,Regular,Low,35.34,17.85,LOW,Every 60 Days,60,Occasional Offer
39,management,married,tertiary,no,0,no,no,cellular,28,aug,93,25,-1,0,unknown,no,C00720,Low Money,15900.0,6360.0,20,1590.0,2385.0,7155.0,14,No Active Loan,Medium,36.88,18.44,LOW,Every 60 Days,60,Occasional Offer
32,admin.,single,secondary,no,212,no,no,cellular,7,jul,830,5,-1,0,unknown,yes,C00721,Low Money,15206.0,6082.0,15,1521.0,2281.0,6843.0,10,No Active Loan,Medium,34.7,17.4,LOW,Every 60 Days,60,Occasional Offer
49,technician,married,secondary,no,12531,no,no,cellular,13,aug,77,8,-1,0,unknown,no,C00722,Low Money,17276.0,6910.0,20,1728.0,2591.0,7775.0,14,No Active Loan,Medium,36.88,21.53,LOW,Every 60 Days,60,Occasional Offer
29,blue-collar,married,primary,no,111,yes,no,cellular,6,may,14,11,-1,0,unknown,no,C00723,Low Money,14903.0,5961.0,20,1490.0,2235.0,6707.0,14,No Active Loan,Medium,36.88,18.47,LOW,Every 60 Days,60,Occasional Offer
27,services,single,secondary,no,339,no,no,cellular,4,jun,182,1,-1,0,unknown,yes,C00724,Low Money,14710.0,5884.0,5,1471.0,2206.0,6620.0,4,No Active Loan,Low,35.34,17.75,LOW,Every 60 Days,60,Occasional Offer
60,retired,married,secondary,no,2722,no,no,cellular,12,aug,506,2,-1,0,unknown,yes,C00725,Low Money,18082.0,7233.0,6,1808.0,2712.0,8137.0,4,No Active Loan,Low,32.28,16.81,LOW,Every 60 Days,60,Occasional Offer
32,management,married,tertiary,no,4733,no,no,cellular,30,apr,532,1,-1,0,unknown,yes,C00726,Low Money,15342.0,6137.0,5,1534.0,2301.0,6904.0,4,No Active Loan,Low,35.34,18.84,LOW,Every 60 Days,60,Occasional Offer
29,management,single,tertiary,no,637,yes,no,cellular,3,jun,340,1,119,1,failure,yes,C00727,Low Money,14919.0,5968.0,5,1492.0,2238.0,6713.0,4,No Active Loan,Low,35.35,17.83,LOW,Every 60 Days,60,Occasional Offer
30,services,single,secondary,no,1268,yes,no,cellular,8,apr,105,4,320,8,other,yes,C00728,Low Money,15038.0,6015.0,20,1504.0,2256.0,6767.0,14,No Active Loan,Medium,36.88,18.75,LOW,Every 60 Days,60,Occasional Offer
37,blue-collar,married,primary,no,1322,yes,no,cellular,21,nov,14,8,185,1,other,no,C00729,Low Money,15740.0,6296.0,20,1574.0,2361.0,7083.0,14,No Active Loan,Medium,36.88,18.77,LOW,Every 60 Days,60,Occasional Offer
56,admin.,married,primary,no,202,yes,no,unknown,9,may,178,2,-1,0,unknown,no,C00730,Low Money,17606.0,7042.0,6,1761.0,2641.0,7923.0,4,No Active Loan,Low,32.28,16.19,LOW,Every 60 Days,60,Occasional Offer
34,admin.,married,secondary,no,2374,yes,no,cellular,9,feb,243,2,92,3,success,yes,C00731,Low Money,15471.0,6188.0,9,1547.0,2321.0,6962.0,6,No Active Loan,Low,33.09,17.13,LOW,Every 60 Days,60,Occasional Offer
50,entrepreneur,married,primary,no,431,yes,no,cellular,20,apr,12,5,-1,0,unknown,no,C00732,Low Money,17013.0,6805.0,15,1701.0,2552.0,7656.0,10,No Active Loan,Medium,34.7,17.46,LOW,Every 60 Days,60,Occasional Offer
58,management,divorced,tertiary,no,50,yes,no,unknown,3,jun,109,4,-1,0,unknown,no,C00733,Low Money,17802.0,7121.0,12,1780.0,2670.0,8011.0,8,No Active Loan,Medium,33.89,16.96,LOW,Every 60 Days,60,Occasional Offer
45,technician,single,tertiary,no,2033,no,no,cellular,15,jun,243,5,285,2,success,yes,C00734,Low Money,16561.0,6624.0,17,1656.0,2484.0,7453.0,12,No Active Loan,Medium,36.22,18.61,LOW,Every 60 Days,60,Occasional Offer
59,retired,married,unknown,no,178,yes,no,telephone,11,jul,330,2,-1,0,unknown,no,C00735,Low Money,17905.0,7162.0,6,1790.0,2686.0,8057.0,4,No Active Loan,Low,32.28,16.18,LOW,Every 60 Days,60,Occasional Offer
38,unemployed,married,tertiary,no,2812,yes,no,cellular,30,apr,830,1,-1,0,unknown,yes,C00736,Low Money,15884.0,6354.0,5,1588.0,2383.0,7147.0,4,No Active Loan,Low,35.34,18.36,LOW,Every 60 Days,60,Occasional Offer
62,unemployed,married,secondary,no,780,no,no,cellular,28,aug,162,2,-1,0,unknown,yes,C00737,Low Money,18223.0,7289.0,6,1822.0,2733.0,8201.0,4,No Active Loan,Low,32.28,16.33,LOW,Every 60 Days,60,Occasional Offer
33,admin.,single,secondary,no,3160,no,no,unknown,18,jun,719,13,-1,0,unknown,no,C00738,Low Money,15395.0,6158.0,20,1540.0,2309.0,6928.0,14,No Active Loan,Medium,36.88,19.22,LOW,Every 60 Days,60,Occasional Offer
46,technician,married,secondary,no,9299,no,no,cellular,19,jul,1148,1,276,2,other,yes,C00739,Low Money,16879.0,6752.0,5,1688.0,2532.0,7595.0,4,No Active Loan,Low,35.34,19.96,LOW,Every 60 Days,60,Occasional Offer
20,student,single,unknown,no,2785,no,no,cellular,16,sep,327,2,-1,0,unknown,yes,C00740,Low Money,14084.0,5634.0,6,1408.0,2113.0,6337.0,4,No Active Loan,Low,32.28,16.83,LOW,Every 60 Days,60,Occasional Offer
39,services,married,secondary,no,0,yes,no,unknown,20,may,793,2,-1,0,unknown,no,C00741,Low Money,15900.0,6360.0,6,1590.0,2385.0,7155.0,4,No Active Loan,Low,32.28,16.14,LOW,Every 60 Days,60,Occasional Offer
51,admin.,single,secondary,no,726,yes,no,cellular,27,apr,89,8,-1,0,unknown,yes,C00742,Low Money,17122.0,6849.0,20,1712.0,2568.0,7705.0,14,No Active Loan,Medium,36.88,18.62,LOW,Every 60 Days,60,Occasional Offer
30,unemployed,single,secondary,no,2424,no,no,cellular,15,feb,337,1,95,2,success,yes,C00743,Low Money,15073.0,6029.0,5,1507.0,2261.0,6783.0,4,No Active Loan,Low,35.34,18.27,LOW,Every 60 Days,60,Occasional Offer
43,retired,married,secondary,no,860,no,no,telephone,30,oct,132,1,-1,0,unknown,yes,C00744,Low Money,16326.0,6530.0,5,1633.0,2449.0,7347.0,4,No Active Loan,Low,35.34,17.88,LOW,Every 60 Days,60,Occasional Offer
22,student,single,secondary,no,0,no,no,cellular,6,feb,229,6,-1,0,unknown,yes,C00745,Low Money,14200.0,5680.0,18,1420.0,2130.0,6390.0,13,No Active Loan,Medium,36.89,18.44,LOW,Every 60 Days,60,Occasional Offer
59,retired,divorced,secondary,no,514,no,no,cellular,3,feb,261,1,-1,0,unknown,yes,C00746,Low Money,17915.0,7166.0,5,1792.0,2687.0,8062.0,4,No Active Loan,Low,35.34,17.8,LOW,Every 60 Days,60,Occasional Offer
32,technician,married,primary,no,62,yes,yes,unknown,13,may,120,1,-1,0,unknown,no,C00747,Low Money,15202.0,6081.0,5,1520.0,2280.0,6841.0,4,Regular,Low,35.34,17.69,LOW,Every 60 Days,60,Occasional Offer
41,technician,married,secondary,no,2490,yes,no,unknown,21,may,115,2,-1,0,unknown,no,C00748,Low Money,16175.0,6470.0,6,1618.0,2426.0,7279.0,4,No Active Loan,Low,32.28,16.75,LOW,Every 60 Days,60,Occasional Offer
51,entrepreneur,single,tertiary,no,0,no,no,cellular,30,jan,643,1,-1,0,unknown,no,C00749,Low Money,17100.0,6840.0,5,1710.0,2565.0,7695.0,4,No Active Loan,Low,35.34,17.67,LOW,Every 60 Days,60,Occasional Offer
27,technician,single,secondary,no,16,no,no,unknown,19,may,193,1,-1,0,unknown,no,C00750,Low Money,14700.0,5880.0,5,1470.0,2205.0,6615.0,4,No Active Loan,Low,35.34,17.67,LOW,Every 60 Days,60,Occasional Offer
33,blue-collar,married,secondary,no,0,yes,no,telephone,14,jul,305,3,-1,0,unknown,no,C00751,Low Money,15300.0,6120.0,9,1530.0,2295.0,6885.0,6,No Active Loan,Low,33.09,16.55,LOW,Every 60 Days,60,Occasional Offer
26,blue-collar,single,secondary,no,249,yes,no,cellular,29,jan,235,3,262,5,failure,no,C00752,Low Money,14607.0,5843.0,14,1461.0,2191.0,6573.0,10,No Active Loan,Medium,35.62,17.87,LOW,Every 60 Days,60,Occasional Offer
38,technician,married,secondary,no,497,no,no,unknown,14,apr,173,1,-1,0,unknown,yes,C00753,Low Money,15815.0,6326.0,5,1582.0,2372.0,7117.0,4,No Active Loan,Low,35.34,17.79,LOW,Every 60 Days,60,Occasional Offer
40,management,single,tertiary,no,0,no,no,cellular,26,aug,58,7,-1,0,unknown,no,C00754,Low Money,16000.0,6400.0,20,1600.0,2400.0,7200.0,14,No Active Loan,Medium,36.88,18.44,LOW,Every 60 Days,60,Occasional Offer
37,management,married,tertiary,no,40,no,no,cellular,27,aug,1033,4,-1,0,unknown,yes,C00755,Low Money,15701.0,6280.0,12,1570.0,2355.0,7066.0,8,No Active Loan,Medium,33.89,16.95,LOW,Every 60 Days,60,Occasional Offer
93,retired,married,unknown,no,775,no,no,cellular,4,aug,476,2,13,9,success,yes,C00756,Low Money,21323.0,8529.0,15,2132.0,3198.0,9596.0,10,No Active Loan,Medium,34.7,17.54,LOW,Every 60 Days,60,Occasional Offer
47,technician,divorced,secondary,no,191,no,no,cellular,19,aug,228,5,-1,0,unknown,no,C00757,Low Money,16706.0,6682.0,15,1671.0,2506.0,7518.0,10,No Active Loan,Medium,34.7,17.4,LOW,Every 60 Days,60,Occasional Offer
31,services,married,secondary,no,414,yes,no,unknown,7,may,215,1,-1,0,unknown,no,C00758,Low Money,15112.0,6045.0,5,1511.0,2267.0,6800.0,4,No Active Loan,Low,35.34,17.77,LOW,Every 60 Days,60,Occasional Offer
37,entrepreneur,married,tertiary,yes,-456,yes,yes,unknown,20,jun,42,7,-1,0,unknown,no,C00759,Low Money,15700.0,6280.0,20,1570.0,2355.0,7065.0,14,Regular,Medium,36.88,18.44,LOW,Every 60 Days,60,Occasional Offer
36,blue-collar,single,secondary,no,1127,yes,no,cellular,10,jul,455,1,-1,0,unknown,no,C00760,Low Money,15634.0,6254.0,5,1563.0,2345.0,7035.0,4,No Active Loan,Low,35.34,17.95,LOW,Every 60 Days,60,Occasional Offer
25,services,single,secondary,no,801,no,no,cellular,5,jun,255,2,-1,0,unknown,yes,C00761,Low Money,14524.0,5810.0,6,1452.0,2179.0,6535.0,4,No Active Loan,Low,32.28,16.34,LOW,Every 60 Days,60,Occasional Offer
47,management,divorced,tertiary,no,8226,yes,no,cellular,30,jul,137,2,-1,0,unknown,no,C00762,Low Money,16947.0,6779.0,6,1695.0,2542.0,7626.0,4,No Active Loan,Low,32.28,18.17,LOW,Every 60 Days,60,Occasional Offer
47,management,married,secondary,no,623,yes,no,cellular,13,may,102,6,-1,0,unknown,no,C00763,Low Money,16719.0,6688.0,18,1672.0,2508.0,7523.0,13,No Active Loan,Medium,36.9,18.6,LOW,Every 60 Days,60,Occasional Offer
39,technician,single,tertiary,no,21,yes,no,unknown,23,may,58,1,-1,0,unknown,no,C00764,Low Money,15901.0,6360.0,5,1590.0,2385.0,7156.0,4,No Active Loan,Low,35.34,17.68,LOW,Every 60 Days,60,Occasional Offer
85,retired,married,unknown,no,1934,no,no,telephone,12,jan,140,1,-1,0,unknown,no,C00765,Low Money,20558.0,8223.0,5,2056.0,3084.0,9251.0,4,No Active Loan,Low,35.34,18.15,LOW,Every 60 Days,60,Occasional Offer
55,retired,married,secondary,no,1279,yes,no,cellular,13,may,446,3,357,8,other,no,C00766,Low Money,17538.0,7015.0,17,1754.0,2631.0,7892.0,12,No Active Loan,Medium,36.22,18.43,LOW,Every 60 Days,60,Occasional Offer
32,management,single,secondary,no,2018,no,no,cellular,11,aug,1238,1,-1,0,unknown,yes,C00767,Low Money,15261.0,6104.0,5,1526.0,2289.0,6868.0,4,No Active Loan,Low,35.34,18.17,LOW,Every 60 Days,60,Occasional Offer
34,blue-collar,single,secondary,no,1156,yes,no,unknown,23,may,234,2,-1,0,unknown,no,C00768,Low Money,15435.0,6174.0,6,1544.0,2315.0,6946.0,4,No Active Loan,Low,32.28,16.42,LOW,Every 60 Days,60,Occasional Offer
42,blue-collar,married,secondary,no,-972,yes,no,unknown,29,may,146,1,-1,0,unknown,no,C00769,Low Money,16200.0,6480.0,5,1620.0,2430.0,7290.0,4,No Active Loan,Low,35.34,17.67,LOW,Every 60 Days,60,Occasional Offer
38,admin.,divorced,secondary,no,3834,yes,no,cellular,13,apr,363,2,327,1,failure,no,C00770,Low Money,15915.0,6366.0,7,1592.0,2387.0,7162.0,5,No Active Loan,Low,33.74,17.81,LOW,Every 60 Days,60,Occasional Offer
45,admin.,divorced,unknown,no,857,no,no,telephone,8,jul,49,7,-1,0,unknown,no,C00771,Low Money,16526.0,6610.0,20,1653.0,2479.0,7437.0,14,No Active Loan,Medium,36.88,18.65,LOW,Every 60 Days,60,Occasional Offer
53,management,married,tertiary,no,597,no,no,unknown,22,feb,392,1,-1,0,unknown,yes,C00772,Low Money,17318.0,6927.0,5,1732.0,2598.0,7793.0,4,No Active Loan,Low,35.34,17.82,LOW,Every 60 Days,60,Occasional Offer
31,admin.,married,secondary,no,23,no,no,cellular,28,aug,322,7,-1,0,unknown,no,C00773,Low Money,15101.0,6040.0,20,1510.0,2265.0,6796.0,14,No Active Loan,Medium,36.88,18.45,LOW,Every 60 Days,60,Occasional Offer
46,management,married,tertiary,no,125,yes,no,telephone,12,may,81,5,-1,0,unknown,no,C00774,Low Money,16604.0,6642.0,15,1660.0,2491.0,7471.0,10,No Active Loan,Medium,34.7,17.38,LOW,Every 60 Days,60,Occasional Offer
58,self-employed,married,primary,no,1013,yes,no,cellular,11,aug,206,1,461,1,failure,yes,C00775,Low Money,17830.0,7132.0,5,1783.0,2674.0,8024.0,4,No Active Loan,Low,35.34,17.92,LOW,Every 60 Days,60,Occasional Offer
28,blue-collar,single,secondary,no,-127,yes,no,cellular,4,jul,1044,3,-1,0,unknown,yes,C00776,Low Money,14800.0,5920.0,9,1480.0,2220.0,6660.0,6,No Active Loan,Low,33.09,16.55,LOW,Every 60 Days,60,Occasional Offer
36,blue-collar,married,secondary,no,29,yes,yes,cellular,31,jul,345,1,-1,0,unknown,no,C00777,Low Money,15601.0,6240.0,5,1560.0,2340.0,7021.0,4,Regular,Low,35.34,17.68,LOW,Every 60 Days,60,Occasional Offer
56,admin.,single,secondary,no,-273,no,no,cellular,8,jul,119,2,-1,0,unknown,no,C00778,Low Money,17600.0,7040.0,6,1760.0,2640.0,7920.0,4,No Active Loan,Low,32.28,16.14,LOW,Every 60 Days,60,Occasional Offer
30,services,married,secondary,no,637,yes,no,cellular,15,may,69,5,-1,0,unknown,no,C00779,Low Money,15019.0,6008.0,15,1502.0,2253.0,6758.0,10,No Active Loan,Medium,34.7,17.51,LOW,Every 60 Days,60,Occasional Offer
47,services,married,secondary,no,367,yes,no,cellular,10,jul,476,4,-1,0,unknown,yes,C00780,Low Money,16711.0,6684.0,12,1671.0,2507.0,7520.0,8,No Active Loan,Medium,33.89,17.04,LOW,Every 60 Days,60,Occasional Offer
25,services,married,secondary,no,50,yes,no,unknown,5,may,342,1,-1,0,unknown,no,C00781,Low Money,14502.0,5801.0,5,1450.0,2175.0,6526.0,4,No Active Loan,Low,35.34,17.68,LOW,Every 60 Days,60,Occasional Offer
47,services,married,secondary,no,0,yes,no,cellular,9,jul,173,1,-1,0,unknown,no,C00782,Low Money,16700.0,6680.0,5,1670.0,2505.0,7515.0,4,No Active Loan,Low,35.34,17.67,LOW,Every 60 Days,60,Occasional Offer
62,retired,married,tertiary,no,2557,yes,no,cellular,14,sep,211,1,216,7,success,yes,C00783,Low Money,18277.0,7311.0,10,1828.0,2742.0,8224.0,7,No Active Loan,Low,34.19,17.72,LOW,Every 60 Days,60,Occasional Offer
48,management,divorced,tertiary,no,-244,yes,no,unknown,5,may,253,1,-1,0,unknown,no,C00784,Low Money,16800.0,6720.0,5,1680.0,2520.0,7560.0,4,No Active Loan,Low,35.34,17.67,LOW,Every 60 Days,60,Occasional Offer
38,blue-collar,divorced,secondary,no,1686,yes,no,unknown,19,jun,9,28,-1,0,unknown,no,C00785,Low Money,15851.0,6340.0,20,1585.0,2378.0,7133.0,14,No Active Loan,Medium,36.88,18.86,LOW,Every 60 Days,60,Occasional Offer
61,management,married,secondary,no,544,no,no,cellular,29,dec,63,3,200,9,success,yes,C00786,Low Money,18116.0,7246.0,18,1812.0,2717.0,8153.0,13,No Active Loan,Medium,36.89,18.58,LOW,Every 60 Days,60,Occasional Offer
23,admin.,married,secondary,no,299,yes,no,unknown,19,jun,104,1,-1,0,unknown,no,C00787,Low Money,14309.0,5724.0,5,1431.0,2146.0,6439.0,4,No Active Loan,Low,35.35,17.75,LOW,Every 60 Days,60,Occasional Offer
51,blue-collar,married,primary,no,541,no,no,cellular,11,aug,663,3,-1,0,unknown,yes,C00788,Low Money,17116.0,6846.0,9,1712.0,2567.0,7703.0,6,No Active Loan,Low,33.09,16.68,LOW,Every 60 Days,60,Occasional Offer
32,management,married,tertiary,no,2213,no,no,cellular,29,jan,125,2,154,7,failure,no,C00789,Low Money,15266.0,6106.0,13,1527.0,2290.0,6870.0,9,No Active Loan,Medium,34.8,17.95,LOW,Every 60 Days,60,Occasional Offer
21,student,single,primary,no,423,no,no,telephone,18,jan,287,5,285,5,success,yes,C00790,Low Money,14113.0,5645.0,20,1411.0,2117.0,6351.0,14,No Active Loan,Medium,36.88,18.54,LOW,Every 60 Days,60,Occasional Offer
40,technician,divorced,secondary,no,311,no,no,cellular,6,aug,738,2,-1,0,unknown,yes,C00791,Low Money,16009.0,6404.0,6,1601.0,2401.0,7204.0,4,No Active Loan,Low,32.28,16.22,LOW,Every 60 Days,60,Occasional Offer
55,management,married,tertiary,no,655,no,no,cellular,28,jul,167,6,-1,0,unknown,no,C00792,Low Money,17520.0,7008.0,18,1752.0,2628.0,7884.0,13,No Active Loan,Medium,36.89,18.61,LOW,Every 60 Days,60,Occasional Offer
44,management,married,unknown,no,2724,no,no,cellular,28,dec,893,1,-1,0,unknown,yes,C00793,Low Money,16482.0,6593.0,5,1648.0,2472.0,7417.0,4,No Active Loan,Low,35.34,18.34,LOW,Every 60 Days,60,Occasional Offer
41,unemployed,single,tertiary,no,79,no,no,telephone,9,nov,394,1,390,2,success,yes,C00794,Low Money,16102.0,6441.0,5,1610.0,2415.0,7246.0,4,No Active Loan,Low,35.34,17.69,LOW,Every 60 Days,60,Occasional Offer
22,student,single,unknown,no,466,no,no,cellular,30,jun,377,1,-1,0,unknown,yes,C00795,Low Money,14214.0,5686.0,5,1421.0,2132.0,6396.0,4,No Active Loan,Low,35.34,17.78,LOW,Every 60 Days,60,Occasional Offer
44,technician,divorced,secondary,no,1262,yes,no,unknown,26,may,788,11,-1,0,unknown,yes,C00796,Low Money,16438.0,6575.0,20,1644.0,2466.0,7397.0,14,No Active Loan,Medium,36.88,18.75,LOW,Every 60 Days,60,Occasional Offer
57,management,married,tertiary,no,1660,no,no,cellular,4,aug,642,1,-1,0,unknown,yes,C00797,Low Money,17750.0,7100.0,5,1775.0,2662.0,7988.0,4,No Active Loan,Low,35.34,18.08,LOW,Every 60 Days,60,Occasional Offer
52,housemaid,divorced,secondary,no,131,yes,yes,cellular,11,may,87,1,-1,0,unknown,no,C00798,Low Money,17204.0,6882.0,5,1720.0,2581.0,7741.0,4,Regular,Low,35.34,17.7,LOW,Every 60 Days,60,Occasional Offer
45,management,married,tertiary,no,1199,no,no,telephone,3,feb,221,2,-1,0,unknown,no,C00799,Low Money,16536.0,6614.0,6,1654.0,2480.0,7442.0,4,No Active Loan,Low,32.28,16.44,LOW,Every 60 Days,60,Occasional Offer
36,technician,single,secondary,no,27,yes,no,cellular,9,feb,631,1,260,2,success,yes,C00800,Low Money,15601.0,6240.0,5,1560.0,2340.0,7021.0,4,No Active Loan,Low,35.34,17.68,LOW,Every 60 Days,60,Occasional Offer
51,management,single,unknown,no,1277,no,no,cellular,22,feb,143,5,294,1,failure,no,C00801,Low Money,17138.0,6855.0,16,1714.0,2571.0,7712.0,11,No Active Loan,Medium,35.49,18.06,LOW,Every 60 Days,60,Occasional Offer
83,retired,single,primary,no,1965,no,no,telephone,13,oct,1003,3,-1,0,unknown,yes,C00802,Low Money,20359.0,8144.0,9,2036.0,3054.0,9161.0,6,No Active Loan,Low,33.09,17.03,LOW,Every 60 Days,60,Occasional Offer
33,services,single,secondary,no,133,no,no,cellular,14,jan,305,2,274,1,success,yes,C00803,Low Money,15304.0,6122.0,7,1530.0,2296.0,6886.0,5,No Active Loan,Low,33.74,16.9,LOW,Every 60 Days,60,Occasional Offer
29,management,single,tertiary,no,437,no,no,cellular,5,aug,504,1,92,1,success,yes,C00804,Low Money,14913.0,5965.0,5,1491.0,2237.0,6711.0,4,No Active Loan,Low,35.34,17.78,LOW,Every 60 Days,60,Occasional Offer
34,management,single,tertiary,no,268,no,no,cellular,7,sep,587,1,-1,0,unknown,yes,C00805,Low Money,15408.0,6163.0,5,1541.0,2311.0,6934.0,4,No Active Loan,Low,35.34,17.74,LOW,Every 60 Days,60,Occasional Offer
56,admin.,single,secondary,no,2815,yes,no,cellular,11,sep,212,1,-1,0,unknown,yes,C00806,Low Money,17684.0,7074.0,5,1768.0,2653.0,7957.0,4,No Active Loan,Low,35.34,18.36,LOW,Every 60 Days,60,Occasional Offer
55,management,married,tertiary,no,73,yes,no,unknown,5,may,142,2,-1,0,unknown,no,C00807,Low Money,17502.0,7001.0,6,1750.0,2625.0,7876.0,4,No Active Loan,Low,32.28,16.16,LOW,Every 60 Days,60,Occasional Offer
58,retired,married,tertiary,no,1425,no,no,cellular,30,apr,224,1,-1,0,unknown,yes,C00808,Low Money,17843.0,7137.0,5,1784.0,2676.0,8030.0,4,No Active Loan,Low,35.34,18.02,LOW,Every 60 Days,60,Occasional Offer
55,admin.,married,secondary,no,1102,yes,no,unknown,15,may,126,2,-1,0,unknown,no,C00809,Low Money,17533.0,7013.0,6,1753.0,2630.0,7890.0,4,No Active Loan,Low,32.28,16.41,LOW,Every 60 Days,60,Occasional Offer
46,services,divorced,secondary,no,4329,no,no,cellular,21,nov,534,2,-1,0,unknown,yes,C00810,Low Money,16730.0,6692.0,6,1673.0,2510.0,7528.0,4,No Active Loan,Low,32.28,17.21,LOW,Every 60 Days,60,Occasional Offer
31,management,married,tertiary,no,859,yes,yes,cellular,4,aug,182,3,-1,0,unknown,no,C00811,Low Money,15126.0,6050.0,9,1513.0,2269.0,6807.0,6,Regular,Low,33.09,16.76,LOW,Every 60 Days,60,Occasional Offer
28,admin.,married,secondary,no,934,yes,no,unknown,4,jul,53,2,-1,0,unknown,no,C00812,Low Money,14828.0,5931.0,6,1483.0,2224.0,6673.0,4,No Active Loan,Low,32.28,16.37,LOW,Every 60 Days,60,Occasional Offer
30,management,divorced,tertiary,no,46,no,no,cellular,13,aug,382,3,-1,0,unknown,no,C00813,Low Money,15001.0,6000.0,9,1500.0,2250.0,6751.0,6,No Active Loan,Low,33.09,16.56,LOW,Every 60 Days,60,Occasional Offer
26,student,single,unknown,no,2503,no,no,cellular,30,apr,121,1,63,2,failure,no,C00814,Low Money,14675.0,5870.0,5,1468.0,2201.0,6604.0,4,No Active Loan,Low,35.34,18.29,LOW,Every 60 Days,60,Occasional Offer
49,blue-collar,married,unknown,no,51,yes,no,unknown,7,may,984,1,-1,0,unknown,no,C00815,Low Money,16902.0,6761.0,5,1690.0,2535.0,7606.0,4,No Active Loan,Low,35.34,17.68,LOW,Every 60 Days,60,Occasional Offer
47,blue-collar,married,secondary,yes,-614,yes,no,unknown,26,may,118,2,-1,0,unknown,no,C00816,Low Money,16700.0,6680.0,6,1670.0,2505.0,7515.0,4,No Active Loan,Low,32.28,16.14,LOW,Every 60 Days,60,Occasional Offer
28,student,single,secondary,no,205,no,no,cellular,14,jul,87,3,184,2,other,yes,C00817,Low Money,14806.0,5922.0,11,1481.0,2221.0,6663.0,8,No Active Loan,Medium,35.14,17.62,LOW,Every 60 Days,60,Occasional Offer
32,management,single,tertiary,no,1781,no,no,cellular,8,apr,321,1,-1,0,unknown,yes,C00818,Low Money,15253.0,6101.0,5,1525.0,2288.0,6864.0,4,No Active Loan,Low,35.34,18.11,LOW,Every 60 Days,60,Occasional Offer
46,blue-collar,married,tertiary,no,993,yes,no,unknown,16,jun,78,1,-1,0,unknown,no,C00819,Low Money,16630.0,6652.0,5,1663.0,2494.0,7484.0,4,No Active Loan,Low,35.34,17.91,LOW,Every 60 Days,60,Occasional Offer
31,blue-collar,single,secondary,no,2137,no,no,unknown,29,may,413,1,-1,0,unknown,no,C00820,Low Money,15164.0,6066.0,5,1516.0,2275.0,6823.0,4,No Active Loan,Low,35.34,18.2,LOW,Every 60 Days,60,Occasional Offer
30,management,single,tertiary,no,502,no,yes,cellular,18,jul,572,1,-1,0,unknown,yes,C00821,Low Money,15015.0,6006.0,5,1502.0,2252.0,6757.0,4,Regular,Low,35.34,17.79,LOW,Every 60 Days,60,Occasional Offer
37,admin.,married,secondary,yes,0,no,no,unknown,9,jun,89,1,-1,0,unknown,no,C00822,Low Money,15700.0,6280.0,5,1570.0,2355.0,7065.0,4,No Active Loan,Low,35.34,17.67,LOW,Every 60 Days,60,Occasional Offer
45,blue-collar,married,primary,no,789,no,yes,cellular,29,jan,79,1,-1,0,unknown,no,C00823,Low Money,16524.0,6610.0,5,1652.0,2479.0,7435.0,4,Regular,Low,35.34,17.86,LOW,Every 60 Days,60,Occasional Offer
44,technician,married,unknown,yes,-375,yes,yes,telephone,6,may,149,4,-1,0,unknown,no,C00824,Low Money,16400.0,6560.0,12,1640.0,2460.0,7380.0,8,Regular,Medium,33.89,16.94,LOW,Every 60 Days,60,Occasional Offer
38,management,married,tertiary,no,1722,yes,no,cellular,10,jul,500,1,-1,0,unknown,yes,C00825,Low Money,15852.0,6341.0,5,1585.0,2378.0,7133.0,4,No Active Loan,Low,35.34,18.09,LOW,Every 60 Days,60,Occasional Offer
56,management,married,tertiary,no,2551,yes,no,cellular,17,nov,150,2,-1,0,unknown,no,C00826,Low Money,17677.0,7071.0,6,1768.0,2652.0,7954.0,4,No Active Loan,Low,32.28,16.77,LOW,Every 60 Days,60,Occasional Offer
37,unemployed,single,secondary,no,2722,no,no,telephone,27,apr,426,2,179,3,other,yes,C00827,Low Money,15782.0,6313.0,9,1578.0,2367.0,7102.0,6,No Active Loan,Low,33.09,17.22,LOW,Every 60 Days,60,Occasional Offer
24,student,single,secondary,no,382,no,no,cellular,13,nov,256,2,92,3,failure,yes,C00828,Low Money,14411.0,5764.0,9,1441.0,2162.0,6485.0,6,No Active Loan,Low,33.09,16.64,LOW,Every 60 Days,60,Occasional Offer
35,technician,single,tertiary,no,992,yes,no,cellular,26,aug,79,1,114,3,failure,no,C00829,Low Money,15530.0,6212.0,6,1553.0,2330.0,6988.0,4,No Active Loan,Low,32.28,16.38,LOW,Every 60 Days,60,Occasional Offer
37,management,divorced,tertiary,no,0,yes,no,cellular,11,may,217,6,-1,0,unknown,no,C00830,Low Money,15700.0,6280.0,18,1570.0,2355.0,7065.0,13,No Active Loan,Medium,36.89,18.44,LOW,Every 60 Days,60,Occasional Offer
28,management,single,tertiary,no,1287,yes,no,cellular,26,feb,65,1,-1,0,unknown,yes,C00831,Low Money,14839.0,5936.0,5,1484.0,2226.0,6677.0,4,No Active Loan,Low,35.35,17.99,LOW,Every 60 Days,60,Occasional Offer
28,blue-collar,single,primary,no,426,yes,no,cellular,18,may,953,3,-1,0,unknown,no,C00832,Low Money,14813.0,5925.0,9,1481.0,2222.0,6666.0,6,No Active Loan,Low,33.09,16.65,LOW,Every 60 Days,60,Occasional Offer
58,blue-collar,married,secondary,no,3027,yes,no,cellular,24,apr,160,1,-1,0,unknown,yes,C00833,Low Money,17891.0,7156.0,5,1789.0,2684.0,8051.0,4,No Active Loan,Low,35.34,18.42,LOW,Every 60 Days,60,Occasional Offer
36,technician,single,tertiary,no,197,no,no,cellular,30,apr,260,1,-1,0,unknown,yes,C00834,Low Money,15606.0,6242.0,5,1561.0,2341.0,7023.0,4,No Active Loan,Low,35.34,17.72,LOW,Every 60 Days,60,Occasional Offer
44,services,married,secondary,no,1450,yes,no,cellular,14,apr,356,1,314,2,failure,no,C00835,Low Money,16444.0,6578.0,5,1644.0,2467.0,7399.0,4,No Active Loan,Low,35.34,18.03,LOW,Every 60 Days,60,Occasional Offer
51,blue-collar,married,unknown,no,41,yes,no,telephone,9,jul,16,43,-1,0,unknown,no,C00836,Low Money,17101.0,6840.0,20,1710.0,2565.0,7696.0,14,No Active Loan,Medium,36.88,18.45,LOW,Every 60 Days,60,Occasional Offer
47,blue-collar,married,secondary,no,1568,yes,no,cellular,21,may,226,3,91,8,success,yes,C00837,Low Money,16747.0,6699.0,17,1675.0,2512.0,7536.0,12,No Active Loan,Medium,36.22,18.5,LOW,Every 60 Days,60,Occasional Offer
35,entrepreneur,married,secondary,no,2971,no,no,cellular,4,may,429,4,164,2,failure,yes,C00838,Low Money,15589.0,6236.0,14,1559.0,2338.0,7015.0,10,No Active Loan,Medium,35.62,18.54,LOW,Every 60 Days,60,Occasional Offer
33,management,married,tertiary,no,0,yes,no,cellular,28,jul,54,3,-1,0,unknown,no,C00839,Low Money,15300.0,6120.0,9,1530.0,2295.0,6885.0,6,No Active Loan,Low,33.09,16.55,LOW,Every 60 Days,60,Occasional Offer
26,management,single,tertiary,no,800,yes,no,cellular,30,jan,405,2,-1,0,unknown,no,C00840,Low Money,14624.0,5850.0,6,1462.0,2194.0,6580.0,4,No Active Loan,Low,32.28,16.34,LOW,Every 60 Days,60,Occasional Offer
72,retired,married,primary,no,1612,no,no,cellular,7,aug,530,2,-1,0,unknown,yes,C00841,Low Money,19248.0,7699.0,6,1925.0,2887.0,8662.0,4,No Active Loan,Low,32.28,16.54,LOW,Every 60 Days,60,Occasional Offer
37,self-employed,married,secondary,no,744,yes,yes,cellular,21,aug,161,3,-1,0,unknown,no,C00842,Low Money,15722.0,6289.0,9,1572.0,2358.0,7075.0,6,Regular,Low,33.09,16.73,LOW,Every 60 Days,60,Occasional Offer
30,self-employed,single,secondary,no,1031,no,no,unknown,20,oct,7,1,-1,0,unknown,no,C00843,Low Money,15031.0,6012.0,5,1503.0,2255.0,6764.0,4,No Active Loan,Low,35.34,17.92,LOW,Every 60 Days,60,Occasional Offer
25,management,married,secondary,no,2228,yes,no,cellular,23,jul,754,1,-1,0,unknown,yes,C00844,Low Money,14567.0,5827.0,5,1457.0,2185.0,6555.0,4,No Active Loan,Low,35.34,18.22,LOW,Every 60 Days,60,Occasional Offer
34,self-employed,single,tertiary,no,462,no,no,cellular,21,aug,1877,3,-1,0,unknown,yes,C00845,Low Money,15414.0,6166.0,9,1541.0,2312.0,6936.0,6,No Active Loan,Low,33.09,16.66,LOW,Every 60 Days,60,Occasional Offer
30,technician,married,secondary,no,2278,no,yes,telephone,19,nov,47,1,-1,0,unknown,no,C00846,Low Money,15068.0,6027.0,5,1507.0,2260.0,6781.0,4,Regular,Low,35.34,18.23,LOW,Every 60 Days,60,Occasional Offer
44,self-employed,divorced,tertiary,no,1070,yes,no,cellular,30,apr,381,1,160,2,other,yes,C00847,Low Money,16432.0,6573.0,5,1643.0,2465.0,7394.0,4,No Active Loan,Low,35.34,17.93,LOW,Every 60 Days,60,Occasional Offer
35,blue-collar,married,primary,no,2878,yes,no,cellular,18,nov,140,2,-1,0,unknown,no,C00848,Low Money,15586.0,6234.0,6,1559.0,2338.0,7014.0,4,No Active Loan,Low,32.28,16.85,LOW,Every 60 Days,60,Occasional Offer
28,blue-collar,single,secondary,no,3430,yes,no,unknown,6,jun,72,6,-1,0,unknown,no,C00849,Low Money,14903.0,5961.0,18,1490.0,2235.0,6707.0,13,No Active Loan,Medium,36.89,19.29,LOW,Every 60 Days,60,Occasional Offer
25,blue-collar,single,secondary,no,1857,yes,no,cellular,13,jul,195,2,91,10,success,yes,C00850,Low Money,14556.0,5822.0,16,1456.0,2183.0,6551.0,11,No Active Loan,Medium,35.49,18.2,LOW,Every 60 Days,60,Occasional Offer
62,self-employed,divorced,secondary,no,0,yes,no,cellular,20,aug,158,1,-1,0,unknown,yes,C00851,Low Money,18200.0,7280.0,5,1820.0,2730.0,8190.0,4,No Active Loan,Low,35.34,17.67,LOW,Every 60 Days,60,Occasional Offer
34,blue-collar,single,secondary,no,1759,no,yes,cellular,25,jul,695,1,-1,0,unknown,yes,C00852,Low Money,15453.0,6181.0,5,1545.0,2318.0,6954.0,4,Regular,Low,35.34,18.1,LOW,Every 60 Days,60,Occasional Offer
41,entrepreneur,married,tertiary,no,121,yes,no,cellular,5,may,456,1,287,1,failure,no,C00853,Low Money,16104.0,6442.0,5,1610.0,2416.0,7246.0,4,No Active Loan,Low,35.34,17.7,LOW,Every 60 Days,60,Occasional Offer
35,blue-collar,married,unknown,no,1201,no,no,unknown,18,jun,537,1,-1,0,unknown,yes,C00854,Low Money,15536.0,6214.0,5,1554.0,2330.0,6992.0,4,No Active Loan,Low,35.34,17.97,LOW,Every 60 Days,60,Occasional Offer
34,technician,married,secondary,no,883,no,no,telephone,3,feb,166,2,173,3,failure,no,C00855,Low Money,15426.0,6170.0,9,1543.0,2314.0,6942.0,6,No Active Loan,Low,33.09,16.76,LOW,Every 60 Days,60,Occasional Offer
72,retired,married,tertiary,no,0,no,no,cellular,13,feb,99,1,-1,0,unknown,yes,C00856,Low Money,19200.0,7680.0,5,1920.0,2880.0,8640.0,4,No Active Loan,Low,35.34,17.67,LOW,Every 60 Days,60,Occasional Offer
57,management,divorced,unknown,no,2986,no,no,cellular,17,dec,222,2,231,1,failure,yes,C00857,Low Money,17790.0,7116.0,7,1779.0,2668.0,8006.0,5,No Active Loan,Low,33.74,17.61,LOW,Every 60 Days,60,Occasional Offer
55,services,married,secondary,no,2476,yes,no,unknown,5,may,579,1,-1,0,unknown,yes,C00858,Low Money,17574.0,7030.0,5,1757.0,2636.0,7908.0,4,No Active Loan,Low,35.34,18.28,LOW,Every 60 Days,60,Occasional Offer
32,admin.,married,secondary,no,205,no,no,cellular,18,jul,197,3,-1,0,unknown,no,C00859,Low Money,15206.0,6082.0,9,1521.0,2281.0,6843.0,6,No Active Loan,Low,33.09,16.6,LOW,Every 60 Days,60,Occasional Offer
35,technician,married,secondary,no,1,yes,yes,unknown,21,may,85,1,-1,0,unknown,no,C00860,Low Money,15500.0,6200.0,5,1550.0,2325.0,6975.0,4,Regular,Low,35.34,17.67,LOW,Every 60 Days,60,Occasional Offer
29,entrepreneur,single,tertiary,no,219,yes,no,cellular,18,may,76,2,356,1,failure,no,C00861,Low Money,14907.0,5963.0,7,1491.0,2236.0,6708.0,5,No Active Loan,Low,33.74,16.92,LOW,Every 60 Days,60,Occasional Offer
48,admin.,married,secondary,no,476,no,no,unknown,5,jun,489,3,-1,0,unknown,no,C00862,Low Money,16814.0,6726.0,9,1681.0,2522.0,7566.0,6,No Active Loan,Low,33.09,16.66,LOW,Every 60 Days,60,Occasional Offer
53,retired,divorced,tertiary,no,-309,yes,no,cellular,21,aug,343,2,428,2,success,yes,C00863,Low Money,17300.0,6920.0,8,1730.0,2595.0,7785.0,6,No Active Loan,Low,34.9,17.45,LOW,Every 60 Days,60,Occasional Offer
42,blue-collar,married,secondary,no,1297,yes,no,cellular,3,apr,697,2,-1,0,unknown,no,C00864,Low Money,16239.0,6496.0,6,1624.0,2436.0,7307.0,4,No Active Loan,Low,32.28,16.46,LOW,Every 60 Days,60,Occasional Offer
37,technician,divorced,secondary,no,141,yes,no,cellular,6,may,848,1,364,3,failure,yes,C00865,Low Money,15704.0,6282.0,6,1570.0,2356.0,7066.0,4,No Active Loan,Low,32.28,16.17,LOW,Every 60 Days,60,Occasional Offer
22,unemployed,single,tertiary,no,993,no,no,cellular,28,jul,115,3,93,1,other,yes,C00866,Low Money,14230.0,5692.0,10,1423.0,2134.0,6404.0,7,No Active Loan,Low,34.19,17.34,LOW,Every 60 Days,60,Occasional Offer
47,technician,married,secondary,no,3466,yes,no,cellular,11,jul,853,2,-1,0,unknown,yes,C00867,Low Money,16804.0,6722.0,6,1680.0,2521.0,7561.0,4,No Active Loan,Low,32.28,16.99,LOW,Every 60 Days,60,Occasional Offer
49,management,married,tertiary,no,0,no,no,telephone,17,oct,223,1,-1,0,unknown,yes,C00868,Low Money,16900.0,6760.0,5,1690.0,2535.0,7605.0,4,No Active Loan,Low,35.34,17.67,LOW,Every 60 Days,60,Occasional Offer
39,management,single,tertiary,no,1515,yes,no,cellular,4,may,815,6,167,6,failure,yes,C00869,Low Money,15945.0,6378.0,20,1594.0,2392.0,7175.0,14,No Active Loan,Medium,36.88,18.81,LOW,Every 60 Days,60,Occasional Offer
29,management,married,tertiary,no,941,yes,no,unknown,4,jun,570,11,-1,0,unknown,no,C00870,Low Money,14928.0,5971.0,20,1493.0,2239.0,6718.0,14,No Active Loan,Medium,36.88,18.67,LOW,Every 60 Days,60,Occasional Offer
33,management,married,tertiary,no,148,no,no,unknown,20,may,717,1,-1,0,unknown,no,C00871,Low Money,15304.0,6122.0,5,1530.0,2296.0,6886.0,4,No Active Loan,Low,35.34,17.71,LOW,Every 60 Days,60,Occasional Offer
55,admin.,married,secondary,no,183,yes,no,unknown,6,may,150,1,-1,0,unknown,no,C00872,Low Money,17505.0,7002.0,5,1750.0,2626.0,7877.0,4,No Active Loan,Low,35.34,17.72,LOW,Every 60 Days,60,Occasional Offer
37,services,single,secondary,no,50,no,no,cellular,19,nov,244,1,154,8,other,no,C00873,Low Money,15702.0,6281.0,11,1570.0,2355.0,7066.0,8,No Active Loan,Medium,35.14,17.58,LOW,Every 60 Days,60,Occasional Offer
33,management,single,tertiary,no,224,no,no,cellular,8,mar,241,2,-1,0,unknown,yes,C00874,Low Money,15307.0,6123.0,6,1531.0,2296.0,6888.0,4,No Active Loan,Low,32.28,16.2,LOW,Every 60 Days,60,Occasional Offer
54,blue-collar,married,primary,no,532,no,no,telephone,31,jul,73,2,-1,0,unknown,no,C00875,Low Money,17416.0,6966.0,6,1742.0,2612.0,7838.0,4,No Active Loan,Low,32.28,16.27,LOW,Every 60 Days,60,Occasional Offer
49,management,married,tertiary,no,3237,yes,no,unknown,5,may,232,3,-1,0,unknown,no,C00876,Low Money,16997.0,6799.0,9,1700.0,2550.0,7648.0,6,No Active Loan,Low,33.09,17.34,LOW,Every 60 Days,60,Occasional Offer
34,blue-collar,married,primary,no,695,yes,yes,unknown,16,may,1064,4,-1,0,unknown,yes,C00877,Low Money,15421.0,6168.0,12,1542.0,2313.0,6940.0,8,Regular,Medium,33.89,17.12,LOW,Every 60 Days,60,Occasional Offer
30,management,single,tertiary,no,985,yes,no,cellular,25,oct,304,1,94,2,success,yes,C00878,Low Money,15030.0,6012.0,5,1503.0,2254.0,6764.0,4,No Active Loan,Low,35.34,17.91,LOW,Every 60 Days,60,Occasional Offer
44,admin.,single,secondary,no,4492,no,yes,cellular,31,jul,19,13,-1,0,unknown,no,C00879,Low Money,16535.0,6614.0,20,1654.0,2480.0,7441.0,14,Regular,Medium,36.88,19.55,LOW,Every 60 Days,60,Occasional Offer
38,technician,divorced,secondary,no,1294,yes,no,unknown,29,may,565,1,-1,0,unknown,no,C00880,Low Money,15839.0,6336.0,5,1584.0,2376.0,7127.0,4,No Active Loan,Low,35.34,17.99,LOW,Every 60 Days,60,Occasional Offer
55,housemaid,married,primary,no,10,no,no,cellular,4,feb,174,3,-1,0,unknown,no,C00881,Low Money,17500.0,7000.0,9,1750.0,2625.0,7875.0,6,No Active Loan,Low,33.09,16.55,LOW,Every 60 Days,60,Occasional Offer
34,management,married,tertiary,no,828,no,yes,cellular,11,aug,1080,3,-1,0,unknown,yes,C00882,Low Money,15425.0,6170.0,9,1542.0,2314.0,6941.0,6,Regular,Low,33.09,16.75,LOW,Every 60 Days,60,Occasional Offer
37,management,married,secondary,no,80,no,no,cellular,27,aug,155,3,-1,0,unknown,no,C00883,Low Money,15702.0,6281.0,9,1570.0,2355.0,7066.0,6,No Active Loan,Low,33.09,16.56,LOW,Every 60 Days,60,Occasional Offer
28,blue-collar,single,secondary,no,38,yes,no,unknown,23,may,31,1,-1,0,unknown,no,C00884,Low Money,14801.0,5920.0,5,1480.0,2220.0,6661.0,4,No Active Loan,Low,35.34,17.68,LOW,Every 60 Days,60,Occasional Offer
37,services,married,secondary,no,1,no,no,unknown,15,may,395,2,-1,0,unknown,no,C00885,Low Money,15700.0,6280.0,6,1570.0,2355.0,7065.0,4,No Active Loan,Low,32.28,16.14,LOW,Every 60 Days,60,Occasional Offer
26,technician,single,secondary,no,124,yes,no,unknown,12,may,57,8,-1,0,unknown,no,C00886,Low Money,14604.0,5842.0,20,1460.0,2191.0,6571.0,14,No Active Loan,Medium,36.88,18.47,LOW,Every 60 Days,60,Occasional Offer
60,services,married,tertiary,no,4256,yes,no,cellular,16,nov,200,1,92,4,success,yes,C00887,Low Money,18128.0,7251.0,7,1813.0,2719.0,8158.0,5,No Active Loan,Low,33.74,17.92,LOW,Every 60 Days,60,Occasional Offer
46,management,married,tertiary,no,349,no,no,cellular,14,may,466,4,88,3,success,yes,C00888,Low Money,16610.0,6644.0,15,1661.0,2492.0,7474.0,10,No Active Loan,Medium,34.7,17.44,LOW,Every 60 Days,60,Occasional Offer
41,management,married,tertiary,no,30,no,no,cellular,19,aug,171,7,-1,0,unknown,no,C00889,Low Money,16101.0,6440.0,20,1610.0,2415.0,7246.0,14,No Active Loan,Medium,36.88,18.45,LOW,Every 60 Days,60,Occasional Offer
38,blue-collar,married,secondary,no,602,yes,no,unknown,30,may,161,12,-1,0,unknown,no,C00890,Low Money,15818.0,6327.0,20,1582.0,2373.0,7118.0,14,No Active Loan,Medium,36.88,18.59,LOW,Every 60 Days,60,Occasional Offer
29,blue-collar,single,secondary,no,2891,yes,no,cellular,7,may,293,1,-1,0,unknown,no,C00891,Low Money,14987.0,5995.0,5,1499.0,2248.0,6744.0,4,No Active Loan,Low,35.34,18.38,LOW,Every 60 Days,60,Occasional Offer
35,blue-collar,married,secondary,no,-701,yes,yes,cellular,7,may,531,3,-1,0,unknown,no,C00892,Low Money,15500.0,6200.0,9,1550.0,2325.0,6975.0,6,Regular,Low,33.09,16.55,LOW,Every 60 Days,60,Occasional Offer
40,management,married,secondary,no,2596,no,no,unknown,12,jun,236,1,-1,0,unknown,no,C00893,Low Money,16078.0,6431.0,5,1608.0,2412.0,7235.0,4,No Active Loan,Low,35.34,18.31,LOW,Every 60 Days,60,Occasional Offer
45,technician,divorced,secondary,no,-357,yes,yes,cellular,18,may,618,1,355,2,failure,yes,C00894,Low Money,16500.0,6600.0,5,1650.0,2475.0,7425.0,4,Regular,Low,35.34,17.67,LOW,Every 60 Days,60,Occasional Offer
35,admin.,married,tertiary,no,318,yes,yes,cellular,1,oct,142,1,-1,0,unknown,no,C00895,Low Money,15510.0,6204.0,5,1551.0,2326.0,6980.0,4,Regular,Low,35.34,17.75,LOW,Every 60 Days,60,Occasional Offer
35,technician,married,secondary,no,294,yes,no,cellular,15,jun,238,6,98,5,success,no,C00896,Low Money,15509.0,6204.0,20,1551.0,2326.0,6979.0,14,No Active Loan,Medium,36.88,18.51,LOW,Every 60 Days,60,Occasional Offer
26,self-employed,married,tertiary,no,479,yes,no,cellular,9,feb,133,3,-1,0,unknown,no,C00897,Low Money,14614.0,5846.0,9,1461.0,2192.0,6576.0,6,No Active Loan,Low,33.09,16.66,LOW,Every 60 Days,60,Occasional Offer
39,blue-collar,married,primary,no,275,yes,no,unknown,16,jun,189,2,-1,0,unknown,no,C00898,Low Money,15908.0,6363.0,6,1591.0,2386.0,7159.0,4,No Active Loan,Low,32.28,16.21,LOW,Every 60 Days,60,Occasional Offer
32,technician,married,secondary,no,253,yes,no,cellular,21,nov,76,1,170,3,failure,no,C00899,Low Money,15208.0,6083.0,6,1521.0,2281.0,6844.0,4,No Active Loan,Low,32.28,16.2,LOW,Every 60 Days,60,Occasional Offer
36,management,single,tertiary,no,2032,no,yes,cellular,20,nov,736,1,-1,0,unknown,yes,C00900,Low Money,15661.0,6264.0,5,1566.0,2349.0,7048.0,4,Regular,Low,35.34,18.17,LOW,Every 60 Days,60,Occasional Offer
34,blue-collar,married,secondary,no,965,yes,no,cellular,20,apr,372,2,332,2,other,no,C00901,Low Money,15429.0,6172.0,8,1543.0,2314.0,6943.0,6,No Active Loan,Low,34.9,17.69,LOW,Every 60 Days,60,Occasional Offer
58,management,married,tertiary,no,3228,no,no,cellular,19,aug,58,2,-1,0,unknown,no,C00902,Low Money,17897.0,7159.0,6,1790.0,2685.0,8053.0,4,No Active Loan,Low,32.28,16.94,LOW,Every 60 Days,60,Occasional Offer
35,entrepreneur,married,tertiary,no,1859,yes,no,cellular,14,jul,227,2,-1,0,unknown,no,C00903,Low Money,15556.0,6222.0,6,1556.0,2333.0,7001.0,4,No Active Loan,Low,32.28,16.6,LOW,Every 60 Days,60,Occasional Offer
45,blue-collar,married,secondary,no,192,yes,no,cellular,13,may,154,5,176,1,other,no,C00904,Low Money,16506.0,6602.0,16,1651.0,2476.0,7428.0,11,No Active Loan,Medium,35.49,17.79,LOW,Every 60 Days,60,Occasional Offer
54,services,married,secondary,no,171,no,yes,cellular,14,jul,673,8,-1,0,unknown,no,C00905,Low Money,17405.0,6962.0,20,1740.0,2611.0,7832.0,14,Regular,Medium,36.88,18.48,LOW,Every 60 Days,60,Occasional Offer
47,management,married,unknown,no,4567,no,no,telephone,31,jul,921,4,-1,0,unknown,no,C00906,Low Money,16837.0,6735.0,12,1684.0,2526.0,7576.0,8,No Active Loan,Medium,33.89,18.07,LOW,Every 60 Days,60,Occasional Offer
35,admin.,married,secondary,no,1286,yes,no,cellular,5,may,862,3,337,1,other,yes,C00907,Low Money,15539.0,6216.0,10,1554.0,2331.0,6992.0,7,No Active Loan,Low,34.19,17.41,LOW,Every 60 Days,60,Occasional Offer
50,technician,married,secondary,no,3176,no,no,cellular,7,aug,670,1,-1,0,unknown,yes,C00908,Low Money,17095.0,6838.0,5,1710.0,2564.0,7693.0,4,No Active Loan,Low,35.34,18.45,LOW,Every 60 Days,60,Occasional Offer
41,management,married,tertiary,no,2781,yes,no,cellular,12,aug,95,2,-1,0,unknown,no,C00909,Low Money,16183.0,6473.0,6,1618.0,2427.0,7283.0,4,No Active Loan,Low,32.28,16.82,LOW,Every 60 Days,60,Occasional Offer
38,technician,divorced,tertiary,no,304,yes,no,cellular,20,apr,8,2,-1,0,unknown,no,C00910,Low Money,15809.0,6324.0,6,1581.0,2371.0,7114.0,4,No Active Loan,Low,32.28,16.21,LOW,Every 60 Days,60,Occasional Offer
34,admin.,married,secondary,no,1406,yes,no,cellular,27,may,145,1,-1,0,unknown,yes,C00911,Low Money,15442.0,6177.0,5,1544.0,2316.0,6949.0,4,No Active Loan,Low,35.34,18.02,LOW,Every 60 Days,60,Occasional Offer
39,services,divorced,secondary,no,687,yes,no,cellular,9,jul,869,1,-1,0,unknown,yes,C00912,Low Money,15921.0,6368.0,5,1592.0,2388.0,7165.0,4,No Active Loan,Low,35.34,17.84,LOW,Every 60 Days,60,Occasional Offer
47,retired,single,primary,no,3033,no,no,cellular,8,sep,293,1,-1,0,unknown,yes,C00913,Low Money,16791.0,6716.0,5,1679.0,2519.0,7556.0,4,No Active Loan,Low,35.34,18.42,LOW,Every 60 Days,60,Occasional Offer
31,management,single,tertiary,no,617,no,no,cellular,4,jun,1161,1,97,2,success,yes,C00914,Low Money,15119.0,6048.0,5,1512.0,2268.0,6803.0,4,No Active Loan,Low,35.35,17.83,LOW,Every 60 Days,60,Occasional Offer
30,management,single,tertiary,no,640,no,no,cellular,6,feb,124,4,213,2,failure,no,C00915,Low Money,15019.0,6008.0,14,1502.0,2253.0,6758.0,10,No Active Loan,Medium,35.62,17.97,LOW,Every 60 Days,60,Occasional Offer
31,services,single,secondary,no,2038,yes,no,unknown,20,may,148,1,-1,0,unknown,no,C00916,Low Money,15161.0,6064.0,5,1516.0,2274.0,6823.0,4,No Active Loan,Low,35.34,18.17,LOW,Every 60 Days,60,Occasional Offer
31,admin.,married,secondary,no,35,no,no,cellular,30,apr,615,1,-1,0,unknown,yes,C00917,Low Money,15101.0,6040.0,5,1510.0,2265.0,6796.0,4,No Active Loan,Low,35.34,17.68,LOW,Every 60 Days,60,Occasional Offer
50,services,married,secondary,no,1321,no,no,unknown,17,jun,271,2,-1,0,unknown,no,C00918,Low Money,17040.0,6816.0,6,1704.0,2556.0,7668.0,4,No Active Loan,Low,32.28,16.47,LOW,Every 60 Days,60,Occasional Offer
33,blue-collar,single,secondary,no,706,yes,no,cellular,7,apr,329,1,322,1,failure,no,C00919,Low Money,15321.0,6128.0,5,1532.0,2298.0,6895.0,4,No Active Loan,Low,35.34,17.84,LOW,Every 60 Days,60,Occasional Offer
77,retired,married,primary,no,1385,no,no,telephone,8,sep,160,4,-1,0,unknown,no,C00920,Low Money,19742.0,7897.0,12,1974.0,2961.0,8884.0,8,No Active Loan,Medium,33.89,17.29,LOW,Every 60 Days,60,Occasional Offer
59,unemployed,married,secondary,no,1047,no,no,cellular,21,aug,438,1,184,3,success,yes,C00921,Low Money,17931.0,7172.0,6,1793.0,2690.0,8069.0,4,No Active Loan,Low,32.28,16.4,LOW,Every 60 Days,60,Occasional Offer
50,self-employed,single,secondary,no,766,yes,no,cellular,7,may,253,2,304,4,failure,no,C00922,Low Money,17023.0,6809.0,10,1702.0,2553.0,7661.0,7,No Active Loan,Low,34.19,17.28,LOW,Every 60 Days,60,Occasional Offer
57,admin.,married,unknown,no,0,yes,no,unknown,15,may,215,2,-1,0,unknown,no,C00923,Low Money,17700.0,7080.0,6,1770.0,2655.0,7965.0,4,No Active Loan,Low,32.28,16.14,LOW,Every 60 Days,60,Occasional Offer
32,services,married,secondary,no,109,yes,no,unknown,2,jun,364,13,-1,0,unknown,no,C00924,Low Money,15203.0,6081.0,20,1520.0,2280.0,6842.0,14,No Active Loan,Medium,36.88,18.47,LOW,Every 60 Days,60,Occasional Offer
34,management,single,tertiary,no,1310,no,yes,cellular,20,nov,90,3,-1,0,unknown,no,C00925,Low Money,15439.0,6176.0,9,1544.0,2316.0,6947.0,6,Regular,Low,33.09,16.87,LOW,Every 60 Days,60,Occasional Offer
36,blue-collar,married,primary,no,49,yes,no,cellular,15,may,232,2,365,5,other,no,C00926,Low Money,15601.0,6240.0,11,1560.0,2340.0,7021.0,8,No Active Loan,Medium,35.14,17.58,LOW,Every 60 Days,60,Occasional Offer
36,blue-collar,married,primary,no,21,no,no,telephone,20,nov,35,1,-1,0,unknown,no,C00927,Low Money,15601.0,6240.0,5,1560.0,2340.0,7021.0,4,No Active Loan,Low,35.34,17.68,LOW,Every 60 Days,60,Occasional Offer
45,admin.,single,secondary,no,-11,yes,no,cellular,5,may,247,1,-1,0,unknown,no,C00928,Low Money,16500.0,6600.0,5,1650.0,2475.0,7425.0,4,No Active Loan,Low,35.34,17.67,LOW,Every 60 Days,60,Occasional Offer
70,retired,married,secondary,no,2626,no,no,cellular,2,sep,140,2,-1,0,unknown,yes,C00929,Low Money,19079.0,7632.0,6,1908.0,2862.0,8585.0,4,No Active Loan,Low,32.28,16.79,LOW,Every 60 Days,60,Occasional Offer
37,blue-collar,married,primary,no,152,yes,no,cellular,17,apr,252,2,-1,0,unknown,no,C00930,Low Money,15705.0,6282.0,6,1570.0,2356.0,7067.0,4,No Active Loan,Low,32.28,16.18,LOW,Every 60 Days,60,Occasional Offer
47,technician,divorced,secondary,no,1013,no,no,cellular,15,jun,54,3,-1,0,unknown,no,C00931,Low Money,16730.0,6692.0,9,1673.0,2510.0,7528.0,6,No Active Loan,Low,33.09,16.79,LOW,Every 60 Days,60,Occasional Offer
48,management,married,tertiary,no,1949,yes,no,unknown,13,may,683,2,-1,0,unknown,yes,C00932,Low Money,16858.0,6743.0,6,1686.0,2529.0,7586.0,4,No Active Loan,Low,32.28,16.62,LOW,Every 60 Days,60,Occasional Offer
57,management,married,primary,no,687,yes,yes,telephone,21,jul,107,3,-1,0,unknown,no,C00933,Low Money,17721.0,7088.0,9,1772.0,2658.0,7975.0,6,Regular,Low,33.09,16.71,LOW,Every 60 Days,60,Occasional Offer
58,technician,married,secondary,no,4299,yes,no,unknown,29,may,348,3,-1,0,unknown,no,C00934,Low Money,17929.0,7172.0,9,1793.0,2689.0,8068.0,6,No Active Loan,Low,33.09,17.6,LOW,Every 60 Days,60,Occasional Offer
32,technician,single,secondary,no,40,no,no,cellular,8,aug,419,2,-1,0,unknown,yes,C00935,Low Money,15201.0,6080.0,6,1520.0,2280.0,6841.0,4,No Active Loan,Low,32.28,16.15,LOW,Every 60 Days,60,Occasional Offer
57,retired,married,primary,no,9367,no,no,cellular,11,feb,981,1,90,6,success,yes,C00936,Low Money,17981.0,7192.0,9,1798.0,2697.0,8092.0,6,No Active Loan,Low,33.09,18.85,LOW,Every 60 Days,60,Occasional Offer
55,admin.,married,secondary,no,-2,no,no,cellular,28,aug,76,1,-1,0,unknown,no,C00937,Low Money,17500.0,7000.0,5,1750.0,2625.0,7875.0,4,No Active Loan,Low,35.34,17.67,LOW,Every 60 Days,60,Occasional Offer
54,retired,married,secondary,no,3538,no,no,cellular,27,may,820,1,-1,0,unknown,yes,C00938,Low Money,17506.0,7002.0,5,1751.0,2626.0,7878.0,4,No Active Loan,Low,35.34,18.54,LOW,Every 60 Days,60,Occasional Offer
41,technician,married,secondary,no,-274,yes,no,unknown,27,may,182,3,-1,0,unknown,no,C00939,Low Money,16100.0,6440.0,9,1610.0,2415.0,7245.0,6,No Active Loan,Low,33.09,16.55,LOW,Every 60 Days,60,Occasional Offer
34,blue-collar,married,primary,no,479,no,no,cellular,11,jul,772,1,-1,0,unknown,no,C00940,Low Money,15414.0,6166.0,5,1541.0,2312.0,6936.0,4,No Active Loan,Low,35.34,17.79,LOW,Every 60 Days,60,Occasional Offer
45,services,married,unknown,no,8319,no,no,cellular,15,jun,75,2,-1,0,unknown,no,C00941,Low Money,16750.0,6700.0,6,1675.0,2512.0,7538.0,4,No Active Loan,Low,32.28,18.19,LOW,Every 60 Days,60,Occasional Offer
44,blue-collar,married,secondary,no,-448,yes,no,unknown,18,jun,149,2,-1,0,unknown,no,C00942,Low Money,16400.0,6560.0,6,1640.0,2460.0,7380.0,4,No Active Loan,Low,32.28,16.14,LOW,Every 60 Days,60,Occasional Offer
47,blue-collar,married,secondary,no,1388,yes,no,cellular,17,apr,119,2,-1,0,unknown,no,C00943,Low Money,16742.0,6697.0,6,1674.0,2511.0,7534.0,4,No Active Loan,Low,32.28,16.48,LOW,Every 60 Days,60,Occasional Offer
29,services,single,secondary,no,192,no,no,cellular,30,jan,327,4,-1,0,unknown,no,C00944,Low Money,14906.0,5962.0,12,1491.0,2236.0,6708.0,8,No Active Loan,Medium,33.89,16.99,LOW,Every 60 Days,60,Occasional Offer
53,management,married,secondary,no,2693,no,no,cellular,5,mar,90,1,104,1,failure,yes,C00945,Low Money,17381.0,6952.0,5,1738.0,2607.0,7822.0,4,No Active Loan,Low,35.34,18.33,LOW,Every 60 Days,60,Occasional Offer
35,management,single,secondary,yes,-202,yes,no,unknown,20,may,268,3,-1,0,unknown,no,C00946,Low Money,15500.0,6200.0,9,1550.0,2325.0,6975.0,6,No Active Loan,Low,33.09,16.55,LOW,Every 60 Days,60,Occasional Offer
59,retired,divorced,secondary,no,5845,no,no,cellular,14,may,1060,2,-1,0,unknown,yes,C00947,Low Money,18075.0,7230.0,6,1808.0,2711.0,8134.0,4,No Active Loan,Low,32.28,17.58,LOW,Every 60 Days,60,Occasional Offer
45,entrepreneur,divorced,tertiary,no,1273,yes,yes,cellular,20,nov,206,2,162,3,failure,no,C00948,Low Money,16538.0,6615.0,9,1654.0,2481.0,7442.0,6,Regular,Low,33.09,16.86,LOW,Every 60 Days,60,Occasional Offer
47,technician,married,primary,no,235,no,no,cellular,2,mar,136,2,203,1,other,yes,C00949,Low Money,16707.0,6683.0,7,1671.0,2506.0,7518.0,5,No Active Loan,Low,33.74,16.93,LOW,Every 60 Days,60,Occasional Offer
26,blue-collar,single,primary,no,16,no,yes,cellular,8,jul,249,2,-1,0,unknown,no,C00950,Low Money,14600.0,5840.0,6,1460.0,2190.0,6570.0,4,Regular,Low,32.28,16.14,LOW,Every 60 Days,60,Occasional Offer
54,management,married,tertiary,no,0,yes,no,cellular,24,jul,140,2,-1,0,unknown,no,C00951,Low Money,17400.0,6960.0,6,1740.0,2610.0,7830.0,4,No Active Loan,Low,32.28,16.14,LOW,Every 60 Days,60,Occasional Offer
32,management,married,tertiary,no,169,no,yes,cellular,20,aug,119,2,-1,0,unknown,no,C00952,Low Money,15205.0,6082.0,6,1520.0,2281.0,6842.0,4,Regular,Low,32.28,16.18,LOW,Every 60 Days,60,Occasional Offer
24,student,single,secondary,no,1123,no,no,cellular,13,jul,475,1,412,1,other,yes,C00953,Low Money,14434.0,5774.0,5,1443.0,2165.0,6495.0,4,No Active Loan,Low,35.34,17.95,LOW,Every 60 Days,60,Occasional Offer
28,management,married,tertiary,yes,84,no,yes,cellular,28,jul,48,21,-1,0,unknown,no,C00954,Low Money,14803.0,5921.0,20,1480.0,2220.0,6662.0,14,Regular,Medium,36.88,18.46,LOW,Every 60 Days,60,Occasional Offer
32,management,married,tertiary,no,663,no,yes,cellular,22,jul,62,3,-1,0,unknown,no,C00955,Low Money,15220.0,6088.0,9,1522.0,2283.0,6849.0,6,Regular,Low,33.09,16.71,LOW,Every 60 Days,60,Occasional Offer
35,management,married,tertiary,no,-468,yes,no,cellular,30,jul,540,8,-1,0,unknown,yes,C00956,Low Money,15500.0,6200.0,20,1550.0,2325.0,6975.0,14,No Active Loan,Medium,36.88,18.44,LOW,Every 60 Days,60,Occasional Offer
31,management,single,tertiary,no,1675,no,no,cellular,2,sep,114,2,363,1,failure,no,C00957,Low Money,15150.0,6060.0,7,1515.0,2272.0,6818.0,5,No Active Loan,Low,33.74,17.28,LOW,Every 60 Days,60,Occasional Offer
36,admin.,married,secondary,no,286,yes,no,cellular,22,jul,167,9,-1,0,unknown,no,C00958,Low Money,15609.0,6244.0,20,1561.0,2341.0,7024.0,14,No Active Loan,Medium,36.88,18.51,LOW,Every 60 Days,60,Occasional Offer
51,management,married,primary,yes,57,yes,yes,unknown,8,may,61,1,-1,0,unknown,no,C00959,Low Money,17102.0,6841.0,5,1710.0,2565.0,7696.0,4,Regular,Low,35.34,17.68,LOW,Every 60 Days,60,Occasional Offer
42,technician,married,secondary,no,994,yes,no,cellular,18,jan,453,1,67,9,success,yes,C00960,Low Money,16230.0,6492.0,12,1623.0,2434.0,7304.0,8,No Active Loan,Medium,33.89,17.19,LOW,Every 60 Days,60,Occasional Offer
52,blue-collar,married,secondary,no,2087,yes,no,cellular,31,aug,267,1,474,1,failure,yes,C00961,Low Money,17263.0,6905.0,5,1726.0,2589.0,7769.0,4,No Active Loan,Low,35.34,18.18,LOW,Every 60 Days,60,Occasional Offer
54,technician,married,tertiary,yes,337,yes,no,unknown,28,may,302,2,-1,0,unknown,no,C00962,Low Money,17410.0,6964.0,6,1741.0,2612.0,7834.0,4,No Active Loan,Low,32.28,16.22,LOW,Every 60 Days,60,Occasional Offer
44,management,divorced,tertiary,no,5773,no,no,unknown,23,may,597,6,-1,0,unknown,yes,C00963,Low Money,16573.0,6629.0,18,1657.0,2486.0,7458.0,13,No Active Loan,Medium,36.89,19.87,LOW,Every 60 Days,60,Occasional Offer
36,blue-collar,married,secondary,no,1088,yes,no,cellular,13,may,77,2,345,2,failure,no,C00964,Low Money,15633.0,6253.0,8,1563.0,2345.0,7035.0,6,No Active Loan,Low,34.9,17.72,LOW,Every 60 Days,60,Occasional Offer
70,housemaid,divorced,primary,no,1311,no,no,cellular,11,aug,651,1,-1,0,unknown,yes,C00965,Low Money,19039.0,7616.0,5,1904.0,2856.0,8567.0,4,No Active Loan,Low,35.34,17.99,LOW,Every 60 Days,60,Occasional Offer
29,blue-collar,single,secondary,no,2806,no,no,cellular,15,oct,294,1,93,5,other,no,C00966,Low Money,14984.0,5994.0,8,1498.0,2248.0,6742.0,6,No Active Loan,Low,34.9,18.14,LOW,Every 60 Days,60,Occasional Offer
59,retired,married,tertiary,no,148,yes,yes,cellular,8,may,685,2,366,1,other,yes,C00967,Low Money,17904.0,7162.0,7,1790.0,2686.0,8056.0,5,Regular,Low,33.74,16.91,LOW,Every 60 Days,60,Occasional Offer
42,services,married,secondary,no,154,yes,no,telephone,14,may,346,5,372,1,other,no,C00968,Low Money,16205.0,6482.0,16,1620.0,2431.0,7292.0,11,No Active Loan,Medium,35.49,17.78,LOW,Every 60 Days,60,Occasional Offer
31,management,married,tertiary,no,1164,yes,yes,cellular,18,jul,238,3,-1,0,unknown,no,C00969,Low Money,15135.0,6054.0,9,1514.0,2270.0,6811.0,6,Regular,Low,33.09,16.83,LOW,Every 60 Days,60,Occasional Offer
30,technician,single,tertiary,no,880,yes,yes,unknown,19,may,967,6,-1,0,unknown,yes,C00970,Low Money,15026.0,6010.0,18,1503.0,2254.0,6762.0,13,Regular,Medium,36.89,18.66,LOW,Every 60 Days,60,Occasional Offer
37,technician,single,secondary,no,-242,yes,no,cellular,13,aug,1149,6,-1,0,unknown,yes,C00971,Low Money,15700.0,6280.0,18,1570.0,2355.0,7065.0,13,No Active Loan,Medium,36.89,18.44,LOW,Every 60 Days,60,Occasional Offer
43,management,single,tertiary,no,2081,no,no,cellular,22,oct,554,3,-1,0,unknown,yes,C00972,Low Money,16362.0,6545.0,9,1636.0,2454.0,7363.0,6,No Active Loan,Low,33.09,17.06,LOW,Every 60 Days,60,Occasional Offer
39,blue-collar,married,primary,no,2303,yes,no,unknown,17,jun,775,3,-1,0,unknown,yes,C00973,Low Money,15969.0,6388.0,9,1597.0,2395.0,7186.0,6,No Active Loan,Low,33.09,17.11,LOW,Every 60 Days,60,Occasional Offer
53,technician,married,primary,no,44,no,no,unknown,6,jun,256,1,-1,0,unknown,no,C00974,Low Money,17301.0,6920.0,5,1730.0,2595.0,7786.0,4,No Active Loan,Low,35.34,17.68,LOW,Every 60 Days,60,Occasional Offer
26,services,single,secondary,no,1347,no,no,telephone,18,jun,280,6,92,5,other,yes,C00975,Low Money,14640.0,5856.0,20,1464.0,2196.0,6588.0,14,No Active Loan,Medium,36.88,18.77,LOW,Every 60 Days,60,Occasional Offer
29,admin.,single,secondary,no,464,no,no,cellular,10,aug,317,2,518,1,failure,yes,C00976,Low Money,14914.0,5966.0,7,1491.0,2237.0,6711.0,5,No Active Loan,Low,33.74,16.98,LOW,Every 60 Days,60,Occasional Offer
29,management,single,tertiary,no,119,yes,no,unknown,28,may,136,2,-1,0,unknown,no,C00977,Low Money,14904.0,5962.0,6,1490.0,2236.0,6706.0,4,No Active Loan,Low,32.28,16.17,LOW,Every 60 Days,60,Occasional Offer
34,admin.,single,tertiary,no,4254,yes,no,cellular,21,nov,714,1,-1,0,unknown,yes,C00978,Low Money,15528.0,6211.0,5,1553.0,2329.0,6988.0,4,No Active Loan,Low,35.34,18.72,LOW,Every 60 Days,60,Occasional Offer
51,blue-collar,married,primary,no,7098,no,no,cellular,6,aug,1471,7,-1,0,unknown,yes,C00979,Low Money,17313.0,6925.0,20,1731.0,2597.0,7791.0,14,No Active Loan,Medium,36.88,20.19,LOW,Every 60 Days,60,Occasional Offer
50,admin.,married,secondary,no,3608,yes,no,cellular,14,may,196,8,182,4,success,yes,C00980,Low Money,17108.0,6843.0,20,1711.0,2566.0,7699.0,14,No Active Loan,Medium,36.88,19.33,LOW,Every 60 Days,60,Occasional Offer
44,blue-collar,married,primary,no,1265,yes,no,cellular,16,jul,555,1,-1,0,unknown,yes,C00981,Low Money,16438.0,6575.0,5,1644.0,2466.0,7397.0,4,No Active Loan,Low,35.34,17.98,LOW,Every 60 Days,60,Occasional Offer
57,management,married,tertiary,no,3431,yes,no,unknown,16,may,73,1,-1,0,unknown,no,C00982,Low Money,17803.0,7121.0,5,1780.0,2670.0,8012.0,4,No Active Loan,Low,35.34,18.52,LOW,Every 60 Days,60,Occasional Offer
36,blue-collar,married,primary,no,448,yes,no,unknown,5,may,286,1,-1,0,unknown,no,C00983,Low Money,15613.0,6245.0,5,1561.0,2342.0,7026.0,4,No Active Loan,Low,35.34,17.78,LOW,Every 60 Days,60,Occasional Offer
52,blue-collar,married,secondary,no,2276,no,no,unknown,20,jun,83,3,-1,0,unknown,no,C00984,Low Money,17268.0,6907.0,9,1727.0,2590.0,7771.0,6,No Active Loan,Low,33.09,17.11,LOW,Every 60 Days,60,Occasional Offer
70,retired,divorced,primary,no,275,no,no,cellular,15,apr,82,1,-1,0,unknown,yes,C00985,Low Money,19008.0,7603.0,5,1901.0,2851.0,8554.0,4,No Active Loan,Low,35.34,17.74,LOW,Every 60 Days,60,Occasional Offer
35,services,married,secondary,no,1728,yes,no,cellular,17,apr,865,1,-1,0,unknown,no,C00986,Low Money,15552.0,6221.0,5,1555.0,2333.0,6998.0,4,No Active Loan,Low,35.34,18.1,LOW,Every 60 Days,60,Occasional Offer
36,technician,single,secondary,no,265,yes,yes,unknown,5,may,348,1,-1,0,unknown,no,C00987,Low Money,15608.0,6243.0,5,1561.0,2341.0,7024.0,4,Regular,Low,35.34,17.74,LOW,Every 60 Days,60,Occasional Offer
34,retired,married,primary,no,4499,no,no,unknown,21,may,1681,1,-1,0,unknown,yes,C00988,Low Money,15535.0,6214.0,5,1554.0,2330.0,6991.0,4,No Active Loan,Low,35.34,18.78,LOW,Every 60 Days,60,Occasional Offer
43,admin.,married,secondary,no,2682,no,no,cellular,30,jul,103,8,-1,0,unknown,no,C00989,Low Money,16380.0,6552.0,20,1638.0,2457.0,7371.0,14,No Active Loan,Medium,36.88,19.1,LOW,Every 60 Days,60,Occasional Offer
59,unemployed,single,secondary,no,865,no,no,cellular,4,feb,1086,1,-1,0,unknown,no,C00990,Low Money,17926.0,7170.0,5,1793.0,2689.0,8067.0,4,No Active Loan,Low,35.34,17.88,LOW,Every 60 Days,60,Occasional Offer
60,blue-collar,married,primary,no,14,yes,yes,cellular,15,may,781,4,178,3,failure,no,C00991,Low Money,18000.0,7200.0,15,1800.0,2700.0,8100.0,10,Regular,Medium,34.7,17.35,LOW,Every 60 Days,60,Occasional Offer
51,entrepreneur,divorced,tertiary,no,2109,no,no,cellular,12,apr,119,1,181,2,success,no,C00992,Low Money,17163.0,6865.0,5,1716.0,2574.0,7724.0,4,No Active Loan,Low,35.34,18.19,LOW,Every 60 Days,60,Occasional Offer
31,admin.,married,secondary,no,8781,yes,no,cellular,14,may,680,1,177,1,success,yes,C00993,Low Money,15363.0,6145.0,5,1536.0,2304.0,6914.0,4,No Active Loan,Low,35.34,19.83,LOW,Every 60 Days,60,Occasional Offer
37,technician,married,secondary,no,432,yes,no,cellular,6,jul,386,3,776,55,failure,yes,C00994,Low Money,15713.0,6285.0,20,1571.0,2357.0,7071.0,14,No Active Loan,Medium,36.88,18.55,LOW,Every 60 Days,60,Occasional Offer
33,blue-collar,married,primary,no,141,yes,no,unknown,21,may,578,2,-1,0,unknown,no,C00995,Low Money,15304.0,6122.0,6,1530.0,2296.0,6886.0,4,No Active Loan,Low,32.28,16.17,LOW,Every 60 Days,60,Occasional Offer
31,management,married,secondary,no,8629,yes,no,cellular,21,nov,957,1,184,2,failure,yes,C00996,Low Money,15359.0,6144.0,5,1536.0,2304.0,6911.0,4,No Active Loan,Low,35.34,19.8,LOW,Every 60 Days,60,Occasional Offer
26,admin.,single,secondary,no,96,no,no,cellular,6,may,606,1,345,1,failure,no,C00997,Low Money,14603.0,5841.0,5,1460.0,2190.0,6572.0,4,No Active Loan,Low,35.34,17.69,LOW,Every 60 Days,60,Occasional Offer
26,technician,single,secondary,no,1231,yes,no,cellular,3,jun,385,2,96,5,success,yes,C00998,Low Money,14637.0,5855.0,11,1464.0,2196.0,6586.0,8,No Active Loan,Medium,35.14,17.87,LOW,Every 60 Days,60,Occasional Offer
59,entrepreneur,married,primary,no,222,no,no,cellular,18,nov,97,1,-1,0,unknown,no,C00999,Low Money,17907.0,7163.0,5,1791.0,2686.0,8058.0,4,No Active Loan,Low,35.34,17.72,LOW,Every 60 Days,60,Occasional Offer
42,blue-collar,divorced,primary,no,419,yes,yes,unknown,14,may,96,4,-1,0,unknown,no,C01000,Low Money,16213.0,6485.0,12,1621.0,2432.0,7296.0,8,Regular,Medium,33.89,17.05,LOW,Every 60 Days,60,Occasional Offer
34,technician,married,tertiary,no,197,no,no,cellular,20,aug,78,3,-1,0,unknown,yes,C01001,Low Money,15406.0,6162.0,9,1541.0,2311.0,6933.0,6,No Active Loan,Low,33.09,16.59,LOW,Every 60 Days,60,Occasional Offer
56,blue-collar,married,primary,no,0,no,no,cellular,7,aug,152,6,-1,0,unknown,no,C01002,Low Money,17600.0,7040.0,18,1760.0,2640.0,7920.0,13,No Active Loan,Medium,36.89,18.44,LOW,Every 60 Days,60,Occasional Offer
40,admin.,married,secondary,no,4775,no,no,cellular,15,sep,215,1,-1,0,unknown,yes,C01003,Low Money,16143.0,6457.0,5,1614.0,2421.0,7265.0,4,No Active Loan,Low,35.34,18.85,LOW,Every 60 Days,60,Occasional Offer
34,blue-collar,married,secondary,no,2308,yes,no,unknown,7,may,1062,1,-1,0,unknown,no,C01004,Low Money,15469.0,6188.0,5,1547.0,2320.0,6961.0,4,No Active Loan,Low,35.34,18.24,LOW,Every 60 Days,60,Occasional Offer
53,blue-collar,married,secondary,no,1777,yes,no,cellular,21,nov,796,5,154,1,failure,yes,C01005,Low Money,17353.0,6941.0,16,1735.0,2603.0,7809.0,11,No Active Loan,Medium,35.49,18.18,LOW,Every 60 Days,60,Occasional Offer
31,blue-collar,married,secondary,no,812,yes,no,cellular,23,sep,245,1,-1,0,unknown,no,C01006,Low Money,15124.0,6050.0,5,1512.0,2269.0,6805.0,4,No Active Loan,Low,35.34,17.87,LOW,Every 60 Days,60,Occasional Offer
51,technician,divorced,secondary,no,0,yes,no,unknown,28,may,463,2,-1,0,unknown,no,C01007,Low Money,17100.0,6840.0,6,1710.0,2565.0,7695.0,4,No Active Loan,Low,32.28,16.14,LOW,Every 60 Days,60,Occasional Offer
67,retired,married,unknown,no,2540,no,no,telephone,14,sep,279,3,92,9,success,yes,C01008,Low Money,18776.0,7510.0,18,1878.0,2816.0,8450.0,13,No Active Loan,Medium,36.89,19.07,LOW,Every 60 Days,60,Occasional Offer
35,management,single,tertiary,no,1120,no,no,unknown,21,sep,4,1,771,2,success,no,C01009,Low Money,15534.0,6214.0,5,1553.0,2330.0,6990.0,4,No Active Loan,Low,35.34,17.95,LOW,Every 60 Days,60,Occasional Offer
38,entrepreneur,married,secondary,no,593,yes,yes,cellular,24,jul,1484,24,-1,0,unknown,yes,C01010,Low Money,15818.0,6327.0,20,1582.0,2373.0,7118.0,14,Regular,Medium,36.88,18.59,LOW,Every 60 Days,60,Occasional Offer
63,retired,married,secondary,no,2896,no,no,cellular,4,mar,180,2,-1,0,unknown,yes,C01011,Low Money,18387.0,7355.0,6,1839.0,2758.0,8274.0,4,No Active Loan,Low,32.28,16.85,LOW,Every 60 Days,60,Occasional Offer
26,student,single,secondary,no,100,no,no,cellular,26,may,445,1,-1,0,unknown,yes,C01012,Low Money,14603.0,5841.0,5,1460.0,2190.0,6572.0,4,No Active Loan,Low,35.34,17.69,LOW,Every 60 Days,60,Occasional Offer
34,management,married,tertiary,no,73,no,no,cellular,4,feb,426,2,-1,0,unknown,yes,C01013,Low Money,15402.0,6161.0,6,1540.0,2310.0,6931.0,4,No Active Loan,Low,32.28,16.16,LOW,Every 60 Days,60,Occasional Offer
44,services,divorced,secondary,no,-368,yes,no,cellular,5,may,895,1,-1,0,unknown,yes,C01014,Low Money,16400.0,6560.0,5,1640.0,2460.0,7380.0,4,No Active Loan,Low,35.34,17.67,LOW,Every 60 Days,60,Occasional Offer
34,management,single,tertiary,no,682,no,no,cellular,27,aug,472,3,-1,0,unknown,no,C01015,Low Money,15420.0,6168.0,9,1542.0,2313.0,6939.0,6,No Active Loan,Low,33.09,16.71,LOW,Every 60 Days,60,Occasional Offer
35,management,married,tertiary,no,2161,no,no,cellular,9,mar,139,2,181,3,success,yes,C01016,Low Money,15565.0,6226.0,9,1556.0,2335.0,7004.0,6,No Active Loan,Low,33.09,17.08,LOW,Every 60 Days,60,Occasional Offer
31,blue-collar,married,secondary,no,92,yes,no,unknown,16,may,688,1,-1,0,unknown,yes,C01017,Low Money,15103.0,6041.0,5,1510.0,2265.0,6797.0,4,No Active Loan,Low,35.34,17.69,LOW,Every 60 Days,60,Occasional Offer
33,technician,married,secondary,no,4790,yes,no,cellular,20,apr,137,1,272,2,failure,no,C01018,Low Money,15444.0,6178.0,5,1544.0,2317.0,6949.0,4,No Active Loan,Low,35.34,18.85,LOW,Every 60 Days,60,Occasional Offer
27,management,single,secondary,no,924,yes,no,cellular,3,feb,84,1,-1,0,unknown,no,C01019,Low Money,14728.0,5891.0,5,1473.0,2209.0,6628.0,4,No Active Loan,Low,35.34,17.9,LOW,Every 60 Days,60,Occasional Offer
42,entrepreneur,married,secondary,no,169,yes,no,telephone,15,may,87,4,-1,0,unknown,no,C01020,Low Money,16205.0,6482.0,12,1620.0,2431.0,7292.0,8,No Active Loan,Medium,33.89,16.99,LOW,Every 60 Days,60,Occasional Offer
37,blue-collar,married,secondary,no,13849,yes,no,unknown,23,may,252,5,-1,0,unknown,no,C01021,Low Money,16115.0,6446.0,15,1612.0,2417.0,7252.0,10,No Active Loan,Medium,34.7,20.76,LOW,Every 60 Days,60,Occasional Offer
34,management,married,tertiary,no,606,no,no,cellular,20,apr,97,1,-1,0,unknown,yes,C01022,Low Money,15418.0,6167.0,5,1542.0,2313.0,6938.0,4,No Active Loan,Low,35.34,17.82,LOW,Every 60 Days,60,Occasional Offer
32,technician,married,tertiary,no,-1053,yes,no,cellular,21,jul,357,3,-1,0,unknown,no,C01023,Low Money,15200.0,6080.0,9,1520.0,2280.0,6840.0,6,No Active Loan,Low,33.09,16.55,LOW,Every 60 Days,60,Occasional Offer
36,blue-collar,single,primary,no,3214,yes,no,unknown,16,jun,124,2,-1,0,unknown,no,C01024,Low Money,15696.0,6278.0,6,1570.0,2354.0,7064.0,4,No Active Loan,Low,32.28,16.93,LOW,Every 60 Days,60,Occasional Offer
30,admin.,married,tertiary,no,4168,no,no,cellular,3,jun,198,1,-1,0,unknown,no,C01025,Low Money,15125.0,6050.0,5,1512.0,2269.0,6806.0,4,No Active Loan,Low,35.34,18.7,LOW,Every 60 Days,60,Occasional Offer
34,management,married,tertiary,no,0,no,no,cellular,22,apr,176,1,-1,0,unknown,no,C01026,Low Money,15400.0,6160.0,5,1540.0,2310.0,6930.0,4,No Active Loan,Low,35.34,17.67,LOW,Every 60 Days,60,Occasional Offer
59,technician,married,secondary,no,2308,no,no,cellular,30,apr,815,1,87,1,other,yes,C01027,Low Money,17969.0,7188.0,5,1797.0,2695.0,8086.0,4,No Active Loan,Low,35.34,18.24,LOW,Every 60 Days,60,Occasional Offer
41,services,married,secondary,no,2085,yes,no,unknown,26,may,125,4,-1,0,unknown,no,C01028,Low Money,16163.0,6465.0,12,1616.0,2424.0,7274.0,8,No Active Loan,Medium,33.89,17.46,LOW,Every 60 Days,60,Occasional Offer
29,technician,divorced,secondary,no,328,yes,yes,cellular,4,feb,25,1,-1,0,unknown,no,C01029,Low Money,14910.0,5964.0,5,1491.0,2236.0,6710.0,4,Regular,Low,35.34,17.75,LOW,Every 60 Days,60,Occasional Offer
32,services,married,secondary,no,1844,yes,yes,cellular,3,feb,158,4,201,6,failure,no,C01030,Low Money,15255.0,6102.0,18,1526.0,2288.0,6865.0,13,Regular,Medium,36.89,18.9,LOW,Every 60 Days,60,Occasional Offer
47,technician,divorced,secondary,no,236,no,no,cellular,18,aug,263,4,-1,0,unknown,no,C01031,Low Money,16707.0,6683.0,12,1671.0,2506.0,7518.0,8,No Active Loan,Medium,33.89,17.0,LOW,Every 60 Days,60,Occasional Offer
25,blue-collar,single,secondary,no,-191,yes,no,unknown,19,jun,958,7,-1,0,unknown,yes,C01032,Low Money,14500.0,5800.0,20,1450.0,2175.0,6525.0,14,No Active Loan,Medium,36.88,18.44,LOW,Every 60 Days,60,Occasional Offer
32,management,single,tertiary,no,312,no,no,cellular,26,may,208,2,98,2,success,yes,C01033,Low Money,15209.0,6084.0,8,1521.0,2281.0,6844.0,6,No Active Loan,Low,34.9,17.53,LOW,Every 60 Days,60,Occasional Offer
59,management,married,tertiary,no,296,no,yes,cellular,15,jul,805,3,-1,0,unknown,yes,C01034,Low Money,17909.0,7164.0,9,1791.0,2686.0,8059.0,6,Regular,Low,33.09,16.62,LOW,Every 60 Days,60,Occasional Offer
43,technician,single,secondary,no,1195,yes,no,unknown,15,may,516,9,-1,0,unknown,no,C01035,Low Money,16336.0,6534.0,20,1634.0,2450.0,7352.0,14,No Active Loan,Medium,36.88,18.73,LOW,Every 60 Days,60,Occasional Offer
53,services,married,secondary,no,341,no,no,cellular,30,apr,423,2,-1,0,unknown,yes,C01036,Low Money,17310.0,6924.0,6,1731.0,2596.0,7790.0,4,No Active Loan,Low,32.28,16.22,LOW,Every 60 Days,60,Occasional Offer
48,management,divorced,tertiary,no,503,no,yes,unknown,12,jun,1243,7,-1,0,unknown,yes,C01037,Low Money,16815.0,6726.0,20,1682.0,2522.0,7567.0,14,Regular,Medium,36.88,18.56,LOW,Every 60 Days,60,Occasional Offer
68,retired,married,secondary,no,1146,no,no,cellular,13,may,356,1,71,5,success,yes,C01038,Low Money,18834.0,7534.0,8,1883.0,2825.0,8475.0,6,No Active Loan,Low,34.9,17.73,LOW,Every 60 Days,60,Occasional Offer
40,admin.,single,secondary,no,90,yes,no,unknown,2,jun,252,4,-1,0,unknown,no,C01039,Low Money,16003.0,6401.0,12,1600.0,2400.0,7202.0,8,No Active Loan,Medium,33.89,16.97,LOW,Every 60 Days,60,Occasional Offer
31,technician,single,secondary,no,1819,yes,no,unknown,15,may,226,2,-1,0,unknown,no,C01040,Low Money,15155.0,6062.0,6,1516.0,2273.0,6820.0,4,No Active Loan,Low,32.28,16.59,LOW,Every 60 Days,60,Occasional Offer
44,technician,single,tertiary,no,678,no,no,cellular,3,feb,111,1,124,2,other,no,C01041,Low Money,16420.0,6568.0,5,1642.0,2463.0,7389.0,4,No Active Loan,Low,35.34,17.84,LOW,Every 60 Days,60,Occasional Offer
35,entrepreneur,married,secondary,no,2971,no,no,cellular,21,nov,112,2,-1,0,unknown,no,C01042,Low Money,15589.0,6236.0,6,1559.0,2338.0,7015.0,4,No Active Loan,Low,32.28,16.87,LOW,Every 60 Days,60,Occasional Offer
48,management,single,tertiary,no,830,no,no,cellular,25,aug,961,4,-1,0,unknown,yes,C01043,Low Money,16825.0,6730.0,12,1682.0,2524.0,7571.0,8,No Active Loan,Medium,33.89,17.15,LOW,Every 60 Days,60,Occasional Offer
49,admin.,married,secondary,no,3608,yes,no,unknown,13,nov,231,1,-1,0,unknown,yes,C01044,Low Money,17008.0,6803.0,5,1701.0,2551.0,7654.0,4,No Active Loan,Low,35.34,18.56,LOW,Every 60 Days,60,Occasional Offer
37,admin.,married,tertiary,no,3221,no,no,cellular,15,jun,379,2,376,13,other,yes,C01045,Low Money,15797.0,6319.0,19,1580.0,2370.0,7108.0,13,No Active Loan,Medium,36.21,18.9,LOW,Every 60 Days,60,Occasional Offer
31,technician,single,tertiary,no,1109,no,no,cellular,5,feb,642,1,167,2,failure,yes,C01046,Low Money,15133.0,6053.0,5,1513.0,2270.0,6810.0,4,No Active Loan,Low,35.34,17.94,LOW,Every 60 Days,60,Occasional Offer
50,management,married,secondary,no,0,yes,no,unknown,14,may,94,4,-1,0,unknown,no,C01047,Low Money,17000.0,6800.0,12,1700.0,2550.0,7650.0,8,No Active Loan,Medium,33.89,16.94,LOW,Every 60 Days,60,Occasional Offer
31,self-employed,single,secondary,no,762,no,no,cellular,11,aug,312,3,-1,0,unknown,no,C01048,Low Money,15123.0,6049.0,9,1512.0,2268.0,6806.0,6,No Active Loan,Low,33.09,16.73,LOW,Every 60 Days,60,Occasional Offer
40,housemaid,married,tertiary,no,795,yes,no,unknown,29,may,725,3,-1,0,unknown,no,C01049,Low Money,16024.0,6410.0,9,1602.0,2404.0,7210.0,6,No Active Loan,Low,33.09,16.74,LOW,Every 60 Days,60,Occasional Offer
49,admin.,divorced,secondary,no,169,yes,no,unknown,30,may,447,1,-1,0,unknown,no,C01050,Low Money,16905.0,6762.0,5,1690.0,2536.0,7607.0,4,No Active Loan,Low,35.34,17.71,LOW,Every 60 Days,60,Occasional Offer
23,services,single,secondary,no,488,no,no,cellular,29,jun,205,1,91,3,success,yes,C01051,Low Money,14315.0,5726.0,6,1432.0,2147.0,6442.0,4,No Active Loan,Low,32.28,16.26,LOW,Every 60 Days,60,Occasional Offer
28,technician,single,tertiary,no,676,no,no,cellular,5,feb,1138,2,-1,0,unknown,yes,C01052,Low Money,14820.0,5928.0,6,1482.0,2223.0,6669.0,4,No Active Loan,Low,32.28,16.31,LOW,Every 60 Days,60,Occasional Offer
36,management,single,tertiary,no,13,no,yes,cellular,18,nov,106,1,-1,0,unknown,no,C01053,Low Money,15600.0,6240.0,5,1560.0,2340.0,7020.0,4,Regular,Low,35.34,17.67,LOW,Every 60 Days,60,Occasional Offer
35,blue-collar,married,secondary,no,80,yes,yes,cellular,21,nov,38,2,172,2,failure,no,C01054,Low Money,15502.0,6201.0,8,1550.0,2325.0,6976.0,6,Regular,Low,34.9,17.47,LOW,Every 60 Days,60,Occasional Offer
34,admin.,married,tertiary,no,69,no,yes,cellular,25,nov,296,1,205,2,failure,yes,C01055,Low Money,15402.0,6161.0,5,1540.0,2310.0,6931.0,4,Regular,Low,35.34,17.69,LOW,Every 60 Days,60,Occasional Offer
32,services,married,secondary,no,1273,yes,no,cellular,16,apr,1365,2,328,1,failure,yes,C01056,Low Money,15238.0,6095.0,7,1524.0,2286.0,6857.0,5,No Active Loan,Low,33.74,17.18,LOW,Every 60 Days,60,Occasional Offer
47,unemployed,married,primary,no,324,no,no,cellular,21,nov,462,2,-1,0,unknown,yes,C01057,Low Money,16710.0,6684.0,6,1671.0,2506.0,7520.0,4,No Active Loan,Low,32.28,16.22,LOW,Every 60 Days,60,Occasional Offer
46,blue-collar,married,secondary,no,922,yes,no,telephone,18,nov,296,2,-1,0,unknown,no,C01058,Low Money,16628.0,6651.0,6,1663.0,2494.0,7483.0,4,No Active Loan,Low,32.28,16.37,LOW,Every 60 Days,60,Occasional Offer
32,services,divorced,secondary,no,454,yes,no,cellular,18,jul,978,1,-1,0,unknown,yes,C01059,Low Money,15214.0,6086.0,5,1521.0,2282.0,6846.0,4,No Active Loan,Low,35.34,17.78,LOW,Every 60 Days,60,Occasional Offer
38,technician,single,secondary,no,0,no,no,cellular,22,aug,305,2,-1,0,unknown,no,C01060,Low Money,15800.0,6320.0,6,1580.0,2370.0,7110.0,4,No Active Loan,Low,32.28,16.14,LOW,Every 60 Days,60,Occasional Offer
61,retired,married,tertiary,no,32685,no,no,cellular,2,mar,1447,2,-1,0,unknown,yes,C01061,Low Money,19081.0,7632.0,6,1908.0,2862.0,8587.0,4,No Active Loan,Low,32.28,24.19,LOW,Every 60 Days,60,Occasional Offer
19,student,single,secondary,no,329,no,no,cellular,30,apr,169,1,190,2,success,yes,C01062,Low Money,13910.0,5564.0,5,1391.0,2086.0,6260.0,4,No Active Loan,Low,35.34,17.75,LOW,Every 60 Days,60,Occasional Offer
38,services,single,primary,no,3715,yes,no,telephone,13,may,41,2,327,17,failure,no,C01063,Low Money,15911.0,6364.0,20,1591.0,2387.0,7160.0,14,No Active Loan,Medium,36.88,19.35,LOW,Every 60 Days,60,Occasional Offer
27,technician,single,tertiary,no,1075,no,no,cellular,2,sep,529,2,184,1,success,yes,C01064,Low Money,14732.0,5893.0,7,1473.0,2210.0,6629.0,5,No Active Loan,Low,33.74,17.13,LOW,Every 60 Days,60,Occasional Offer
57,management,married,tertiary,no,4929,yes,no,telephone,31,jul,91,4,-1,0,unknown,no,C01065,Low Money,17848.0,7139.0,12,1785.0,2677.0,8032.0,8,No Active Loan,Medium,33.89,18.16,LOW,Every 60 Days,60,Occasional Offer
35,blue-collar,married,primary,no,624,yes,no,unknown,7,may,163,1,-1,0,unknown,no,C01066,Low Money,15519.0,6208.0,5,1552.0,2328.0,6983.0,4,No Active Loan,Low,35.34,17.82,LOW,Every 60 Days,60,Occasional Offer
30,blue-collar,married,secondary,no,321,yes,no,cellular,20,nov,738,2,-1,0,unknown,no,C01067,Low Money,15010.0,6004.0,6,1501.0,2252.0,6754.0,4,No Active Loan,Low,32.28,16.22,LOW,Every 60 Days,60,Occasional Offer
26,services,divorced,primary,no,633,yes,no,unknown,27,may,326,2,-1,0,unknown,no,C01068,Low Money,14619.0,5848.0,6,1462.0,2193.0,6578.0,4,No Active Loan,Low,32.28,16.3,LOW,Every 60 Days,60,Occasional Offer
29,self-employed,single,tertiary,no,3290,no,no,cellular,12,may,430,1,50,3,success,yes,C01069,Low Money,14999.0,6000.0,6,1500.0,2250.0,6749.0,4,No Active Loan,Low,32.28,16.95,LOW,Every 60 Days,60,Occasional Offer
23,student,single,unknown,no,854,yes,no,unknown,28,may,664,2,-1,0,unknown,yes,C01070,Low Money,14326.0,5730.0,6,1433.0,2149.0,6447.0,4,No Active Loan,Low,32.28,16.35,LOW,Every 60 Days,60,Occasional Offer
37,management,married,tertiary,no,89,yes,no,unknown,19,may,162,10,-1,0,unknown,no,C01071,Low Money,15703.0,6281.0,20,1570.0,2355.0,7067.0,14,No Active Loan,Medium,36.88,18.46,LOW,Every 60 Days,60,Occasional Offer
46,entrepreneur,married,secondary,no,0,no,yes,cellular,18,jul,115,1,-1,0,unknown,no,C01072,Low Money,16600.0,6640.0,5,1660.0,2490.0,7470.0,4,Regular,Low,35.34,17.67,LOW,Every 60 Days,60,Occasional Offer
48,blue-collar,married,primary,no,595,no,no,cellular,24,jul,464,1,-1,0,unknown,no,C01073,Low Money,16818.0,6727.0,5,1682.0,2523.0,7568.0,4,No Active Loan,Low,35.34,17.82,LOW,Every 60 Days,60,Occasional Offer
33,management,married,tertiary,no,158,no,no,cellular,6,feb,192,2,-1,0,unknown,yes,C01074,Low Money,15305.0,6122.0,6,1530.0,2296.0,6887.0,4,No Active Loan,Low,32.28,16.18,LOW,Every 60 Days,60,Occasional Offer
36,services,married,secondary,no,981,no,no,unknown,16,jun,1093,1,-1,0,unknown,yes,C01075,Low Money,15629.0,6252.0,5,1563.0,2344.0,7033.0,4,No Active Loan,Low,35.34,17.91,LOW,Every 60 Days,60,Occasional Offer
55,retired,divorced,secondary,no,-268,no,yes,cellular,24,jul,1417,1,-1,0,unknown,yes,C01076,Low Money,17500.0,7000.0,5,1750.0,2625.0,7875.0,4,Regular,Low,35.34,17.67,LOW,Every 60 Days,60,Occasional Offer
31,blue-collar,married,secondary,no,30,yes,no,unknown,11,jun,172,14,-1,0,unknown,no,C01077,Low Money,15101.0,6040.0,20,1510.0,2265.0,6796.0,14,No Active Loan,Medium,36.88,18.45,LOW,Every 60 Days,60,Occasional Offer
34,admin.,married,secondary,no,1467,yes,no,cellular,17,apr,113,1,332,2,failure,no,C01078,Low Money,15444.0,6178.0,5,1544.0,2317.0,6949.0,4,No Active Loan,Low,35.34,18.03,LOW,Every 60 Days,60,Occasional Offer
30,admin.,married,secondary,no,8781,yes,no,cellular,18,nov,898,1,-1,0,unknown,yes,C01079,Low Money,15263.0,6105.0,5,1526.0,2289.0,6869.0,4,No Active Loan,Low,35.34,19.83,LOW,Every 60 Days,60,Occasional Offer
55,housemaid,married,primary,no,0,yes,no,cellular,17,jul,1303,2,-1,0,unknown,yes,C01080,Low Money,17500.0,7000.0,6,1750.0,2625.0,7875.0,4,No Active Loan,Low,32.28,16.14,LOW,Every 60 Days,60,Occasional Offer
58,retired,married,secondary,no,2714,no,no,cellular,26,may,165,1,287,2,failure,yes,C01081,Low Money,17881.0,7152.0,5,1788.0,2682.0,8047.0,4,No Active Loan,Low,35.34,18.34,LOW,Every 60 Days,60,Occasional Offer
37,services,married,secondary,no,4017,no,no,cellular,16,oct,156,1,-1,0,unknown,yes,C01082,Low Money,15821.0,6328.0,5,1582.0,2373.0,7120.0,4,No Active Loan,Low,35.34,18.66,LOW,Every 60 Days,60,Occasional Offer
20,student,single,secondary,no,215,no,no,cellular,21,aug,228,4,183,1,other,yes,C01083,Low Money,14006.0,5602.0,13,1401.0,2101.0,6303.0,9,No Active Loan,Medium,34.8,17.45,LOW,Every 60 Days,60,Occasional Offer
48,management,married,tertiary,no,1600,no,no,cellular,18,nov,448,1,-1,0,unknown,no,C01084,Low Money,16848.0,6739.0,5,1685.0,2527.0,7582.0,4,No Active Loan,Low,35.34,18.06,LOW,Every 60 Days,60,Occasional Offer
31,admin.,single,tertiary,no,383,no,yes,cellular,6,feb,119,1,214,1,failure,no,C01085,Low Money,15111.0,6044.0,5,1511.0,2267.0,6800.0,4,Regular,Low,35.34,17.76,LOW,Every 60 Days,60,Occasional Offer
31,management,single,tertiary,no,4331,yes,no,cellular,22,jul,318,1,-1,0,unknown,no,C01086,Low Money,15230.0,6092.0,5,1523.0,2284.0,6854.0,4,No Active Loan,Low,35.34,18.74,LOW,Every 60 Days,60,Occasional Offer
35,management,single,tertiary,no,1750,yes,no,cellular,22,oct,422,1,175,4,success,no,C01087,Low Money,15552.0,6221.0,7,1555.0,2333.0,6998.0,5,No Active Loan,Low,33.74,17.3,LOW,Every 60 Days,60,Occasional Offer
46,self-employed,married,tertiary,no,-80,yes,no,unknown,12,may,112,2,-1,0,unknown,no,C01088,Low Money,16600.0,6640.0,6,1660.0,2490.0,7470.0,4,No Active Loan,Low,32.28,16.14,LOW,Every 60 Days,60,Occasional Offer
57,retired,single,primary,no,604,no,no,cellular,19,nov,187,1,-1,0,unknown,no,C01089,Low Money,17718.0,7087.0,5,1772.0,2658.0,7973.0,4,No Active Loan,Low,35.34,17.82,LOW,Every 60 Days,60,Occasional Offer
62,retired,married,tertiary,no,2557,yes,no,cellular,10,nov,404,1,57,8,success,yes,C01090,Low Money,18277.0,7311.0,11,1828.0,2742.0,8224.0,8,No Active Loan,Medium,35.14,18.2,LOW,Every 60 Days,60,Occasional Offer
64,retired,divorced,secondary,no,630,no,no,cellular,21,aug,97,1,-1,0,unknown,no,C01091,Low Money,18419.0,7368.0,5,1842.0,2763.0,8288.0,4,No Active Loan,Low,35.34,17.83,LOW,Every 60 Days,60,Occasional Offer
54,blue-collar,married,secondary,no,1636,no,no,telephone,20,jul,1008,2,-1,0,unknown,yes,C01092,Low Money,17449.0,6980.0,6,1745.0,2617.0,7852.0,4,No Active Loan,Low,32.28,16.54,LOW,Every 60 Days,60,Occasional Offer
27,admin.,single,tertiary,no,832,no,no,cellular,21,apr,336,1,-1,0,unknown,no,C01093,Low Money,14725.0,5890.0,5,1472.0,2209.0,6626.0,4,No Active Loan,Low,35.34,17.87,LOW,Every 60 Days,60,Occasional Offer
75,retired,married,secondary,no,291,no,no,cellular,11,feb,515,1,183,1,failure,yes,C01094,Low Money,19509.0,7804.0,5,1951.0,2926.0,8779.0,4,No Active Loan,Low,35.34,17.74,LOW,Every 60 Days,60,Occasional Offer
52,technician,married,secondary,no,136,no,no,cellular,28,aug,88,5,-1,0,unknown,no,C01095,Low Money,17204.0,6882.0,15,1720.0,2581.0,7741.0,10,No Active Loan,Medium,34.7,17.38,LOW,Every 60 Days,60,Occasional Offer
42,technician,single,secondary,no,-321,no,no,cellular,28,jan,230,2,-1,0,unknown,no,C01096,Low Money,16200.0,6480.0,6,1620.0,2430.0,7290.0,4,No Active Loan,Low,32.28,16.14,LOW,Every 60 Days,60,Occasional Offer
32,entrepreneur,single,tertiary,no,-34,yes,no,cellular,11,mar,101,1,-1,0,unknown,yes,C01097,Low Money,15200.0,6080.0,5,1520.0,2280.0,6840.0,4,No Active Loan,Low,35.34,17.67,LOW,Every 60 Days,60,Occasional Offer
55,blue-collar,divorced,unknown,no,103,yes,no,cellular,21,jul,769,3,-1,0,unknown,no,C01098,Low Money,17503.0,7001.0,9,1750.0,2625.0,7877.0,6,No Active Loan,Low,33.09,16.57,LOW,Every 60 Days,60,Occasional Offer
55,blue-collar,married,secondary,no,467,no,no,cellular,25,aug,129,5,-1,0,unknown,no,C01099,Low Money,17514.0,7006.0,15,1751.0,2627.0,7881.0,10,No Active Loan,Medium,34.7,17.47,LOW,Every 60 Days,60,Occasional Offer
20,student,single,secondary,no,215,no,no,cellular,24,feb,175,1,92,6,success,yes,C01100,Low Money,14006.0,5602.0,9,1401.0,2101.0,6303.0,6,No Active Loan,Low,33.09,16.6,LOW,Every 60 Days,60,Occasional Offer
35,technician,single,secondary,no,4645,yes,no,cellular,11,jan,502,3,270,40,other,no,C01101,Middle Money,44122.0,22061.0,49,11030.0,6618.0,15443.0,34,No Active Loan,High,50.52,26.4,MEDIUM,Every 30 Days,30,SMS / Soft Reminder
32,technician,single,tertiary,no,5514,no,no,telephone,22,oct,181,1,-1,0,unknown,yes,C01102,Middle Money,43441.0,21720.0,15,10860.0,6516.0,15205.0,10,No Active Loan,Medium,40.7,21.71,MEDIUM,Every 30 Days,30,SMS / Soft Reminder
58,blue-collar,married,secondary,no,544,no,no,unknown,17,jun,97,1,-1,0,unknown,no,C01103,Middle Money,49544.0,24772.0,15,12386.0,7432.0,17340.0,10,No Active Loan,Medium,40.7,20.48,MEDIUM,Every 30 Days,30,SMS / Soft Reminder
44,technician,married,tertiary,no,1818,yes,yes,cellular,3,feb,508,1,92,4,failure,yes,C01104,Middle Money,46145.0,23072.0,15,11536.0,6922.0,16151.0,10,Regular,Medium,40.7,20.8,MEDIUM,Every 30 Days,30,SMS / Soft Reminder
37,technician,single,secondary,no,3665,no,no,cellular,12,aug,664,3,-1,0,unknown,yes,C01105,Middle Money,44543.0,22272.0,15,11136.0,6681.0,15590.0,10,No Active Loan,Medium,40.7,21.25,MEDIUM,Every 30 Days,30,SMS / Soft Reminder
31,management,married,tertiary,no,546,no,no,cellular,7,aug,147,2,-1,0,unknown,no,C01106,Middle Money,42794.0,21397.0,15,10698.0,6419.0,14978.0,10,No Active Loan,Medium,40.7,20.48,MEDIUM,Every 30 Days,30,SMS / Soft Reminder
38,management,divorced,tertiary,no,547,yes,no,unknown,14,may,137,4,-1,0,unknown,no,C01107,Middle Money,44544.0,22272.0,15,11136.0,6682.0,15590.0,10,No Active Loan,Medium,40.7,20.48,MEDIUM,Every 30 Days,30,SMS / Soft Reminder
31,technician,married,secondary,no,450,no,yes,cellular,20,nov,111,2,129,4,failure,no,C01108,Middle Money,42786.0,21393.0,15,10696.0,6418.0,14975.0,10,Regular,Medium,40.7,20.46,MEDIUM,Every 30 Days,30,SMS / Soft Reminder
47,entrepreneur,married,tertiary,no,0,no,no,telephone,18,nov,103,2,-1,0,unknown,no,C01109,Middle Money,46750.0,23375.0,15,11688.0,7012.0,16363.0,10,No Active Loan,Medium,40.7,20.35,MEDIUM,Every 30 Days,30,SMS / Soft Reminder
48,technician,married,secondary,no,178,yes,no,unknown,17,jun,320,4,-1,0,unknown,no,C01110,Middle Money,47014.0,23507.0,15,11754.0,7052.0,16455.0,10,No Active Loan,Medium,40.7,20.39,MEDIUM,Every 30 Days,30,SMS / Soft Reminder
52,management,married,secondary,no,5193,no,no,cellular,23,apr,477,2,-1,0,unknown,no,C01111,Middle Money,48415.0,24208.0,15,12104.0,7262.0,16945.0,10,No Active Loan,Medium,40.7,21.63,MEDIUM,Every 30 Days,30,SMS / Soft Reminder
28,admin.,single,secondary,no,2,yes,no,cellular,24,jul,454,1,-1,0,unknown,yes,C01112,Middle Money,42000.0,21000.0,15,10500.0,6300.0,14700.0,10,No Active Loan,Medium,40.7,20.35,MEDIUM,Every 30 Days,30,SMS / Soft Reminder
24,self-employed,single,tertiary,no,931,yes,no,unknown,28,may,200,4,-1,0,unknown,no,C01113,Middle Money,41074.0,20537.0,15,10268.0,6161.0,14376.0,10,No Active Loan,Medium,40.7,20.58,MEDIUM,Every 30 Days,30,SMS / Soft Reminder
32,blue-collar,single,primary,no,398,yes,no,cellular,13,may,716,1,-1,0,unknown,yes,C01114,Middle Money,43032.0,21516.0,15,10758.0,6455.0,15061.0,10,No Active Loan,Medium,40.7,20.45,MEDIUM,Every 30 Days,30,SMS / Soft Reminder
31,blue-collar,married,secondary,no,41,yes,no,unknown,19,may,265,1,-1,0,unknown,no,C01115,Middle Money,42753.0,21376.0,15,10688.0,6413.0,14964.0,10,No Active Loan,Medium,40.7,20.36,MEDIUM,Every 30 Days,30,SMS / Soft Reminder
31,admin.,single,tertiary,no,355,yes,no,cellular,12,may,609,1,-1,0,unknown,yes,C01116,Middle Money,42778.0,21389.0,15,10694.0,6417.0,14972.0,10,No Active Loan,Medium,40.7,20.44,MEDIUM,Every 30 Days,30,SMS / Soft Reminder
32,services,married,secondary,no,315,no,no,cellular,4,aug,149,1,-1,0,unknown,no,C01117,Middle Money,43025.0,21512.0,15,10756.0,6454.0,15059.0,10,No Active Loan,Medium,40.7,20.43,MEDIUM,Every 30 Days,30,SMS / Soft Reminder
44,blue-collar,married,primary,no,2657,yes,no,unknown,20,jun,202,2,-1,0,unknown,no,C01118,Middle Money,46213.0,23106.0,15,11553.0,6932.0,16175.0,10,No Active Loan,Medium,40.7,21.0,MEDIUM,Every 30 Days,30,SMS / Soft Reminder
29,self-employed,married,tertiary,no,1,no,no,cellular,18,jul,167,3,-1,0,unknown,no,C01119,Middle Money,42250.0,21125.0,15,10562.0,6338.0,14787.0,10,No Active Loan,Medium,40.7,20.35,MEDIUM,Every 30 Days,30,SMS / Soft Reminder
29,unemployed,single,tertiary,no,497,yes,no,cellular,18,may,642,3,298,6,success,yes,C01120,Middle Money,42290.0,21145.0,15,10572.0,6344.0,14801.0,10,No Active Loan,Medium,40.7,20.47,MEDIUM,Every 30 Days,30,SMS / Soft Reminder
23,management,single,tertiary,no,1807,no,no,cellular,27,jul,606,1,-1,0,unknown,yes,C01121,Middle Money,40895.0,20448.0,15,10224.0,6134.0,14313.0,10,No Active Loan,Medium,40.7,20.8,MEDIUM,Every 30 Days,30,SMS / Soft Reminder
37,management,married,tertiary,no,203,no,no,cellular,21,oct,759,1,90,5,success,yes,C01122,Middle Money,44266.0,22133.0,15,11066.0,6640.0,15493.0,10,No Active Loan,Medium,40.7,20.4,MEDIUM,Every 30 Days,30,SMS / Soft Reminder
34,entrepreneur,married,tertiary,no,1076,yes,no,cellular,5,feb,136,10,-1,0,unknown,yes,C01123,Middle Money,43586.0,21793.0,30,10896.0,6538.0,15255.0,21,No Active Loan,High,45.56,23.05,MEDIUM,Every 30 Days,30,SMS / Soft Reminder
46,management,married,secondary,no,21,yes,no,cellular,7,may,124,1,338,2,failure,no,C01124,Middle Money,46502.0,23251.0,15,11626.0,6975.0,16276.0,10,No Active Loan,Medium,40.7,20.36,MEDIUM,Every 30 Days,30,SMS / Soft Reminder
49,technician,married,tertiary,no,523,yes,no,cellular,3,mar,152,2,-1,0,unknown,yes,C01125,Middle Money,47292.0,23646.0,15,11823.0,7094.0,16552.0,10,No Active Loan,Medium,40.7,20.48,MEDIUM,Every 30 Days,30,SMS / Soft Reminder
36,self-employed,married,tertiary,no,4515,yes,no,unknown,17,jun,408,2,-1,0,unknown,no,C01126,Middle Money,44361.0,22180.0,15,11090.0,6654.0,15527.0,10,No Active Loan,Medium,40.7,21.46,MEDIUM,Every 30 Days,30,SMS / Soft Reminder
33,technician,married,secondary,no,256,yes,no,cellular,18,nov,76,1,-1,0,unknown,no,C01127,Middle Money,43270.0,21635.0,15,10818.0,6490.0,15145.0,10,No Active Loan,Medium,40.7,20.41,MEDIUM,Every 30 Days,30,SMS / Soft Reminder
56,admin.,married,primary,no,0,yes,no,cellular,3,apr,353,2,227,4,failure,no,C01128,Middle Money,49000.0,24500.0,15,12250.0,7350.0,17150.0,10,No Active Loan,Medium,40.7,20.35,MEDIUM,Every 30 Days,30,SMS / Soft Reminder
30,technician,married,secondary,no,207,yes,no,unknown,23,may,72,2,-1,0,unknown,no,C01129,Middle Money,42517.0,21258.0,15,10629.0,6378.0,14881.0,10,No Active Loan,Medium,40.7,20.4,MEDIUM,Every 30 Days,30,SMS / Soft Reminder
56,retired,married,secondary,no,1894,yes,no,unknown,15,may,189,1,-1,0,unknown,no,C01130,Middle Money,49152.0,24576.0,15,12288.0,7373.0,17203.0,10,No Active Loan,Medium,40.7,20.82,MEDIUM,Every 30 Days,30,SMS / Soft Reminder
36,management,single,tertiary,no,8,no,no,cellular,29,jul,858,7,-1,0,unknown,no,C01131,Middle Money,44001.0,22000.0,21,11000.0,6600.0,15401.0,15,No Active Loan,Medium,43.5,21.75,MEDIUM,Every 30 Days,30,SMS / Soft Reminder
37,management,married,tertiary,no,5432,yes,yes,unknown,20,may,774,1,-1,0,unknown,no,C01132,Middle Money,44685.0,22342.0,15,11171.0,6703.0,15640.0,10,Regular,Medium,40.7,21.69,MEDIUM,Every 30 Days,30,SMS / Soft Reminder
36,management,single,secondary,no,1511,yes,no,cellular,16,nov,270,1,-1,0,unknown,yes,C01133,Middle Money,44121.0,22060.0,15,11030.0,6618.0,15443.0,10,No Active Loan,Medium,40.7,20.72,MEDIUM,Every 30 Days,30,SMS / Soft Reminder
33,self-employed,single,tertiary,no,658,yes,no,cellular,12,apr,93,1,173,2,success,no,C01134,Middle Money,43303.0,21652.0,15,10826.0,6495.0,15156.0,10,No Active Loan,Medium,40.7,20.51,MEDIUM,Every 30 Days,30,SMS / Soft Reminder
34,housemaid,married,tertiary,no,1265,yes,no,unknown,6,jun,397,3,-1,0,unknown,no,C01135,Middle Money,43601.0,21800.0,15,10900.0,6540.0,15261.0,10,No Active Loan,Medium,40.7,20.66,MEDIUM,Every 30 Days,30,SMS / Soft Reminder
35,technician,married,tertiary,no,944,no,no,cellular,8,aug,351,2,-1,0,unknown,no,C01136,Middle Money,43826.0,21913.0,15,10956.0,6574.0,15339.0,10,No Active Loan,Medium,40.7,20.58,MEDIUM,Every 30 Days,30,SMS / Soft Reminder
42,blue-collar,married,secondary,no,366,yes,no,cellular,22,may,324,1,106,1,failure,yes,C01137,Middle Money,45529.0,22764.0,15,11382.0,6829.0,15936.0,10,No Active Loan,Medium,40.7,20.44,MEDIUM,Every 30 Days,30,SMS / Soft Reminder
29,admin.,single,secondary,no,163,yes,yes,unknown,16,may,803,1,-1,0,unknown,yes,C01138,Middle Money,42263.0,21132.0,15,10566.0,6339.0,14792.0,10,Regular,Medium,40.7,20.39,MEDIUM,Every 30 Days,30,SMS / Soft Reminder
58,admin.,divorced,secondary,no,3337,yes,no,telephone,8,oct,369,2,690,3,failure,yes,C01139,Middle Money,49767.0,24884.0,15,12442.0,7465.0,17418.0,10,No Active Loan,Medium,40.7,21.17,MEDIUM,Every 30 Days,30,SMS / Soft Reminder
37,unemployed,single,secondary,no,443,no,no,cellular,29,jan,1600,1,-1,0,unknown,yes,C01140,Middle Money,44285.0,22142.0,15,11071.0,6643.0,15500.0,10,No Active Loan,Medium,40.7,20.46,MEDIUM,Every 30 Days,30,SMS / Soft Reminder
78,retired,married,tertiary,no,1204,no,no,telephone,17,nov,135,1,-1,0,unknown,yes,C01141,Middle Money,54596.0,27298.0,15,13649.0,8189.0,19109.0,10,No Active Loan,Medium,40.7,20.65,MEDIUM,Every 30 Days,30,SMS / Soft Reminder
44,services,married,secondary,no,522,no,yes,unknown,20,jun,911,1,-1,0,unknown,yes,C01142,Middle Money,46042.0,23021.0,15,11510.0,6906.0,16115.0,10,Regular,Medium,40.7,20.48,MEDIUM,Every 30 Days,30,SMS / Soft Reminder
40,admin.,married,secondary,no,767,yes,no,cellular,6,feb,168,1,-1,0,unknown,no,C01143,Middle Money,45061.0,22530.0,15,11265.0,6759.0,15772.0,10,No Active Loan,Medium,40.7,20.54,MEDIUM,Every 30 Days,30,SMS / Soft Reminder
40,blue-collar,single,unknown,no,24,yes,no,unknown,5,may,185,1,-1,0,unknown,no,C01144,Middle Money,45002.0,22501.0,15,11250.0,6750.0,15751.0,10,No Active Loan,Medium,40.7,20.36,MEDIUM,Every 30 Days,30,SMS / Soft Reminder
49,management,married,tertiary,no,1167,yes,yes,cellular,24,sep,249,1,91,14,success,yes,C01145,Middle Money,47343.0,23672.0,17,11836.0,7101.0,16570.0,12,Regular,Medium,42.22,21.4,MEDIUM,Every 30 Days,30,SMS / Soft Reminder
35,management,divorced,tertiary,no,538,yes,no,unknown,12,may,66,4,-1,0,unknown,no,C01146,Middle Money,43793.0,21896.0,15,10948.0,6569.0,15328.0,10,No Active Loan,Medium,40.7,20.48,MEDIUM,Every 30 Days,30,SMS / Soft Reminder
33,services,married,secondary,no,930,no,yes,cellular,24,jul,149,2,-1,0,unknown,no,C01147,Middle Money,43324.0,21662.0,15,10831.0,6499.0,15163.0,10,Regular,Medium,40.7,20.58,MEDIUM,Every 30 Days,30,SMS / Soft Reminder
44,management,married,tertiary,no,1451,yes,no,cellular,5,feb,80,7,80,15,failure,no,C01148,Middle Money,46116.0,23058.0,36,11529.0,6917.0,16141.0,25,No Active Loan,High,47.04,23.88,MEDIUM,Every 30 Days,30,SMS / Soft Reminder
35,management,single,tertiary,no,1496,yes,no,cellular,22,aug,73,4,-1,0,unknown,no,C01149,Middle Money,43870.0,21935.0,15,10968.0,6580.0,15355.0,10,No Active Loan,Medium,40.7,20.72,MEDIUM,Every 30 Days,30,SMS / Soft Reminder
47,management,married,tertiary,no,866,no,no,unknown,20,jun,7,7,-1,0,unknown,no,C01150,Middle Money,46819.0,23410.0,21,11705.0,7023.0,16386.0,15,No Active Loan,Medium,43.5,21.96,MEDIUM,Every 30 Days,30,SMS / Soft Reminder
33,blue-collar,single,tertiary,no,700,no,no,cellular,9,feb,126,1,88,1,success,yes,C01151,Middle Money,43306.0,21653.0,15,10826.0,6496.0,15157.0,10,No Active Loan,Medium,40.7,20.52,MEDIUM,Every 30 Days,30,SMS / Soft Reminder
31,technician,married,tertiary,no,1570,yes,no,cellular,8,mar,277,4,286,1,failure,yes,C01152,Middle Money,42876.0,21438.0,15,10719.0,6431.0,15007.0,10,No Active Loan,Medium,40.7,20.74,MEDIUM,Every 30 Days,30,SMS / Soft Reminder
38,technician,married,secondary,no,381,yes,no,unknown,29,may,126,2,-1,0,unknown,no,C01153,Middle Money,44530.0,22265.0,15,11132.0,6680.0,15585.0,10,No Active Loan,Medium,40.7,20.44,MEDIUM,Every 30 Days,30,SMS / Soft Reminder
45,entrepreneur,married,secondary,no,242,no,yes,cellular,4,feb,510,1,198,4,failure,no,C01154,Middle Money,46269.0,23134.0,15,11567.0,6940.0,16195.0,10,Regular,Medium,40.7,20.41,MEDIUM,Every 30 Days,30,SMS / Soft Reminder
37,admin.,single,primary,no,912,yes,no,cellular,12,may,637,3,328,22,other,yes,C01155,Middle Money,44323.0,22162.0,31,11081.0,6648.0,15513.0,22,No Active Loan,High,46.08,23.26,MEDIUM,Every 30 Days,30,SMS / Soft Reminder
48,services,divorced,primary,no,2805,no,yes,cellular,23,jul,212,2,-1,0,unknown,no,C01156,Middle Money,47224.0,23612.0,15,11806.0,7084.0,16528.0,10,Regular,Medium,40.7,21.04,MEDIUM,Every 30 Days,30,SMS / Soft Reminder
59,management,married,tertiary,no,1,yes,no,cellular,29,apr,210,1,-1,0,unknown,yes,C01157,Middle Money,49750.0,24875.0,15,12438.0,7462.0,17413.0,10,No Active Loan,Medium,40.7,20.35,MEDIUM,Every 30 Days,30,SMS / Soft Reminder
68,retired,divorced,primary,no,2027,no,no,cellular,15,jun,619,2,92,2,success,yes,C01158,Middle Money,52162.0,26081.0,15,13040.0,7824.0,18257.0,10,No Active Loan,Medium,40.7,20.85,MEDIUM,Every 30 Days,30,SMS / Soft Reminder
33,services,single,unknown,no,2297,no,no,cellular,27,jul,527,1,-1,0,unknown,yes,C01159,Middle Money,43434.0,21717.0,15,10858.0,6515.0,15202.0,10,No Active Loan,Medium,40.7,20.92,MEDIUM,Every 30 Days,30,SMS / Soft Reminder
40,blue-collar,married,primary,no,1758,yes,no,unknown,16,may,1230,3,-1,0,unknown,yes,C01160,Middle Money,45141.0,22570.0,15,11285.0,6771.0,15800.0,10,No Active Loan,Medium,40.7,20.78,MEDIUM,Every 30 Days,30,SMS / Soft Reminder
60,technician,married,primary,no,65,yes,no,unknown,9,may,1028,2,-1,0,unknown,yes,C01161,Middle Money,50005.0,25002.0,15,12501.0,7501.0,17502.0,10,No Active Loan,Medium,40.7,20.37,MEDIUM,Every 30 Days,30,SMS / Soft Reminder
30,blue-collar,single,secondary,no,49,no,no,cellular,30,jan,808,2,-1,0,unknown,yes,C01162,Middle Money,42504.0,21252.0,15,10626.0,6376.0,14876.0,10,No Active Loan,Medium,40.7,20.36,MEDIUM,Every 30 Days,30,SMS / Soft Reminder
37,technician,married,secondary,no,0,yes,no,cellular,16,apr,657,4,149,1,other,no,C01163,Middle Money,44250.0,22125.0,15,11062.0,6638.0,15487.0,10,No Active Loan,Medium,40.7,20.35,MEDIUM,Every 30 Days,30,SMS / Soft Reminder
33,technician,single,tertiary,no,127,yes,no,cellular,6,apr,583,2,222,17,failure,yes,C01164,Middle Money,43260.0,21630.0,23,10815.0,6489.0,15141.0,16,No Active Loan,Medium,43.57,21.82,MEDIUM,Every 30 Days,30,SMS / Soft Reminder
39,management,married,unknown,no,76,no,no,cellular,15,sep,200,1,183,1,success,yes,C01165,Middle Money,44756.0,22378.0,15,11189.0,6713.0,15665.0,10,No Active Loan,Medium,40.7,20.37,MEDIUM,Every 30 Days,30,SMS / Soft Reminder
27,blue-collar,married,secondary,no,4333,no,no,cellular,20,apr,163,1,-1,0,unknown,yes,C01166,Middle Money,42097.0,21048.0,15,10524.0,6315.0,14734.0,10,No Active Loan,Medium,40.7,21.42,MEDIUM,Every 30 Days,30,SMS / Soft Reminder
27,services,single,secondary,no,167,no,yes,cellular,8,jul,606,2,-1,0,unknown,no,C01167,Middle Money,41763.0,20882.0,15,10441.0,6264.0,14617.0,10,Regular,Medium,40.7,20.39,MEDIUM,Every 30 Days,30,SMS / Soft Reminder
62,blue-collar,married,secondary,no,180,no,no,cellular,14,jan,183,1,90,4,other,yes,C01168,Middle Money,50514.0,25257.0,15,12628.0,7577.0,17680.0,10,No Active Loan,Medium,40.7,20.39,MEDIUM,Every 30 Days,30,SMS / Soft Reminder
36,management,married,tertiary,no,242,yes,no,cellular,14,may,20,1,-1,0,unknown,no,C01169,Middle Money,44019.0,22010.0,15,11005.0,6603.0,15406.0,10,No Active Loan,Medium,40.7,20.41,MEDIUM,Every 30 Days,30,SMS / Soft Reminder
40,admin.,single,secondary,no,100,yes,no,cellular,11,aug,221,1,461,1,success,yes,C01170,Middle Money,45008.0,22504.0,15,11252.0,6751.0,15753.0,10,No Active Loan,Medium,40.7,20.37,MEDIUM,Every 30 Days,30,SMS / Soft Reminder
21,student,single,secondary,no,224,no,no,cellular,30,apr,871,1,-1,0,unknown,yes,C01171,Middle Money,40268.0,20134.0,15,10067.0,6040.0,14094.0,10,No Active Loan,Medium,40.7,20.41,MEDIUM,Every 30 Days,30,SMS / Soft Reminder
57,technician,divorced,secondary,no,3105,yes,no,unknown,14,may,173,11,-1,0,unknown,no,C01172,Middle Money,49498.0,24749.0,33,12374.0,7425.0,17324.0,23,No Active Loan,High,46.3,23.91,MEDIUM,Every 30 Days,30,SMS / Soft Reminder
22,management,single,tertiary,no,104,no,yes,cellular,16,apr,330,3,-1,0,unknown,yes,C01173,Middle Money,40508.0,20254.0,15,10127.0,6076.0,14178.0,10,Regular,Medium,40.7,20.38,MEDIUM,Every 30 Days,30,SMS / Soft Reminder
31,student,single,tertiary,no,64,no,no,cellular,2,jun,261,2,-1,0,unknown,yes,C01174,Middle Money,42755.0,21378.0,15,10689.0,6413.0,14964.0,10,No Active Loan,Medium,40.7,20.37,MEDIUM,Every 30 Days,30,SMS / Soft Reminder
61,admin.,married,secondary,no,4608,no,no,cellular,12,mar,212,1,-1,0,unknown,yes,C01175,Middle Money,50619.0,25310.0,15,12655.0,7593.0,17716.0,10,No Active Loan,Medium,40.7,21.48,MEDIUM,Every 30 Days,30,SMS / Soft Reminder
36,entrepreneur,divorced,tertiary,no,776,no,yes,cellular,7,jul,722,3,-1,0,unknown,yes,C01176,Middle Money,44062.0,22031.0,15,11016.0,6609.0,15422.0,10,Regular,Medium,40.7,20.54,MEDIUM,Every 30 Days,30,SMS / Soft Reminder
37,services,married,secondary,no,483,yes,no,cellular,30,jan,188,1,-1,0,unknown,no,C01177,Middle Money,44289.0,22144.0,15,11072.0,6643.0,15502.0,10,No Active Loan,Medium,40.7,20.47,MEDIUM,Every 30 Days,30,SMS / Soft Reminder
46,management,married,secondary,no,-27,yes,no,cellular,6,may,289,1,-1,0,unknown,no,C01178,Middle Money,46500.0,23250.0,15,11625.0,6975.0,16275.0,10,No Active Loan,Medium,40.7,20.35,MEDIUM,Every 30 Days,30,SMS / Soft Reminder
50,management,married,tertiary,yes,72,no,no,cellular,22,aug,171,13,-1,0,unknown,no,C01179,Middle Money,47506.0,23753.0,39,11876.0,7126.0,16627.0,27,No Active Loan,High,47.79,23.91,MEDIUM,Every 30 Days,30,SMS / Soft Reminder
41,technician,single,tertiary,no,-89,yes,no,cellular,3,feb,195,4,251,4,failure,no,C01180,Middle Money,45250.0,22625.0,16,11312.0,6788.0,15837.0,11,No Active Loan,Medium,41.49,20.74,MEDIUM,Every 30 Days,30,SMS / Soft Reminder
40,retired,single,secondary,no,1400,no,no,unknown,20,jun,20,7,-1,0,unknown,no,C01181,Middle Money,45112.0,22556.0,21,11278.0,6767.0,15789.0,15,No Active Loan,Medium,43.5,22.09,MEDIUM,Every 30 Days,30,SMS / Soft Reminder
44,admin.,married,tertiary,no,348,yes,yes,cellular,16,feb,170,2,-1,0,unknown,yes,C01182,Middle Money,46028.0,23014.0,15,11507.0,6904.0,16110.0,10,Regular,Medium,40.7,20.44,MEDIUM,Every 30 Days,30,SMS / Soft Reminder
39,self-employed,married,tertiary,no,1047,no,no,unknown,6,jun,554,1,-1,0,unknown,yes,C01183,Middle Money,44834.0,22417.0,15,11208.0,6725.0,15692.0,10,No Active Loan,Medium,40.7,20.61,MEDIUM,Every 30 Days,30,SMS / Soft Reminder
27,technician,married,secondary,no,7102,yes,no,unknown,30,may,141,9,-1,0,unknown,no,C01184,Middle Money,42318.0,21159.0,27,10580.0,6348.0,14811.0,19,No Active Loan,High,44.85,24.17,MEDIUM,Every 30 Days,30,SMS / Soft Reminder
33,technician,married,secondary,no,0,no,no,cellular,25,aug,296,8,-1,0,unknown,no,C01185,Middle Money,43250.0,21625.0,24,10812.0,6488.0,15137.0,17,No Active Loan,Medium,44.16,22.08,MEDIUM,Every 30 Days,30,SMS / Soft Reminder
33,management,single,tertiary,no,2485,yes,no,cellular,2,nov,91,2,-1,0,unknown,no,C01186,Middle Money,43449.0,21724.0,15,10862.0,6517.0,15208.0,10,No Active Loan,Medium,40.7,20.96,MEDIUM,Every 30 Days,30,SMS / Soft Reminder
47,technician,married,secondary,no,2246,yes,no,cellular,10,jul,330,1,-1,0,unknown,no,C01187,Middle Money,46930.0,23465.0,15,11732.0,7040.0,16425.0,10,No Active Loan,Medium,40.7,20.9,MEDIUM,Every 30 Days,30,SMS / Soft Reminder
28,admin.,single,secondary,no,762,no,no,cellular,18,sep,115,3,-1,0,unknown,yes,C01188,Middle Money,42061.0,21030.0,15,10515.0,6309.0,14722.0,10,No Active Loan,Medium,40.7,20.54,MEDIUM,Every 30 Days,30,SMS / Soft Reminder
29,services,married,secondary,no,376,no,yes,telephone,28,jan,49,3,183,4,failure,no,C01189,Middle Money,42280.0,21140.0,15,10570.0,6342.0,14798.0,10,Regular,Medium,40.7,20.44,MEDIUM,Every 30 Days,30,SMS / Soft Reminder
41,blue-collar,married,secondary,no,2717,yes,yes,cellular,24,jul,559,2,-1,0,unknown,no,C01190,Middle Money,45467.0,22734.0,15,11367.0,6820.0,15913.0,10,Regular,Medium,40.7,21.02,MEDIUM,Every 30 Days,30,SMS / Soft Reminder
35,management,married,tertiary,no,2161,no,no,cellular,9,sep,569,3,-1,0,unknown,yes,C01191,Middle Money,43923.0,21962.0,15,10981.0,6588.0,15373.0,10,No Active Loan,Medium,40.7,20.88,MEDIUM,Every 30 Days,30,SMS / Soft Reminder
32,student,single,unknown,no,1583,yes,no,unknown,20,may,57,1,-1,0,unknown,no,C01192,Middle Money,43127.0,21564.0,15,10782.0,6469.0,15094.0,10,No Active Loan,Medium,40.7,20.74,MEDIUM,Every 30 Days,30,SMS / Soft Reminder
36,blue-collar,single,secondary,no,111,yes,no,cellular,6,may,174,3,-1,0,unknown,no,C01193,Middle Money,44009.0,22004.0,15,11002.0,6601.0,15404.0,10,No Active Loan,Medium,40.7,20.38,MEDIUM,Every 30 Days,30,SMS / Soft Reminder
37,technician,married,secondary,no,157,yes,no,unknown,7,may,238,2,-1,0,unknown,no,C01194,Middle Money,44263.0,22132.0,15,11066.0,6639.0,15492.0,10,No Active Loan,Medium,40.7,20.39,MEDIUM,Every 30 Days,30,SMS / Soft Reminder
34,self-employed,single,tertiary,no,36,no,no,telephone,28,jan,55,1,-1,0,unknown,no,C01195,Middle Money,43503.0,21752.0,15,10876.0,6525.0,15226.0,10,No Active Loan,Medium,40.7,20.36,MEDIUM,Every 30 Days,30,SMS / Soft Reminder
43,management,divorced,tertiary,no,2367,no,no,cellular,22,mar,173,2,181,4,success,yes,C01196,Middle Money,45939.0,22970.0,15,11485.0,6891.0,16078.0,10,No Active Loan,Medium,40.7,20.93,MEDIUM,Every 30 Days,30,SMS / Soft Reminder
36,management,single,tertiary,no,876,yes,no,unknown,23,may,241,2,-1,0,unknown,no,C01197,Middle Money,44070.0,22035.0,15,11018.0,6610.0,15425.0,10,No Active Loan,Medium,40.7,20.57,MEDIUM,Every 30 Days,30,SMS / Soft Reminder
27,admin.,married,secondary,no,-97,yes,no,unknown,18,jun,1528,2,-1,0,unknown,yes,C01198,Middle Money,41750.0,20875.0,15,10438.0,6262.0,14613.0,10,No Active Loan,Medium,40.7,20.35,MEDIUM,Every 30 Days,30,SMS / Soft Reminder
55,management,divorced,tertiary,no,2383,no,no,cellular,5,aug,1019,2,63,2,success,yes,C01199,Middle Money,48941.0,24470.0,15,12235.0,7341.0,17130.0,10,No Active Loan,Medium,40.7,20.94,MEDIUM,Every 30 Days,30,SMS / Soft Reminder
46,unemployed,divorced,secondary,no,41,yes,no,unknown,12,may,249,4,-1,0,unknown,no,C01200,Middle Money,46503.0,23252.0,15,11626.0,6975.0,16276.0,10,No Active Loan,Medium,40.7,20.36,MEDIUM,Every 30 Days,30,SMS / Soft Reminder
54,management,married,tertiary,no,1411,no,no,cellular,12,aug,56,2,-1,0,unknown,no,C01201,Middle Money,48613.0,24306.0,15,12153.0,7292.0,17015.0,10,No Active Loan,Medium,40.7,20.7,MEDIUM,Every 30 Days,30,SMS / Soft Reminder
34,technician,single,secondary,no,1313,no,no,cellular,19,apr,237,4,-1,0,unknown,no,C01202,Middle Money,43605.0,21802.0,15,10901.0,6541.0,15262.0,10,No Active Loan,Medium,40.7,20.67,MEDIUM,Every 30 Days,30,SMS / Soft Reminder
38,technician,married,unknown,no,90,yes,yes,unknown,8,may,20,2,-1,0,unknown,no,C01203,Middle Money,44507.0,22254.0,15,11127.0,6676.0,15577.0,10,Regular,Medium,40.7,20.37,MEDIUM,Every 30 Days,30,SMS / Soft Reminder
33,admin.,divorced,secondary,no,661,yes,no,cellular,4,may,90,4,167,3,failure,no,C01204,Middle Money,43303.0,21652.0,15,10826.0,6495.0,15156.0,10,No Active Loan,Medium,40.7,20.51,MEDIUM,Every 30 Days,30,SMS / Soft Reminder
74,retired,married,tertiary,no,1843,no,no,cellular,15,sep,251,2,184,3,success,yes,C01205,Middle Money,53647.0,26824.0,15,13412.0,8047.0,18776.0,10,No Active Loan,Medium,40.7,20.8,MEDIUM,Every 30 Days,30,SMS / Soft Reminder
40,admin.,married,tertiary,no,764,yes,no,unknown,17,nov,85,1,-1,0,unknown,yes,C01206,Middle Money,45061.0,22530.0,15,11265.0,6759.0,15772.0,10,No Active Loan,Medium,40.7,20.54,MEDIUM,Every 30 Days,30,SMS / Soft Reminder
32,admin.,single,secondary,no,131,yes,no,cellular,21,dec,322,1,189,1,success,yes,C01207,Middle Money,43010.0,21505.0,15,10752.0,6452.0,15053.0,10,No Active Loan,Medium,40.7,20.38,MEDIUM,Every 30 Days,30,SMS / Soft Reminder
32,blue-collar,single,primary,no,1918,yes,no,cellular,8,may,318,1,172,1,failure,no,C01208,Middle Money,43153.0,21576.0,15,10788.0,6473.0,15104.0,10,No Active Loan,Medium,40.7,20.82,MEDIUM,Every 30 Days,30,SMS / Soft Reminder
25,admin.,married,secondary,no,894,yes,no,unknown,28,may,328,1,-1,0,unknown,no,C01209,Middle Money,41322.0,20661.0,15,10330.0,6198.0,14463.0,10,No Active Loan,Medium,40.7,20.57,MEDIUM,Every 30 Days,30,SMS / Soft Reminder
40,management,married,tertiary,no,2487,no,no,cellular,30,apr,126,1,-1,0,unknown,no,C01210,Middle Money,45199.0,22600.0,15,11300.0,6780.0,15819.0,10,No Active Loan,Medium,40.7,20.96,MEDIUM,Every 30 Days,30,SMS / Soft Reminder
30,student,single,tertiary,no,3300,no,no,cellular,21,nov,1571,1,-1,0,unknown,yes,C01211,Middle Money,42764.0,21382.0,15,10691.0,6415.0,14967.0,10,No Active Loan,Medium,40.7,21.16,MEDIUM,Every 30 Days,30,SMS / Soft Reminder
69,retired,married,unknown,no,426,no,no,telephone,9,dec,395,1,-1,0,unknown,yes,C01212,Middle Money,52284.0,26142.0,15,13071.0,7843.0,18299.0,10,No Active Loan,Medium,40.7,20.45,MEDIUM,Every 30 Days,30,SMS / Soft Reminder
68,retired,married,tertiary,no,2812,no,no,cellular,3,feb,279,2,181,1,failure,yes,C01213,Middle Money,52225.0,26112.0,15,13056.0,7834.0,18279.0,10,No Active Loan,Medium,40.7,21.04,MEDIUM,Every 30 Days,30,SMS / Soft Reminder
45,admin.,divorced,secondary,no,2353,yes,no,cellular,5,mar,182,1,107,2,other,yes,C01214,Middle Money,46438.0,23219.0,15,11610.0,6966.0,16253.0,10,No Active Loan,Medium,40.7,20.93,MEDIUM,Every 30 Days,30,SMS / Soft Reminder
51,management,divorced,tertiary,no,0,yes,no,cellular,28,jul,534,4,-1,0,unknown,no,C01215,Middle Money,47750.0,23875.0,15,11938.0,7162.0,16713.0,10,No Active Loan,Medium,40.7,20.35,MEDIUM,Every 30 Days,30,SMS / Soft Reminder
36,technician,married,tertiary,no,4596,yes,no,cellular,16,apr,901,2,-1,0,unknown,yes,C01216,Middle Money,44368.0,22184.0,15,11092.0,6655.0,15529.0,10,No Active Loan,Medium,40.7,21.48,MEDIUM,Every 30 Days,30,SMS / Soft Reminder
31,unemployed,single,secondary,no,284,yes,no,cellular,2,feb,855,1,-1,0,unknown,yes,C01217,Middle Money,42773.0,21386.0,15,10693.0,6416.0,14971.0,10,No Active Loan,Medium,40.7,20.42,MEDIUM,Every 30 Days,30,SMS / Soft Reminder
24,student,single,secondary,no,423,yes,no,unknown,5,may,226,3,-1,0,unknown,no,C01218,Middle Money,41034.0,20517.0,15,10258.0,6155.0,14362.0,10,No Active Loan,Medium,40.7,20.45,MEDIUM,Every 30 Days,30,SMS / Soft Reminder
58,management,divorced,primary,no,5914,no,no,unknown,17,jun,69,4,-1,0,unknown,no,C01219,Middle Money,49973.0,24986.0,15,12493.0,7496.0,17491.0,10,No Active Loan,Medium,40.7,21.81,MEDIUM,Every 30 Days,30,SMS / Soft Reminder
59,retired,married,secondary,no,163,no,no,cellular,24,jul,464,1,-1,0,unknown,no,C01220,Middle Money,49763.0,24882.0,15,12441.0,7464.0,17417.0,10,No Active Loan,Medium,40.7,20.39,MEDIUM,Every 30 Days,30,SMS / Soft Reminder
46,self-employed,married,secondary,no,567,no,no,cellular,18,jul,142,10,-1,0,unknown,no,C01221,Middle Money,46545.0,23272.0,30,11636.0,6982.0,16291.0,21,No Active Loan,High,45.56,22.92,MEDIUM,Every 30 Days,30,SMS / Soft Reminder
79,retired,married,primary,no,8556,no,no,telephone,18,jan,326,2,272,2,success,yes,C01222,Middle Money,55434.0,27717.0,15,13858.0,8315.0,19402.0,10,No Active Loan,Medium,40.7,22.46,MEDIUM,Every 30 Days,30,SMS / Soft Reminder
38,admin.,divorced,secondary,no,0,no,no,unknown,5,jun,56,1,-1,0,unknown,no,C01223,Middle Money,44500.0,22250.0,15,11125.0,6675.0,15575.0,10,No Active Loan,Medium,40.7,20.35,MEDIUM,Every 30 Days,30,SMS / Soft Reminder
71,retired,married,tertiary,no,653,no,no,telephone,26,feb,367,1,-1,0,unknown,yes,C01224,Middle Money,52802.0,26401.0,15,13200.0,7920.0,18481.0,10,No Active Loan,Medium,40.7,20.51,MEDIUM,Every 30 Days,30,SMS / Soft Reminder
53,self-employed,married,tertiary,no,20,yes,no,cellular,7,aug,218,2,-1,0,unknown,no,C01225,Middle Money,48252.0,24126.0,15,12063.0,7238.0,16888.0,10,No Active Loan,Medium,40.7,20.35,MEDIUM,Every 30 Days,30,SMS / Soft Reminder
35,technician,single,secondary,no,27,yes,no,cellular,25,may,214,1,305,1,other,yes,C01226,Middle Money,43752.0,21876.0,15,10938.0,6563.0,15313.0,10,No Active Loan,Medium,40.7,20.36,MEDIUM,Every 30 Days,30,SMS / Soft Reminder
27,admin.,single,secondary,no,3,yes,no,cellular,8,may,346,2,-1,0,unknown,no,C01227,Middle Money,41750.0,20875.0,15,10438.0,6262.0,14613.0,10,No Active Loan,Medium,40.7,20.35,MEDIUM,Every 30 Days,30,SMS / Soft Reminder
36,technician,single,secondary,no,651,no,no,cellular,7,aug,876,1,-1,0,unknown,yes,C01228,Middle Money,44052.0,22026.0,15,11013.0,6608.0,15418.0,10,No Active Loan,Medium,40.7,20.51,MEDIUM,Every 30 Days,30,SMS / Soft Reminder
50,technician,divorced,secondary,no,8016,no,no,cellular,17,jul,903,4,-1,0,unknown,no,C01229,Middle Money,48141.0,24070.0,15,12035.0,7221.0,16850.0,10,No Active Loan,Medium,40.7,22.32,MEDIUM,Every 30 Days,30,SMS / Soft Reminder
31,entrepreneur,single,secondary,no,0,no,no,telephone,13,nov,160,1,-1,0,unknown,yes,C01230,Middle Money,42750.0,21375.0,15,10688.0,6412.0,14963.0,10,No Active Loan,Medium,40.7,20.35,MEDIUM,Every 30 Days,30,SMS / Soft Reminder
53,blue-collar,married,unknown,no,2509,no,no,telephone,22,may,231,2,-1,0,unknown,yes,C01231,Middle Money,48451.0,24226.0,15,12113.0,7268.0,16957.0,10,No Active Loan,Medium,40.7,20.97,MEDIUM,Every 30 Days,30,SMS / Soft Reminder
23,unemployed,single,primary,no,1003,no,no,telephone,27,nov,8,1,-1,0,unknown,yes,C01232,Middle Money,40830.0,20415.0,15,10208.0,6124.0,14291.0,10,No Active Loan,Medium,40.7,20.6,MEDIUM,Every 30 Days,30,SMS / Soft Reminder
47,entrepreneur,divorced,secondary,no,186,no,no,cellular,2,feb,112,2,-1,0,unknown,no,C01233,Middle Money,46765.0,23382.0,15,11691.0,7015.0,16368.0,10,No Active Loan,Medium,40.7,20.4,MEDIUM,Every 30 Days,30,SMS / Soft Reminder
57,management,married,tertiary,no,3431,yes,no,cellular,21,nov,55,2,189,1,failure,no,C01234,Middle Money,49524.0,24762.0,15,12381.0,7429.0,17333.0,10,No Active Loan,Medium,40.7,21.2,MEDIUM,Every 30 Days,30,SMS / Soft Reminder
27,student,single,tertiary,no,5291,no,no,cellular,12,nov,192,2,92,2,failure,yes,C01235,Middle Money,42173.0,21086.0,15,10543.0,6326.0,14761.0,10,No Active Loan,Medium,40.7,21.65,MEDIUM,Every 30 Days,30,SMS / Soft Reminder
44,management,married,primary,no,558,no,no,cellular,19,feb,268,5,-1,0,unknown,yes,C01236,Middle Money,46045.0,23022.0,15,11511.0,6907.0,16116.0,10,No Active Loan,Medium,40.7,20.49,MEDIUM,Every 30 Days,30,SMS / Soft Reminder
30,management,single,tertiary,no,-218,yes,no,cellular,27,aug,13,15,-1,0,unknown,no,C01237,Middle Money,42500.0,21250.0,45,10625.0,6375.0,14875.0,31,No Active Loan,High,49.32,24.66,MEDIUM,Every 30 Days,30,SMS / Soft Reminder
49,blue-collar,married,primary,no,23,yes,no,unknown,23,may,247,1,-1,0,unknown,no,C01238,Middle Money,47252.0,23626.0,15,11813.0,7088.0,16538.0,10,No Active Loan,Medium,40.7,20.36,MEDIUM,Every 30 Days,30,SMS / Soft Reminder
56,retired,married,primary,no,9367,no,no,cellular,13,aug,320,2,101,2,success,yes,C01239,Middle Money,49749.0,24874.0,15,12437.0,7462.0,17413.0,10,No Active Loan,Medium,40.7,22.66,MEDIUM,Every 30 Days,30,SMS / Soft Reminder
46,technician,divorced,secondary,no,-90,no,yes,telephone,17,oct,270,1,-1,0,unknown,yes,C01240,Middle Money,46500.0,23250.0,15,11625.0,6975.0,16275.0,10,Regular,Medium,40.7,20.35,MEDIUM,Every 30 Days,30,SMS / Soft Reminder
47,technician,divorced,secondary,no,84,no,no,cellular,8,aug,49,2,-1,0,unknown,no,C01241,Middle Money,46757.0,23378.0,15,11689.0,7014.0,16365.0,10,No Active Loan,Medium,40.7,20.37,MEDIUM,Every 30 Days,30,SMS / Soft Reminder
35,blue-collar,married,unknown,no,1084,yes,no,cellular,10,jul,1019,1,-1,0,unknown,no,C01242,Middle Money,43837.0,21918.0,15,10959.0,6576.0,15343.0,10,No Active Loan,Medium,40.7,20.62,MEDIUM,Every 30 Days,30,SMS / Soft Reminder
46,management,married,tertiary,no,699,no,no,cellular,30,apr,970,1,87,1,failure,yes,C01243,Middle Money,46556.0,23278.0,15,11639.0,6983.0,16295.0,10,No Active Loan,Medium,40.7,20.52,MEDIUM,Every 30 Days,30,SMS / Soft Reminder
59,retired,married,primary,no,1423,yes,no,unknown,15,may,584,2,-1,0,unknown,no,C01244,Middle Money,49864.0,24932.0,15,12466.0,7480.0,17452.0,10,No Active Loan,Medium,40.7,20.7,MEDIUM,Every 30 Days,30,SMS / Soft Reminder
29,blue-collar,single,secondary,no,734,yes,yes,cellular,30,apr,259,1,296,1,other,yes,C01245,Middle Money,42309.0,21154.0,15,10577.0,6346.0,14809.0,10,Regular,Medium,40.7,20.53,MEDIUM,Every 30 Days,30,SMS / Soft Reminder
55,retired,married,secondary,no,241,yes,no,unknown,20,jun,14,6,-1,0,unknown,no,C01246,Middle Money,48769.0,24384.0,18,12192.0,7315.0,17070.0,13,No Active Loan,Medium,42.89,21.5,MEDIUM,Every 30 Days,30,SMS / Soft Reminder
34,unemployed,single,secondary,no,15,no,no,cellular,12,jan,377,1,-1,0,unknown,yes,C01247,Middle Money,43501.0,21750.0,15,10875.0,6525.0,15226.0,10,No Active Loan,Medium,40.7,20.35,MEDIUM,Every 30 Days,30,SMS / Soft Reminder
49,admin.,married,secondary,no,197,yes,no,cellular,13,apr,223,1,182,2,failure,yes,C01248,Middle Money,47266.0,23633.0,15,11816.0,7090.0,16543.0,10,No Active Loan,Medium,40.7,20.4,MEDIUM,Every 30 Days,30,SMS / Soft Reminder
31,management,married,tertiary,no,1812,no,no,cellular,30,apr,461,1,-1,0,unknown,yes,C01249,Middle Money,42895.0,21448.0,15,10724.0,6434.0,15013.0,10,No Active Loan,Medium,40.7,20.8,MEDIUM,Every 30 Days,30,SMS / Soft Reminder
59,retired,divorced,secondary,no,914,no,no,cellular,28,jan,192,1,-1,0,unknown,no,C01250,Middle Money,49823.0,24912.0,15,12456.0,7473.0,17438.0,10,No Active Loan,Medium,40.7,20.58,MEDIUM,Every 30 Days,30,SMS / Soft Reminder
47,management,single,tertiary,no,372,no,no,cellular,15,jun,257,1,-1,0,unknown,yes,C01251,Middle Money,46780.0,23390.0,15,11695.0,7017.0,16373.0,10,No Active Loan,Medium,40.7,20.44,MEDIUM,Every 30 Days,30,SMS / Soft Reminder
56,technician,single,primary,no,145,yes,no,telephone,6,feb,124,2,9,2,other,no,C01252,Middle Money,49012.0,24506.0,15,12253.0,7352.0,17154.0,10,No Active Loan,Medium,40.7,20.39,MEDIUM,Every 30 Days,30,SMS / Soft Reminder
33,management,single,tertiary,no,30,yes,no,cellular,22,jul,1077,1,-1,0,unknown,yes,C01253,Middle Money,43252.0,21626.0,15,10813.0,6488.0,15138.0,10,No Active Loan,Medium,40.7,20.36,MEDIUM,Every 30 Days,30,SMS / Soft Reminder
41,management,married,tertiary,no,27696,no,no,cellular,12,aug,147,2,104,1,failure,yes,C01254,Middle Money,47466.0,23733.0,15,11866.0,7120.0,16613.0,10,No Active Loan,Medium,40.7,27.17,MEDIUM,Every 30 Days,30,SMS / Soft Reminder
49,technician,married,tertiary,no,503,no,no,unknown,1,jul,297,2,-1,0,unknown,no,C01255,Middle Money,47290.0,23645.0,15,11822.0,7094.0,16551.0,10,No Active Loan,Medium,40.7,20.47,MEDIUM,Every 30 Days,30,SMS / Soft Reminder
18,student,single,primary,no,608,no,no,cellular,13,nov,210,1,93,1,success,yes,C01256,Middle Money,39549.0,19774.0,15,9887.0,5932.0,13843.0,10,No Active Loan,Medium,40.7,20.5,MEDIUM,Every 30 Days,30,SMS / Soft Reminder
31,management,single,secondary,no,360,yes,no,cellular,18,may,309,1,-1,0,unknown,yes,C01257,Middle Money,42779.0,21390.0,15,10695.0,6417.0,14972.0,10,No Active Loan,Medium,40.7,20.44,MEDIUM,Every 30 Days,30,SMS / Soft Reminder
48,technician,married,secondary,no,568,yes,no,cellular,2,sep,378,2,386,1,success,yes,C01258,Middle Money,47045.0,23522.0,15,11761.0,7057.0,16466.0,10,No Active Loan,Medium,40.7,20.49,MEDIUM,Every 30 Days,30,SMS / Soft Reminder
46,services,married,primary,no,437,yes,no,cellular,13,may,546,3,-1,0,unknown,yes,C01259,Middle Money,46535.0,23268.0,15,11634.0,6980.0,16287.0,10,No Active Loan,Medium,40.7,20.46,MEDIUM,Every 30 Days,30,SMS / Soft Reminder
31,technician,single,tertiary,no,882,no,no,cellular,3,jun,411,1,-1,0,unknown,yes,C01260,Middle Money,42821.0,21410.0,15,10705.0,6423.0,14988.0,10,No Active Loan,Medium,40.7,20.57,MEDIUM,Every 30 Days,30,SMS / Soft Reminder
44,blue-collar,single,secondary,no,712,yes,yes,cellular,6,apr,740,3,-1,0,unknown,yes,C01261,Middle Money,46057.0,23028.0,15,11514.0,6909.0,16120.0,10,Regular,Medium,40.7,20.53,MEDIUM,Every 30 Days,30,SMS / Soft Reminder
69,management,married,tertiary,no,840,no,no,telephone,5,feb,128,3,-1,0,unknown,yes,C01262,Middle Money,52317.0,26158.0,15,13079.0,7848.0,18311.0,10,No Active Loan,Medium,40.7,20.56,MEDIUM,Every 30 Days,30,SMS / Soft Reminder
30,unemployed,single,secondary,no,2424,no,no,cellular,12,nov,110,1,279,1,failure,yes,C01263,Middle Money,42694.0,21347.0,15,10674.0,6404.0,14943.0,10,No Active Loan,Medium,40.7,20.95,MEDIUM,Every 30 Days,30,SMS / Soft Reminder
28,admin.,married,secondary,no,0,yes,no,cellular,7,may,47,1,-1,0,unknown,no,C01264,Middle Money,42000.0,21000.0,15,10500.0,6300.0,14700.0,10,No Active Loan,Medium,40.7,20.35,MEDIUM,Every 30 Days,30,SMS / Soft Reminder
35,entrepreneur,married,tertiary,no,-31,yes,no,cellular,21,nov,171,2,-1,0,unknown,no,C01265,Middle Money,43750.0,21875.0,15,10938.0,6562.0,15313.0,10,No Active Loan,Medium,40.7,20.35,MEDIUM,Every 30 Days,30,SMS / Soft Reminder
37,entrepreneur,divorced,tertiary,no,66,no,no,cellular,18,nov,1164,2,-1,0,unknown,yes,C01266,Middle Money,44255.0,22128.0,15,11064.0,6638.0,15489.0,10,No Active Loan,Medium,40.7,20.37,MEDIUM,Every 30 Days,30,SMS / Soft Reminder
48,unemployed,divorced,secondary,no,201,no,no,cellular,10,feb,406,2,92,2,success,yes,C01267,Middle Money,47016.0,23508.0,15,11754.0,7052.0,16456.0,10,No Active Loan,Medium,40.7,20.4,MEDIUM,Every 30 Days,30,SMS / Soft Reminder
33,technician,single,secondary,no,-479,no,no,cellular,7,aug,235,1,-1,0,unknown,no,C01268,Middle Money,43250.0,21625.0,15,10812.0,6488.0,15137.0,10,No Active Loan,Medium,40.7,20.35,MEDIUM,Every 30 Days,30,SMS / Soft Reminder
30,management,married,tertiary,no,131,yes,no,cellular,11,aug,384,6,-1,0,unknown,yes,C01269,Middle Money,42510.0,21255.0,18,10628.0,6376.0,14879.0,13,No Active Loan,Medium,42.89,21.48,MEDIUM,Every 30 Days,30,SMS / Soft Reminder
33,unemployed,married,secondary,no,1211,no,no,cellular,11,feb,535,1,188,1,success,yes,C01270,Middle Money,43347.0,21674.0,15,10837.0,6502.0,15171.0,10,No Active Loan,Medium,40.7,20.65,MEDIUM,Every 30 Days,30,SMS / Soft Reminder
54,services,married,unknown,no,0,yes,no,cellular,5,feb,686,2,267,1,other,yes,C01271,Middle Money,48500.0,24250.0,15,12125.0,7275.0,16975.0,10,No Active Loan,Medium,40.7,20.35,MEDIUM,Every 30 Days,30,SMS / Soft Reminder
39,self-employed,single,tertiary,no,2298,yes,yes,cellular,20,apr,13,2,319,18,other,no,C01272,Middle Money,44934.0,22467.0,24,11234.0,6740.0,15727.0,17,Regular,Medium,44.16,22.65,MEDIUM,Every 30 Days,30,SMS / Soft Reminder
41,management,married,tertiary,no,141,yes,yes,unknown,8,may,146,3,-1,0,unknown,no,C01273,Middle Money,45261.0,22630.0,15,11315.0,6789.0,15842.0,10,Regular,Medium,40.7,20.38,MEDIUM,Every 30 Days,30,SMS / Soft Reminder
28,management,single,tertiary,no,185,no,no,cellular,30,jan,651,2,-1,0,unknown,no,C01274,Middle Money,42015.0,21008.0,15,10504.0,6302.0,14705.0,10,No Active Loan,Medium,40.7,20.4,MEDIUM,Every 30 Days,30,SMS / Soft Reminder
36,admin.,single,secondary,no,206,yes,no,unknown,8,may,183,1,-1,0,unknown,no,C01275,Middle Money,44016.0,22008.0,15,11004.0,6602.0,15406.0,10,No Active Loan,Medium,40.7,20.4,MEDIUM,Every 30 Days,30,SMS / Soft Reminder
84,retired,married,secondary,no,81204,no,no,telephone,28,dec,679,1,313,2,other,yes,C01276,Middle Money,62496.0,31248.0,15,15624.0,9374.0,21874.0,10,No Active Loan,Medium,40.7,40.35,MEDIUM,Every 30 Days,30,SMS / Soft Reminder
31,technician,divorced,secondary,no,304,no,no,cellular,2,feb,133,2,-1,0,unknown,no,C01277,Middle Money,42774.0,21387.0,15,10694.0,6416.0,14971.0,10,No Active Loan,Medium,40.7,20.42,MEDIUM,Every 30 Days,30,SMS / Soft Reminder
48,management,married,primary,no,1513,no,no,cellular,29,jan,166,2,-1,0,unknown,no,C01278,Middle Money,47121.0,23560.0,15,11780.0,7068.0,16493.0,10,No Active Loan,Medium,40.7,20.72,MEDIUM,Every 30 Days,30,SMS / Soft Reminder
41,technician,married,secondary,no,128,yes,no,cellular,27,aug,100,2,-1,0,unknown,no,C01279,Middle Money,45260.0,22630.0,15,11315.0,6789.0,15841.0,10,No Active Loan,Medium,40.7,20.38,MEDIUM,Every 30 Days,30,SMS / Soft Reminder
26,admin.,single,tertiary,no,2532,yes,yes,cellular,18,feb,269,1,-1,0,unknown,yes,C01280,Middle Money,41703.0,20852.0,15,10426.0,6255.0,14596.0,10,Regular,Medium,40.7,20.97,MEDIUM,Every 30 Days,30,SMS / Soft Reminder
30,management,married,tertiary,no,0,no,no,cellular,14,aug,95,2,-1,0,unknown,no,C01281,Middle Money,42500.0,21250.0,15,10625.0,6375.0,14875.0,10,No Active Loan,Medium,40.7,20.35,MEDIUM,Every 30 Days,30,SMS / Soft Reminder
23,self-employed,single,tertiary,no,780,no,no,cellular,16,sep,393,1,183,3,success,yes,C01282,Middle Money,40812.0,20406.0,15,10203.0,6122.0,14284.0,10,No Active Loan,Medium,40.7,20.54,MEDIUM,Every 30 Days,30,SMS / Soft Reminder
37,admin.,married,secondary,no,1110,yes,no,telephone,22,jul,802,11,-1,0,unknown,yes,C01283,Middle Money,44339.0,22170.0,33,11085.0,6651.0,15518.0,23,No Active Loan,High,46.3,23.42,MEDIUM,Every 30 Days,30,SMS / Soft Reminder
39,services,married,tertiary,no,1493,no,no,cellular,9,feb,912,3,-1,0,unknown,yes,C01284,Middle Money,44869.0,22434.0,15,11217.0,6730.0,15705.0,10,No Active Loan,Medium,40.7,20.72,MEDIUM,Every 30 Days,30,SMS / Soft Reminder
35,management,married,tertiary,no,244,yes,no,cellular,19,nov,138,1,-1,0,unknown,no,C01285,Middle Money,43770.0,21885.0,15,10942.0,6566.0,15319.0,10,No Active Loan,Medium,40.7,20.41,MEDIUM,Every 30 Days,30,SMS / Soft Reminder
32,blue-collar,married,secondary,no,783,yes,no,unknown,21,may,923,3,-1,0,unknown,yes,C01286,Middle Money,43063.0,21532.0,15,10766.0,6459.0,15072.0,10,No Active Loan,Medium,40.7,20.54,MEDIUM,Every 30 Days,30,SMS / Soft Reminder
27,management,single,tertiary,no,1720,no,no,cellular,15,jun,910,1,224,3,success,yes,C01287,Middle Money,41888.0,20944.0,15,10472.0,6283.0,14661.0,10,No Active Loan,Medium,40.7,20.77,MEDIUM,Every 30 Days,30,SMS / Soft Reminder
35,technician,divorced,secondary,no,3549,yes,no,cellular,13,aug,250,4,-1,0,unknown,no,C01288,Middle Money,44034.0,22017.0,15,11008.0,6605.0,15412.0,10,No Active Loan,Medium,40.7,21.22,MEDIUM,Every 30 Days,30,SMS / Soft Reminder
25,blue-collar,single,secondary,no,389,no,no,cellular,3,jun,837,1,-1,0,unknown,yes,C01289,Middle Money,41281.0,20640.0,15,10320.0,6192.0,14449.0,10,No Active Loan,Medium,40.7,20.45,MEDIUM,Every 30 Days,30,SMS / Soft Reminder
39,blue-collar,divorced,secondary,no,36,yes,no,unknown,12,may,109,2,-1,0,unknown,no,C01290,Middle Money,44753.0,22376.0,15,11188.0,6713.0,15664.0,10,No Active Loan,Medium,40.7,20.36,MEDIUM,Every 30 Days,30,SMS / Soft Reminder
34,blue-collar,married,primary,no,329,yes,no,cellular,17,apr,952,1,343,1,failure,yes,C01291,Middle Money,43526.0,21763.0,15,10882.0,6529.0,15234.0,10,No Active Loan,Medium,40.7,20.43,MEDIUM,Every 30 Days,30,SMS / Soft Reminder
57,blue-collar,married,primary,no,630,yes,no,unknown,29,may,52,1,-1,0,unknown,no,C01292,Middle Money,49300.0,24650.0,15,12325.0,7395.0,17255.0,10,No Active Loan,Medium,40.7,20.51,MEDIUM,Every 30 Days,30,SMS / Soft Reminder
60,retired,divorced,secondary,no,514,no,no,cellular,16,mar,263,1,124,9,other,yes,C01293,Middle Money,50041.0,25020.0,15,12510.0,7506.0,17515.0,10,No Active Loan,Medium,40.7,20.48,MEDIUM,Every 30 Days,30,SMS / Soft Reminder
34,services,single,secondary,no,2257,no,yes,telephone,30,jan,568,2,-1,0,unknown,no,C01294,Middle Money,43681.0,21840.0,15,10920.0,6552.0,15289.0,10,Regular,Medium,40.7,20.91,MEDIUM,Every 30 Days,30,SMS / Soft Reminder
45,services,single,primary,no,1893,yes,no,unknown,3,jun,1259,6,-1,0,unknown,yes,C01295,Middle Money,46401.0,23200.0,18,11600.0,6960.0,16241.0,13,No Active Loan,Medium,42.89,21.91,MEDIUM,Every 30 Days,30,SMS / Soft Reminder
60,retired,married,primary,no,566,no,yes,cellular,23,jul,423,1,-1,0,unknown,no,C01296,Middle Money,50045.0,25022.0,15,12511.0,7507.0,17516.0,10,Regular,Medium,40.7,20.49,MEDIUM,Every 30 Days,30,SMS / Soft Reminder
35,admin.,married,secondary,no,-244,yes,yes,cellular,6,may,118,1,-1,0,unknown,no,C01297,Middle Money,43750.0,21875.0,15,10938.0,6562.0,15313.0,10,Regular,Medium,40.7,20.35,MEDIUM,Every 30 Days,30,SMS / Soft Reminder
60,retired,married,tertiary,no,2557,yes,no,cellular,2,feb,415,1,-1,0,unknown,yes,C01298,Middle Money,50205.0,25102.0,15,12551.0,7531.0,17572.0,10,No Active Loan,Medium,40.7,20.98,MEDIUM,Every 30 Days,30,SMS / Soft Reminder
50,technician,divorced,secondary,no,0,no,no,cellular,1,apr,280,1,184,3,success,yes,C01299,Middle Money,47500.0,23750.0,15,11875.0,7125.0,16625.0,10,No Active Loan,Medium,40.7,20.35,MEDIUM,Every 30 Days,30,SMS / Soft Reminder
45,management,single,tertiary,no,997,no,yes,cellular,19,nov,152,1,-1,0,unknown,no,C01300,Middle Money,46330.0,23165.0,15,11582.0,6950.0,16215.0,10,Regular,Medium,40.7,20.6,MEDIUM,Every 30 Days,30,SMS / Soft Reminder
48,management,married,tertiary,yes,0,no,yes,cellular,9,feb,18,8,-1,0,unknown,no,C01301,Middle Money,47000.0,23500.0,24,11750.0,7050.0,16450.0,17,Regular,Medium,44.16,22.08,MEDIUM,Every 30 Days,30,SMS / Soft Reminder
34,management,married,tertiary,no,8000,no,no,cellular,12,feb,291,1,260,2,failure,yes,C01302,Middle Money,44140.0,22070.0,15,11035.0,6621.0,15449.0,10,No Active Loan,Medium,40.7,22.32,MEDIUM,Every 30 Days,30,SMS / Soft Reminder
56,management,married,primary,no,405,no,no,cellular,21,jul,251,2,-1,0,unknown,no,C01303,Middle Money,49032.0,24516.0,15,12258.0,7355.0,17161.0,10,No Active Loan,Medium,40.7,20.45,MEDIUM,Every 30 Days,30,SMS / Soft Reminder
52,blue-collar,married,secondary,no,1117,yes,no,cellular,13,may,365,1,-1,0,unknown,no,C01304,Middle Money,48089.0,24044.0,15,12022.0,7213.0,16832.0,10,No Active Loan,Medium,40.7,20.63,MEDIUM,Every 30 Days,30,SMS / Soft Reminder
47,management,single,tertiary,no,159,no,no,telephone,29,oct,220,3,155,3,other,yes,C01305,Middle Money,46763.0,23382.0,15,11691.0,7014.0,16367.0,10,No Active Loan,Medium,40.7,20.39,MEDIUM,Every 30 Days,30,SMS / Soft Reminder
30,services,single,secondary,no,773,yes,yes,unknown,4,jun,29,1,-1,0,unknown,no,C01306,Middle Money,42562.0,21281.0,15,10640.0,6384.0,14897.0,10,Regular,Medium,40.7,20.54,MEDIUM,Every 30 Days,30,SMS / Soft Reminder
49,blue-collar,married,primary,no,361,yes,no,unknown,16,jun,513,2,-1,0,unknown,yes,C01307,Middle Money,47279.0,23640.0,15,11820.0,7092.0,16547.0,10,No Active Loan,Medium,40.7,20.44,MEDIUM,Every 30 Days,30,SMS / Soft Reminder
46,blue-collar,married,primary,no,-388,yes,yes,cellular,10,jul,207,1,-1,0,unknown,no,C01308,Middle Money,46500.0,23250.0,15,11625.0,6975.0,16275.0,10,Regular,Medium,40.7,20.35,MEDIUM,Every 30 Days,30,SMS / Soft Reminder
36,student,single,secondary,no,17,no,no,cellular,22,apr,621,1,-1,0,unknown,yes,C01309,Middle Money,44001.0,22000.0,15,11000.0,6600.0,15401.0,10,No Active Loan,Medium,40.7,20.35,MEDIUM,Every 30 Days,30,SMS / Soft Reminder
42,blue-collar,married,primary,no,-97,yes,no,cellular,3,feb,216,4,271,5,failure,no,C01310,Middle Money,45500.0,22750.0,17,11375.0,6825.0,15925.0,12,No Active Loan,Medium,42.22,21.11,MEDIUM,Every 30 Days,30,SMS / Soft Reminder
55,blue-collar,married,secondary,no,0,no,no,unknown,12,jun,614,2,-1,0,unknown,yes,C01311,Middle Money,48750.0,24375.0,15,12188.0,7312.0,17063.0,10,No Active Loan,Medium,40.7,20.35,MEDIUM,Every 30 Days,30,SMS / Soft Reminder
42,technician,single,secondary,yes,-1129,yes,no,unknown,2,jun,555,5,-1,0,unknown,yes,C01312,Middle Money,45500.0,22750.0,15,11375.0,6825.0,15925.0,10,No Active Loan,Medium,40.7,20.35,MEDIUM,Every 30 Days,30,SMS / Soft Reminder
42,blue-collar,married,primary,no,201,yes,no,cellular,30,apr,841,1,85,2,failure,yes,C01313,Middle Money,45516.0,22758.0,15,11379.0,6827.0,15931.0,10,No Active Loan,Medium,40.7,20.4,MEDIUM,Every 30 Days,30,SMS / Soft Reminder
53,admin.,single,secondary,no,291,no,no,unknown,23,jul,145,1,-1,0,unknown,no,C01314,Middle Money,48273.0,24136.0,15,12068.0,7241.0,16896.0,10,No Active Loan,Medium,40.7,20.42,MEDIUM,Every 30 Days,30,SMS / Soft Reminder
43,unemployed,single,tertiary,no,983,yes,no,cellular,26,feb,97,1,-1,0,unknown,yes,C01315,Middle Money,45829.0,22914.0,15,11457.0,6874.0,16041.0,10,No Active Loan,Medium,40.7,20.59,MEDIUM,Every 30 Days,30,SMS / Soft Reminder
37,technician,married,secondary,no,28,no,no,cellular,21,aug,101,2,-1,0,unknown,no,C01316,Middle Money,44252.0,22126.0,15,11063.0,6638.0,15488.0,10,No Active Loan,Medium,40.7,20.36,MEDIUM,Every 30 Days,30,SMS / Soft Reminder
31,technician,single,secondary,no,200,no,no,cellular,6,aug,315,2,-1,0,unknown,no,C01317,Middle Money,42766.0,21383.0,15,10692.0,6415.0,14968.0,10,No Active Loan,Medium,40.7,20.4,MEDIUM,Every 30 Days,30,SMS / Soft Reminder
49,blue-collar,married,secondary,no,30,yes,no,unknown,5,may,135,4,-1,0,unknown,no,C01318,Middle Money,47252.0,23626.0,15,11813.0,7088.0,16538.0,10,No Active Loan,Medium,40.7,20.36,MEDIUM,Every 30 Days,30,SMS / Soft Reminder
56,admin.,divorced,primary,no,0,no,yes,cellular,10,jul,542,1,-1,0,unknown,no,C01319,Middle Money,49000.0,24500.0,15,12250.0,7350.0,17150.0,10,Regular,Medium,40.7,20.35,MEDIUM,Every 30 Days,30,SMS / Soft Reminder
26,management,divorced,tertiary,no,667,no,no,telephone,19,jun,177,2,-1,0,unknown,no,C01320,Middle Money,41553.0,20776.0,15,10388.0,6233.0,14544.0,10,No Active Loan,Medium,40.7,20.51,MEDIUM,Every 30 Days,30,SMS / Soft Reminder
35,admin.,married,secondary,no,0,no,no,cellular,7,jul,78,11,-1,0,unknown,no,C01321,Middle Money,43750.0,21875.0,33,10938.0,6562.0,15313.0,23,No Active Loan,High,46.3,23.15,MEDIUM,Every 30 Days,30,SMS / Soft Reminder
32,blue-collar,married,secondary,no,476,yes,no,cellular,23,jul,956,9,-1,0,unknown,yes,C01322,Middle Money,43038.0,21519.0,27,10760.0,6456.0,15063.0,19,No Active Loan,High,44.85,22.54,MEDIUM,Every 30 Days,30,SMS / Soft Reminder
40,admin.,married,secondary,no,824,yes,no,cellular,17,apr,359,1,-1,0,unknown,no,C01323,Middle Money,45066.0,22533.0,15,11266.0,6760.0,15773.0,10,No Active Loan,Medium,40.7,20.55,MEDIUM,Every 30 Days,30,SMS / Soft Reminder
38,technician,married,tertiary,no,202,no,no,cellular,5,aug,1311,2,-1,0,unknown,yes,C01324,Middle Money,44516.0,22258.0,15,11129.0,6677.0,15581.0,10,No Active Loan,Medium,40.7,20.4,MEDIUM,Every 30 Days,30,SMS / Soft Reminder
59,admin.,divorced,secondary,no,-41,yes,yes,unknown,20,may,171,1,-1,0,unknown,no,C01325,Middle Money,49750.0,24875.0,15,12438.0,7462.0,17413.0,10,Regular,Medium,40.7,20.35,MEDIUM,Every 30 Days,30,SMS / Soft Reminder
34,services,married,secondary,no,1337,no,no,cellular,17,dec,330,2,127,3,success,yes,C01326,Middle Money,43607.0,21804.0,15,10902.0,6541.0,15262.0,10,No Active Loan,Medium,40.7,20.68,MEDIUM,Every 30 Days,30,SMS / Soft Reminder
43,technician,married,secondary,no,3723,yes,no,cellular,11,aug,134,4,-1,0,unknown,no,C01327,Middle Money,46048.0,23024.0,15,11512.0,6907.0,16117.0,10,No Active Loan,Medium,40.7,21.27,MEDIUM,Every 30 Days,30,SMS / Soft Reminder
55,self-employed,married,secondary,no,2408,no,no,telephone,9,apr,327,2,140,1,failure,no,C01328,Middle Money,48943.0,24472.0,15,12236.0,7341.0,17130.0,10,No Active Loan,Medium,40.7,20.94,MEDIUM,Every 30 Days,30,SMS / Soft Reminder
24,student,single,secondary,no,1234,no,no,cellular,21,jul,314,1,156,2,success,yes,C01329,Middle Money,41099.0,20550.0,15,10275.0,6165.0,14384.0,10,No Active Loan,Medium,40.7,20.65,MEDIUM,Every 30 Days,30,SMS / Soft Reminder
48,services,divorced,unknown,no,973,no,no,cellular,8,oct,319,1,134,2,success,yes,C01330,Middle Money,47078.0,23539.0,15,11770.0,7062.0,16477.0,10,No Active Loan,Medium,40.7,20.59,MEDIUM,Every 30 Days,30,SMS / Soft Reminder
38,technician,married,secondary,no,185,no,yes,cellular,29,aug,44,16,-1,0,unknown,no,C01331,Middle Money,44515.0,22258.0,48,11129.0,6677.0,15580.0,34,Regular,High,50.61,25.35,MEDIUM,Every 30 Days,30,SMS / Soft Reminder
32,technician,married,tertiary,no,514,yes,no,unknown,20,may,414,2,-1,0,unknown,no,C01332,Middle Money,43041.0,21520.0,15,10760.0,6456.0,15065.0,10,No Active Loan,Medium,40.7,20.48,MEDIUM,Every 30 Days,30,SMS / Soft Reminder
50,admin.,married,secondary,no,10250,yes,no,cellular,7,dec,254,3,385,2,other,yes,C01333,Middle Money,48320.0,24160.0,15,12080.0,7248.0,16912.0,10,No Active Loan,Medium,40.7,22.87,MEDIUM,Every 30 Days,30,SMS / Soft Reminder
45,management,married,tertiary,no,547,no,no,cellular,2,feb,577,1,-1,0,unknown,yes,C01334,Middle Money,46294.0,23147.0,15,11574.0,6944.0,16203.0,10,No Active Loan,Medium,40.7,20.48,MEDIUM,Every 30 Days,30,SMS / Soft Reminder
24,student,single,secondary,no,387,no,no,telephone,4,may,340,8,-1,0,unknown,yes,C01335,Middle Money,41031.0,20516.0,24,10258.0,6155.0,14360.0,17,No Active Loan,Medium,44.16,22.18,MEDIUM,Every 30 Days,30,SMS / Soft Reminder
34,entrepreneur,married,secondary,no,223,no,yes,cellular,11,aug,103,6,-1,0,unknown,no,C01336,Middle Money,43518.0,21759.0,18,10880.0,6528.0,15231.0,13,Regular,Medium,42.89,21.5,MEDIUM,Every 30 Days,30,SMS / Soft Reminder
29,services,divorced,secondary,no,-7,yes,no,cellular,13,may,1279,3,-1,0,unknown,yes,C01337,Middle Money,42250.0,21125.0,15,10562.0,6338.0,14787.0,10,No Active Loan,Medium,40.7,20.35,MEDIUM,Every 30 Days,30,SMS / Soft Reminder
27,blue-collar,single,secondary,no,3792,no,no,cellular,22,oct,504,1,183,2,success,yes,C01338,Middle Money,42053.0,21026.0,15,10513.0,6308.0,14719.0,10,No Active Loan,Medium,40.7,21.28,MEDIUM,Every 30 Days,30,SMS / Soft Reminder
32,management,married,tertiary,no,2204,no,no,cellular,27,aug,123,4,-1,0,unknown,no,C01339,Middle Money,43176.0,21588.0,15,10794.0,6476.0,15112.0,10,No Active Loan,Medium,40.7,20.89,MEDIUM,Every 30 Days,30,SMS / Soft Reminder
42,technician,married,secondary,no,314,no,no,cellular,27,aug,11,22,-1,0,unknown,no,C01340,Middle Money,45525.0,22762.0,50,11381.0,6829.0,15934.0,35,No Active Loan,High,50.94,25.55,MEDIUM,Every 30 Days,30,SMS / Soft Reminder
31,self-employed,married,tertiary,no,2666,no,no,telephone,8,jul,411,2,148,9,other,yes,C01341,Middle Money,42963.0,21482.0,15,10741.0,6444.0,15037.0,10,No Active Loan,Medium,40.7,21.01,MEDIUM,Every 30 Days,30,SMS / Soft Reminder
30,technician,married,secondary,no,394,no,no,cellular,22,aug,216,13,-1,0,unknown,no,C01342,Middle Money,42532.0,21266.0,39,10633.0,6380.0,14886.0,27,No Active Loan,High,47.79,23.99,MEDIUM,Every 30 Days,30,SMS / Soft Reminder
34,blue-collar,married,primary,no,3,yes,no,telephone,8,may,26,1,-1,0,unknown,no,C01343,Middle Money,43500.0,21750.0,15,10875.0,6525.0,15225.0,10,No Active Loan,Medium,40.7,20.35,MEDIUM,Every 30 Days,30,SMS / Soft Reminder
26,technician,single,tertiary,no,515,no,no,cellular,31,may,775,1,-1,0,unknown,yes,C01344,Middle Money,41541.0,20770.0,15,10385.0,6231.0,14540.0,10,No Active Loan,Medium,40.7,20.48,MEDIUM,Every 30 Days,30,SMS / Soft Reminder
40,blue-collar,divorced,unknown,no,528,yes,no,cellular,13,may,340,2,357,5,failure,no,C01345,Middle Money,45042.0,22521.0,15,11260.0,6756.0,15765.0,10,No Active Loan,Medium,40.7,20.48,MEDIUM,Every 30 Days,30,SMS / Soft Reminder
31,unemployed,single,secondary,no,2616,no,no,cellular,21,may,374,1,185,2,other,yes,C01346,Middle Money,42959.0,21480.0,15,10740.0,6444.0,15035.0,10,No Active Loan,Medium,40.7,20.99,MEDIUM,Every 30 Days,30,SMS / Soft Reminder
34,technician,divorced,secondary,no,8,yes,no,cellular,6,may,569,2,-1,0,unknown,no,C01347,Middle Money,43501.0,21750.0,15,10875.0,6525.0,15226.0,10,No Active Loan,Medium,40.7,20.35,MEDIUM,Every 30 Days,30,SMS / Soft Reminder
32,management,single,tertiary,no,1742,no,no,unknown,5,jun,231,2,-1,0,unknown,no,C01348,Middle Money,43139.0,21570.0,15,10785.0,6471.0,15098.0,10,No Active Loan,Medium,40.7,20.78,MEDIUM,Every 30 Days,30,SMS / Soft Reminder
46,blue-collar,married,secondary,no,640,yes,no,cellular,12,mar,215,1,182,4,success,yes,C01349,Middle Money,46551.0,23276.0,15,11638.0,6983.0,16292.0,10,No Active Loan,Medium,40.7,20.51,MEDIUM,Every 30 Days,30,SMS / Soft Reminder
36,blue-collar,single,secondary,no,-175,yes,no,unknown,15,may,180,2,-1,0,unknown,no,C01350,Middle Money,44000.0,22000.0,15,11000.0,6600.0,15400.0,10,No Active Loan,Medium,40.7,20.35,MEDIUM,Every 30 Days,30,SMS / Soft Reminder
34,technician,married,tertiary,no,2069,no,no,cellular,20,aug,328,2,-1,0,unknown,no,C01351,Middle Money,43666.0,21833.0,15,10916.0,6550.0,15283.0,10,No Active Loan,Medium,40.7,20.86,MEDIUM,Every 30 Days,30,SMS / Soft Reminder
47,blue-collar,married,primary,no,673,yes,yes,unknown,6,jun,118,4,-1,0,unknown,no,C01352,Middle Money,46804.0,23402.0,15,11701.0,7021.0,16381.0,10,Regular,Medium,40.7,20.52,MEDIUM,Every 30 Days,30,SMS / Soft Reminder
47,technician,married,secondary,no,-9,no,no,cellular,14,aug,457,2,-1,0,unknown,no,C01353,Middle Money,46750.0,23375.0,15,11688.0,7012.0,16363.0,10,No Active Loan,Medium,40.7,20.35,MEDIUM,Every 30 Days,30,SMS / Soft Reminder
51,services,married,secondary,no,122,no,yes,cellular,6,aug,499,2,-1,0,unknown,no,C01354,Middle Money,47760.0,23880.0,15,11940.0,7164.0,16716.0,10,Regular,Medium,40.7,20.38,MEDIUM,Every 30 Days,30,SMS / Soft Reminder
38,admin.,married,secondary,no,755,yes,no,cellular,17,feb,120,1,-1,0,unknown,yes,C01355,Middle Money,44560.0,22280.0,15,11140.0,6684.0,15596.0,10,No Active Loan,Medium,40.7,20.54,MEDIUM,Every 30 Days,30,SMS / Soft Reminder
56,blue-collar,married,unknown,no,665,yes,no,unknown,20,jun,109,2,-1,0,unknown,no,C01356,Middle Money,49053.0,24526.0,15,12263.0,7358.0,17169.0,10,No Active Loan,Medium,40.7,20.51,MEDIUM,Every 30 Days,30,SMS / Soft Reminder
36,admin.,married,tertiary,no,586,yes,no,cellular,28,jan,126,1,-1,0,unknown,no,C01357,Middle Money,44047.0,22024.0,15,11012.0,6607.0,15416.0,10,No Active Loan,Medium,40.7,20.49,MEDIUM,Every 30 Days,30,SMS / Soft Reminder
44,technician,single,secondary,no,250,no,no,telephone,2,mar,382,2,-1,0,unknown,yes,C01358,Middle Money,46020.0,23010.0,15,11505.0,6903.0,16107.0,10,No Active Loan,Medium,40.7,20.41,MEDIUM,Every 30 Days,30,SMS / Soft Reminder
45,management,married,tertiary,no,210,yes,no,cellular,21,jul,623,1,-1,0,unknown,no,C01359,Middle Money,46267.0,23134.0,15,11567.0,6940.0,16193.0,10,No Active Loan,Medium,40.7,20.4,MEDIUM,Every 30 Days,30,SMS / Soft Reminder
43,blue-collar,married,primary,no,232,no,yes,cellular,15,may,45,1,-1,0,unknown,no,C01360,Middle Money,45769.0,22884.0,15,11442.0,6865.0,16020.0,10,Regular,Medium,40.7,20.41,MEDIUM,Every 30 Days,30,SMS / Soft Reminder
45,admin.,divorced,primary,no,429,yes,no,cellular,22,apr,147,1,181,1,success,yes,C01361,Middle Money,46284.0,23142.0,15,11571.0,6943.0,16199.0,10,No Active Loan,Medium,40.7,20.46,MEDIUM,Every 30 Days,30,SMS / Soft Reminder
32,management,married,tertiary,no,169,no,no,telephone,14,aug,698,2,-1,0,unknown,yes,C01362,Middle Money,43014.0,21507.0,15,10754.0,6452.0,15055.0,10,No Active Loan,Medium,40.7,20.39,MEDIUM,Every 30 Days,30,SMS / Soft Reminder
37,entrepreneur,single,secondary,no,-22,yes,no,cellular,15,may,317,1,-1,0,unknown,yes,C01363,Middle Money,44250.0,22125.0,15,11062.0,6638.0,15487.0,10,No Active Loan,Medium,40.7,20.35,MEDIUM,Every 30 Days,30,SMS / Soft Reminder
46,admin.,divorced,secondary,no,1342,yes,no,cellular,4,feb,135,1,-1,0,unknown,no,C01364,Middle Money,46607.0,23304.0,15,11652.0,6991.0,16312.0,10,No Active Loan,Medium,40.7,20.68,MEDIUM,Every 30 Days,30,SMS / Soft Reminder
52,services,married,secondary,no,2081,yes,no,unknown,29,may,150,1,-1,0,unknown,no,C01365,Middle Money,48166.0,24083.0,15,12042.0,7225.0,16858.0,10,No Active Loan,Medium,40.7,20.86,MEDIUM,Every 30 Days,30,SMS / Soft Reminder
59,blue-collar,married,unknown,no,337,no,no,unknown,18,jun,100,4,-1,0,unknown,no,C01366,Middle Money,49777.0,24888.0,15,12444.0,7467.0,17422.0,10,No Active Loan,Medium,40.7,20.43,MEDIUM,Every 30 Days,30,SMS / Soft Reminder
55,technician,married,secondary,no,276,yes,no,unknown,12,may,486,1,-1,0,unknown,no,C01367,Middle Money,48772.0,24386.0,15,12193.0,7316.0,17070.0,10,No Active Loan,Medium,40.7,20.42,MEDIUM,Every 30 Days,30,SMS / Soft Reminder
50,management,divorced,primary,no,-6,yes,no,unknown,19,may,92,2,-1,0,unknown,no,C01368,Middle Money,47500.0,23750.0,15,11875.0,7125.0,16625.0,10,No Active Loan,Medium,40.7,20.35,MEDIUM,Every 30 Days,30,SMS / Soft Reminder
37,services,married,secondary,no,0,yes,no,cellular,14,jul,330,4,-1,0,unknown,no,C01369,Middle Money,44250.0,22125.0,15,11062.0,6638.0,15487.0,10,No Active Loan,Medium,40.7,20.35,MEDIUM,Every 30 Days,30,SMS / Soft Reminder
43,housemaid,married,primary,no,25,no,no,cellular,12,aug,121,2,-1,0,unknown,no,C01370,Middle Money,45752.0,22876.0,15,11438.0,6863.0,16013.0,10,No Active Loan,Medium,40.7,20.36,MEDIUM,Every 30 Days,30,SMS / Soft Reminder
29,management,single,tertiary,no,36252,yes,no,cellular,30,apr,501,1,-1,0,unknown,yes,C01371,Middle Money,45150.0,22575.0,15,11288.0,6772.0,15803.0,10,No Active Loan,Medium,40.7,29.28,MEDIUM,Every 30 Days,30,SMS / Soft Reminder
18,student,single,unknown,no,108,no,no,cellular,10,aug,167,1,-1,0,unknown,yes,C01372,Middle Money,39509.0,19754.0,15,9877.0,5926.0,13829.0,10,No Active Loan,Medium,40.7,20.38,MEDIUM,Every 30 Days,30,SMS / Soft Reminder
30,student,single,unknown,no,4468,no,no,cellular,2,feb,204,1,-1,0,unknown,yes,C01373,Middle Money,42857.0,21428.0,15,10714.0,6429.0,15000.0,10,No Active Loan,Medium,40.7,21.45,MEDIUM,Every 30 Days,30,SMS / Soft Reminder
39,services,married,secondary,no,304,yes,yes,unknown,9,may,323,1,-1,0,unknown,no,C01374,Middle Money,44774.0,22387.0,15,11194.0,6716.0,15671.0,10,Regular,Medium,40.7,20.42,MEDIUM,Every 30 Days,30,SMS / Soft Reminder
41,management,married,tertiary,no,298,no,no,cellular,4,may,63,3,272,1,other,no,C01375,Middle Money,45274.0,22637.0,15,11318.0,6791.0,15846.0,10,No Active Loan,Medium,40.7,20.42,MEDIUM,Every 30 Days,30,SMS / Soft Reminder
29,blue-collar,married,secondary,no,3310,no,no,cellular,1,sep,367,1,91,4,failure,no,C01376,Middle Money,42515.0,21258.0,15,10629.0,6377.0,14880.0,10,No Active Loan,Medium,40.7,21.17,MEDIUM,Every 30 Days,30,SMS / Soft Reminder
26,technician,single,secondary,no,354,no,no,cellular,16,jul,586,1,-1,0,unknown,yes,C01377,Middle Money,41528.0,20764.0,15,10382.0,6229.0,14535.0,10,No Active Loan,Medium,40.7,20.44,MEDIUM,Every 30 Days,30,SMS / Soft Reminder
49,blue-collar,single,primary,no,2146,yes,no,cellular,7,may,1516,2,353,2,other,yes,C01378,Middle Money,47422.0,23711.0,15,11856.0,7113.0,16598.0,10,No Active Loan,Medium,40.7,20.88,MEDIUM,Every 30 Days,30,SMS / Soft Reminder
32,technician,single,tertiary,no,569,no,yes,cellular,29,jan,348,1,-1,0,unknown,no,C01379,Middle Money,43046.0,21523.0,15,10762.0,6457.0,15066.0,10,Regular,Medium,40.7,20.49,MEDIUM,Every 30 Days,30,SMS / Soft Reminder
47,technician,married,secondary,no,568,yes,no,telephone,14,jul,256,2,-1,0,unknown,no,C01380,Middle Money,46795.0,23398.0,15,11699.0,7019.0,16378.0,10,No Active Loan,Medium,40.7,20.49,MEDIUM,Every 30 Days,30,SMS / Soft Reminder
49,management,single,tertiary,no,1556,yes,no,cellular,28,jul,674,3,-1,0,unknown,no,C01381,Middle Money,47374.0,23687.0,15,11844.0,7106.0,16581.0,10,No Active Loan,Medium,40.7,20.73,MEDIUM,Every 30 Days,30,SMS / Soft Reminder
37,management,divorced,tertiary,no,-42,yes,no,cellular,14,may,668,2,-1,0,unknown,yes,C01382,Middle Money,44250.0,22125.0,15,11062.0,6638.0,15487.0,10,No Active Loan,Medium,40.7,20.35,MEDIUM,Every 30 Days,30,SMS / Soft Reminder
40,admin.,married,secondary,no,1327,yes,yes,unknown,26,may,76,2,-1,0,unknown,no,C01383,Middle Money,45106.0,22553.0,15,11276.0,6766.0,15787.0,10,Regular,Medium,40.7,20.68,MEDIUM,Every 30 Days,30,SMS / Soft Reminder
44,technician,divorced,secondary,no,982,yes,no,unknown,20,may,650,3,-1,0,unknown,yes,C01384,Middle Money,46079.0,23040.0,15,11520.0,6912.0,16127.0,10,No Active Loan,Medium,40.7,20.59,MEDIUM,Every 30 Days,30,SMS / Soft Reminder
49,management,married,tertiary,yes,-6847,no,yes,cellular,21,jul,206,1,-1,0,unknown,no,C01385,Middle Money,47250.0,23625.0,15,11812.0,7088.0,16537.0,10,Regular,Medium,40.7,20.35,MEDIUM,Every 30 Days,30,SMS / Soft Reminder
45,technician,married,secondary,no,3395,yes,no,cellular,18,nov,92,1,188,1,failure,no,C01386,Middle Money,46522.0,23261.0,15,11630.0,6978.0,16283.0,10,No Active Loan,Medium,40.7,21.19,MEDIUM,Every 30 Days,30,SMS / Soft Reminder
51,blue-collar,married,primary,no,0,yes,yes,cellular,25,jul,946,3,-1,0,unknown,yes,C01387,Middle Money,47750.0,23875.0,15,11938.0,7162.0,16713.0,10,Regular,Medium,40.7,20.35,MEDIUM,Every 30 Days,30,SMS / Soft Reminder
60,housemaid,divorced,primary,no,1412,no,no,cellular,22,jul,127,4,-1,0,unknown,no,C01388,Middle Money,50113.0,25056.0,15,12528.0,7517.0,17540.0,10,No Active Loan,Medium,40.7,20.7,MEDIUM,Every 30 Days,30,SMS / Soft Reminder
80,retired,married,primary,no,155,no,no,telephone,12,mar,290,1,93,2,success,yes,C01389,Middle Money,55012.0,27506.0,15,13753.0,8252.0,19254.0,10,No Active Loan,Medium,40.7,20.39,MEDIUM,Every 30 Days,30,SMS / Soft Reminder
32,services,divorced,secondary,no,4612,yes,no,cellular,24,jul,937,4,-1,0,unknown,no,C01390,Middle Money,43369.0,21684.0,15,10842.0,6505.0,15180.0,10,No Active Loan,Medium,40.7,21.49,MEDIUM,Every 30 Days,30,SMS / Soft Reminder
50,management,divorced,tertiary,no,2564,yes,no,cellular,21,nov,124,4,113,8,failure,no,C01391,Middle Money,47705.0,23852.0,20,11926.0,7156.0,16697.0,14,No Active Loan,Medium,42.88,22.07,MEDIUM,Every 30 Days,30,SMS / Soft Reminder
58,admin.,married,secondary,no,855,no,no,cellular,14,aug,81,2,-1,0,unknown,no,C01392,Middle Money,49568.0,24784.0,15,12392.0,7435.0,17349.0,10,No Active Loan,Medium,40.7,20.56,MEDIUM,Every 30 Days,30,SMS / Soft Reminder
36,housemaid,divorced,tertiary,no,7296,yes,no,cellular,18,aug,108,6,-1,0,unknown,no,C01393,Middle Money,44584.0,22292.0,18,11146.0,6688.0,15604.0,13,No Active Loan,Medium,42.89,23.24,MEDIUM,Every 30 Days,30,SMS / Soft Reminder
30,student,single,secondary,no,48,no,no,cellular,25,feb,217,1,191,2,success,yes,C01394,Middle Money,42504.0,21252.0,15,10626.0,6376.0,14876.0,10,No Active Loan,Medium,40.7,20.36,MEDIUM,Every 30 Days,30,SMS / Soft Reminder
55,housemaid,married,primary,no,1563,yes,no,cellular,17,nov,128,2,-1,0,unknown,no,C01395,Middle Money,48875.0,24438.0,15,12219.0,7331.0,17106.0,10,No Active Loan,Medium,40.7,20.73,MEDIUM,Every 30 Days,30,SMS / Soft Reminder
32,technician,single,secondary,no,1732,yes,no,cellular,14,aug,1871,3,-1,0,unknown,yes,C01396,Middle Money,43139.0,21570.0,15,10785.0,6471.0,15098.0,10,No Active Loan,Medium,40.7,20.78,MEDIUM,Every 30 Days,30,SMS / Soft Reminder
54,technician,married,secondary,no,3967,no,yes,cellular,29,jul,90,3,-1,0,unknown,no,C01397,Middle Money,48817.0,24408.0,15,12204.0,7323.0,17086.0,10,Regular,Medium,40.7,21.33,MEDIUM,Every 30 Days,30,SMS / Soft Reminder
42,entrepreneur,single,primary,no,103,yes,no,unknown,19,may,156,5,-1,0,unknown,no,C01398,Middle Money,45508.0,22754.0,15,11377.0,6826.0,15928.0,10,No Active Loan,Medium,40.7,20.38,MEDIUM,Every 30 Days,30,SMS / Soft Reminder
32,self-employed,married,tertiary,no,1214,no,no,cellular,11,aug,104,2,-1,0,unknown,no,C01399,Middle Money,43097.0,21548.0,15,10774.0,6465.0,15084.0,10,No Active Loan,Medium,40.7,20.65,MEDIUM,Every 30 Days,30,SMS / Soft Reminder
35,technician,divorced,secondary,no,515,yes,yes,cellular,29,aug,114,3,-1,0,unknown,no,C01400,Middle Money,43791.0,21896.0,15,10948.0,6569.0,15326.0,10,Regular,Medium,40.7,20.48,MEDIUM,Every 30 Days,30,SMS / Soft Reminder
26,self-employed,single,secondary,no,467,yes,yes,unknown,4,jun,90,2,-1,0,unknown,no,C01401,Middle Money,41537.0,20768.0,15,10384.0,6231.0,14538.0,10,Regular,Medium,40.7,20.47,MEDIUM,Every 30 Days,30,SMS / Soft Reminder
36,blue-collar,married,secondary,no,1193,no,no,cellular,30,oct,640,1,-1,0,unknown,yes,C01402,Middle Money,44095.0,22048.0,15,11024.0,6614.0,15433.0,10,No Active Loan,Medium,40.7,20.64,MEDIUM,Every 30 Days,30,SMS / Soft Reminder
45,services,divorced,secondary,no,396,yes,yes,cellular,1,apr,251,4,329,4,failure,no,C01403,Middle Money,46282.0,23141.0,16,11570.0,6942.0,16199.0,11,Regular,Medium,41.49,20.84,MEDIUM,Every 30 Days,30,SMS / Soft Reminder
30,services,divorced,secondary,no,0,no,no,cellular,29,jan,89,1,-1,0,unknown,no,C01404,Middle Money,42500.0,21250.0,15,10625.0,6375.0,14875.0,10,No Active Loan,Medium,40.7,20.35,MEDIUM,Every 30 Days,30,SMS / Soft Reminder
28,self-employed,single,tertiary,no,4579,no,no,cellular,12,jan,409,2,-1,0,unknown,yes,C01405,Middle Money,42366.0,21183.0,15,10592.0,6355.0,14828.0,10,No Active Loan,Medium,40.7,21.48,MEDIUM,Every 30 Days,30,SMS / Soft Reminder
36,admin.,married,secondary,no,162,yes,yes,cellular,20,apr,340,2,-1,0,unknown,no,C01406,Middle Money,44013.0,22006.0,15,11003.0,6602.0,15405.0,10,Regular,Medium,40.7,20.39,MEDIUM,Every 30 Days,30,SMS / Soft Reminder
30,blue-collar,single,secondary,no,906,yes,yes,unknown,21,may,218,7,-1,0,unknown,no,C01407,Middle Money,42572.0,21286.0,21,10643.0,6386.0,14900.0,15,Regular,Medium,43.5,21.97,MEDIUM,Every 30 Days,30,SMS / Soft Reminder
45,blue-collar,married,secondary,no,0,no,no,cellular,30,jul,25,2,-1,0,unknown,no,C01408,Middle Money,46250.0,23125.0,15,11562.0,6938.0,16187.0,10,No Active Loan,Medium,40.7,20.35,MEDIUM,Every 30 Days,30,SMS / Soft Reminder
60,entrepreneur,married,primary,no,83,yes,no,cellular,17,jul,302,2,-1,0,unknown,no,C01409,Middle Money,50007.0,25004.0,15,12502.0,7501.0,17502.0,10,No Active Loan,Medium,40.7,20.37,MEDIUM,Every 30 Days,30,SMS / Soft Reminder
31,management,married,tertiary,no,877,no,no,cellular,9,jun,192,1,93,7,other,yes,C01410,Middle Money,42820.0,21410.0,15,10705.0,6423.0,14987.0,10,No Active Loan,Medium,40.7,20.57,MEDIUM,Every 30 Days,30,SMS / Soft Reminder
34,blue-collar,married,secondary,no,261,yes,no,cellular,3,feb,88,5,251,3,failure,no,C01411,Middle Money,43521.0,21760.0,18,10880.0,6528.0,15233.0,13,No Active Loan,Medium,42.89,21.51,MEDIUM,Every 30 Days,30,SMS / Soft Reminder
53,blue-collar,married,secondary,no,4380,no,no,telephone,19,aug,223,7,-1,0,unknown,no,C01412,Middle Money,48600.0,24300.0,21,12150.0,7290.0,17010.0,15,No Active Loan,Medium,43.5,22.83,MEDIUM,Every 30 Days,30,SMS / Soft Reminder
44,services,married,secondary,no,3536,no,no,cellular,31,jul,106,6,-1,0,unknown,no,C01413,Middle Money,46283.0,23142.0,18,11571.0,6942.0,16199.0,13,No Active Loan,Medium,42.89,22.32,MEDIUM,Every 30 Days,30,SMS / Soft Reminder
44,self-employed,married,secondary,no,706,no,no,unknown,5,nov,204,1,-1,0,unknown,yes,C01414,Middle Money,46056.0,23028.0,15,11514.0,6908.0,16120.0,10,No Active Loan,Medium,40.7,20.52,MEDIUM,Every 30 Days,30,SMS / Soft Reminder
31,self-employed,married,tertiary,no,229,no,no,cellular,29,jan,184,1,-1,0,unknown,no,C01415,Middle Money,42768.0,21384.0,15,10692.0,6415.0,14969.0,10,No Active Loan,Medium,40.7,20.41,MEDIUM,Every 30 Days,30,SMS / Soft Reminder
35,entrepreneur,divorced,secondary,no,80,no,no,cellular,20,aug,67,5,-1,0,unknown,no,C01416,Middle Money,43756.0,21878.0,15,10939.0,6563.0,15315.0,10,No Active Loan,Medium,40.7,20.37,MEDIUM,Every 30 Days,30,SMS / Soft Reminder
61,management,married,tertiary,no,477,yes,no,cellular,29,oct,377,1,520,1,other,yes,C01417,Middle Money,50288.0,25144.0,15,12572.0,7543.0,17601.0,10,No Active Loan,Medium,40.7,20.47,MEDIUM,Every 30 Days,30,SMS / Soft Reminder
37,management,single,tertiary,no,0,no,no,cellular,20,oct,107,1,258,3,other,no,C01418,Middle Money,44250.0,22125.0,15,11062.0,6638.0,15487.0,10,No Active Loan,Medium,40.7,20.35,MEDIUM,Every 30 Days,30,SMS / Soft Reminder
28,blue-collar,single,secondary,no,759,yes,no,unknown,9,may,710,1,-1,0,unknown,yes,C01419,Middle Money,42061.0,21030.0,15,10515.0,6309.0,14722.0,10,No Active Loan,Medium,40.7,20.54,MEDIUM,Every 30 Days,30,SMS / Soft Reminder
27,technician,single,tertiary,no,11862,no,no,cellular,25,nov,285,2,97,7,success,yes,C01420,Middle Money,42699.0,21350.0,15,10675.0,6405.0,14944.0,10,No Active Loan,Medium,40.7,23.27,MEDIUM,Every 30 Days,30,SMS / Soft Reminder
75,retired,married,primary,no,3324,no,no,cellular,2,feb,149,1,-1,0,unknown,no,C01421,Middle Money,54016.0,27008.0,15,13504.0,8102.0,18906.0,10,No Active Loan,Medium,40.7,21.17,MEDIUM,Every 30 Days,30,SMS / Soft Reminder
25,admin.,single,secondary,no,483,no,yes,cellular,30,apr,68,1,86,1,success,no,C01422,Middle Money,41289.0,20644.0,15,10322.0,6193.0,14452.0,10,Regular,Medium,40.7,20.47,MEDIUM,Every 30 Days,30,SMS / Soft Reminder
29,blue-collar,single,unknown,no,694,yes,yes,cellular,16,jul,1806,4,-1,0,unknown,yes,C01423,Middle Money,42306.0,21153.0,15,10576.0,6346.0,14807.0,10,Regular,Medium,40.7,20.52,MEDIUM,Every 30 Days,30,SMS / Soft Reminder
26,technician,single,secondary,no,2,yes,yes,unknown,15,may,461,1,-1,0,unknown,no,C01424,Middle Money,41500.0,20750.0,15,10375.0,6225.0,14525.0,10,Regular,Medium,40.7,20.35,MEDIUM,Every 30 Days,30,SMS / Soft Reminder
33,technician,married,secondary,no,133,no,no,cellular,12,nov,627,2,192,1,success,yes,C01425,Middle Money,43261.0,21630.0,15,10815.0,6489.0,15142.0,10,No Active Loan,Medium,40.7,20.38,MEDIUM,Every 30 Days,30,SMS / Soft Reminder
25,student,single,secondary,no,1747,yes,no,cellular,24,jul,903,1,-1,0,unknown,yes,C01426,Middle Money,41390.0,20695.0,15,10348.0,6208.0,14487.0,10,No Active Loan,Medium,40.7,20.78,MEDIUM,Every 30 Days,30,SMS / Soft Reminder
50,admin.,married,secondary,no,1575,no,no,cellular,17,nov,407,1,-1,0,unknown,no,C01427,Middle Money,47626.0,23813.0,15,11906.0,7144.0,16669.0,10,No Active Loan,Medium,40.7,20.74,MEDIUM,Every 30 Days,30,SMS / Soft Reminder
26,management,single,tertiary,no,222,no,no,cellular,26,oct,318,1,120,3,success,yes,C01428,Middle Money,41518.0,20759.0,15,10380.0,6228.0,14531.0,10,No Active Loan,Medium,40.7,20.4,MEDIUM,Every 30 Days,30,SMS / Soft Reminder
49,management,married,tertiary,no,395,no,no,cellular,10,dec,336,5,-1,0,unknown,yes,C01429,Middle Money,47282.0,23641.0,15,11820.0,7092.0,16549.0,10,No Active Loan,Medium,40.7,20.45,MEDIUM,Every 30 Days,30,SMS / Soft Reminder
67,retired,married,tertiary,no,1341,no,no,cellular,13,feb,706,1,-1,0,unknown,yes,C01430,Middle Money,51857.0,25928.0,15,12964.0,7779.0,18150.0,10,No Active Loan,Medium,40.7,20.68,MEDIUM,Every 30 Days,30,SMS / Soft Reminder
43,entrepreneur,married,secondary,no,0,no,no,unknown,3,jun,1025,7,-1,0,unknown,yes,C01431,Middle Money,45750.0,22875.0,21,11438.0,6862.0,16013.0,15,No Active Loan,Medium,43.5,21.75,MEDIUM,Every 30 Days,30,SMS / Soft Reminder
30,technician,married,secondary,no,-280,yes,no,cellular,17,apr,609,2,266,2,failure,no,C01432,Middle Money,42500.0,21250.0,15,10625.0,6375.0,14875.0,10,No Active Loan,Medium,40.7,20.35,MEDIUM,Every 30 Days,30,SMS / Soft Reminder
37,technician,married,tertiary,no,341,no,no,cellular,13,aug,287,3,182,3,success,yes,C01433,Middle Money,44277.0,22138.0,15,11069.0,6642.0,15497.0,10,No Active Loan,Medium,40.7,20.43,MEDIUM,Every 30 Days,30,SMS / Soft Reminder
48,management,married,primary,no,427,no,no,cellular,17,nov,62,1,-1,0,unknown,no,C01434,Middle Money,47034.0,23517.0,15,11758.0,7055.0,16462.0,10,No Active Loan,Medium,40.7,20.46,MEDIUM,Every 30 Days,30,SMS / Soft Reminder
35,blue-collar,married,unknown,no,4822,yes,no,unknown,20,may,843,2,-1,0,unknown,yes,C01435,Middle Money,44136.0,22068.0,15,11034.0,6620.0,15448.0,10,No Active Loan,Medium,40.7,21.54,MEDIUM,Every 30 Days,30,SMS / Soft Reminder
40,management,married,tertiary,no,-17,yes,yes,cellular,11,may,474,1,256,1,success,yes,C01436,Middle Money,45000.0,22500.0,15,11250.0,6750.0,15750.0,10,Regular,Medium,40.7,20.35,MEDIUM,Every 30 Days,30,SMS / Soft Reminder
53,blue-collar,married,secondary,no,3079,no,no,cellular,5,apr,759,1,-1,0,unknown,no,C01437,Middle Money,48496.0,24248.0,15,12124.0,7274.0,16974.0,10,No Active Loan,Medium,40.7,21.11,MEDIUM,Every 30 Days,30,SMS / Soft Reminder
34,management,single,tertiary,no,681,no,no,cellular,6,aug,637,2,-1,0,unknown,yes,C01438,Middle Money,43554.0,21777.0,15,10888.0,6533.0,15244.0,10,No Active Loan,Medium,40.7,20.52,MEDIUM,Every 30 Days,30,SMS / Soft Reminder
54,admin.,divorced,secondary,no,0,yes,yes,cellular,4,feb,330,1,182,3,success,no,C01439,Middle Money,48500.0,24250.0,15,12125.0,7275.0,16975.0,10,Regular,Medium,40.7,20.35,MEDIUM,Every 30 Days,30,SMS / Soft Reminder
30,technician,married,secondary,no,2326,no,no,cellular,14,dec,420,1,175,2,failure,yes,C01440,Middle Money,42686.0,21343.0,15,10672.0,6403.0,14940.0,10,No Active Loan,Medium,40.7,20.92,MEDIUM,Every 30 Days,30,SMS / Soft Reminder
39,management,divorced,tertiary,no,4692,yes,no,telephone,19,nov,214,2,174,2,success,no,C01441,Middle Money,45125.0,22562.0,15,11281.0,6769.0,15794.0,10,No Active Loan,Medium,40.7,21.51,MEDIUM,Every 30 Days,30,SMS / Soft Reminder
34,blue-collar,married,secondary,no,157,yes,no,cellular,11,jul,254,2,-1,0,unknown,no,C01442,Middle Money,43513.0,21756.0,15,10878.0,6527.0,15230.0,10,No Active Loan,Medium,40.7,20.39,MEDIUM,Every 30 Days,30,SMS / Soft Reminder
41,management,divorced,tertiary,no,1757,no,no,cellular,22,apr,314,1,239,13,failure,yes,C01443,Middle Money,45391.0,22696.0,16,11348.0,6809.0,15886.0,11,No Active Loan,Medium,41.49,21.18,MEDIUM,Every 30 Days,30,SMS / Soft Reminder
64,retired,married,unknown,no,679,no,no,telephone,16,nov,167,1,-1,0,unknown,yes,C01444,Middle Money,51054.0,25527.0,15,12764.0,7658.0,17869.0,10,No Active Loan,Medium,40.7,20.52,MEDIUM,Every 30 Days,30,SMS / Soft Reminder
49,blue-collar,married,primary,no,247,no,yes,cellular,22,jul,283,1,-1,0,unknown,no,C01445,Middle Money,47270.0,23635.0,15,11818.0,7090.0,16545.0,10,Regular,Medium,40.7,20.41,MEDIUM,Every 30 Days,30,SMS / Soft Reminder
49,technician,married,secondary,no,808,yes,no,cellular,28,jan,1232,1,-1,0,unknown,yes,C01446,Middle Money,47315.0,23658.0,15,11829.0,7097.0,16560.0,10,No Active Loan,Medium,40.7,20.55,MEDIUM,Every 30 Days,30,SMS / Soft Reminder
35,management,married,tertiary,no,178,no,no,cellular,14,aug,76,2,-1,0,unknown,no,C01447,Middle Money,43764.0,21882.0,15,10941.0,6565.0,15317.0,10,No Active Loan,Medium,40.7,20.39,MEDIUM,Every 30 Days,30,SMS / Soft Reminder
63,blue-collar,married,secondary,no,641,no,no,cellular,27,may,417,2,-1,0,unknown,yes,C01448,Middle Money,50801.0,25400.0,15,12700.0,7620.0,17781.0,10,No Active Loan,Medium,40.7,20.51,MEDIUM,Every 30 Days,30,SMS / Soft Reminder
80,retired,married,primary,no,1468,no,no,cellular,13,jan,330,3,-1,0,unknown,yes,C01449,Middle Money,55117.0,27558.0,15,13779.0,8268.0,19291.0,10,No Active Loan,Medium,40.7,20.71,MEDIUM,Every 30 Days,30,SMS / Soft Reminder
36,entrepreneur,single,tertiary,no,145,yes,no,cellular,18,may,450,2,304,2,success,no,C01450,Middle Money,44012.0,22006.0,15,11003.0,6602.0,15404.0,10,No Active Loan,Medium,40.7,20.39,MEDIUM,Every 30 Days,30,SMS / Soft Reminder
31,management,single,tertiary,no,3,no,no,cellular,4,feb,406,2,-1,0,unknown,no,C01451,Middle Money,42750.0,21375.0,15,10688.0,6412.0,14963.0,10,No Active Loan,Medium,40.7,20.35,MEDIUM,Every 30 Days,30,SMS / Soft Reminder
35,unemployed,single,tertiary,no,154,no,no,cellular,29,jul,200,4,181,2,failure,yes,C01452,Middle Money,43762.0,21881.0,15,10940.0,6564.0,15317.0,10,No Active Loan,Medium,40.7,20.39,MEDIUM,Every 30 Days,30,SMS / Soft Reminder
60,self-employed,married,tertiary,no,10861,no,no,cellular,9,nov,98,1,91,2,failure,yes,C01453,Middle Money,50869.0,25434.0,15,12717.0,7630.0,17805.0,10,No Active Loan,Medium,40.7,23.02,MEDIUM,Every 30 Days,30,SMS / Soft Reminder
43,management,divorced,tertiary,no,2367,no,no,cellular,1,jun,114,1,38,2,other,yes,C01454,Middle Money,45939.0,22970.0,15,11485.0,6891.0,16078.0,10,No Active Loan,Medium,40.7,20.93,MEDIUM,Every 30 Days,30,SMS / Soft Reminder
64,retired,married,secondary,no,1612,no,no,cellular,18,may,336,1,89,5,failure,yes,C01455,Middle Money,51129.0,25564.0,15,12782.0,7669.0,17896.0,10,No Active Loan,Medium,40.7,20.75,MEDIUM,Every 30 Days,30,SMS / Soft Reminder
24,admin.,married,secondary,no,230,yes,no,cellular,15,may,73,1,-1,0,unknown,no,C01456,Middle Money,41018.0,20509.0,15,10254.0,6153.0,14356.0,10,No Active Loan,Medium,40.7,20.41,MEDIUM,Every 30 Days,30,SMS / Soft Reminder
37,management,married,tertiary,no,658,yes,no,cellular,5,may,838,1,-1,0,unknown,yes,C01457,Middle Money,44303.0,22152.0,15,11076.0,6645.0,15506.0,10,No Active Loan,Medium,40.7,20.51,MEDIUM,Every 30 Days,30,SMS / Soft Reminder
32,admin.,married,tertiary,no,0,yes,no,unknown,5,may,138,1,-1,0,unknown,no,C01458,Middle Money,43000.0,21500.0,15,10750.0,6450.0,15050.0,10,No Active Loan,Medium,40.7,20.35,MEDIUM,Every 30 Days,30,SMS / Soft Reminder
45,technician,married,secondary,no,1998,no,no,cellular,4,may,237,5,-1,0,unknown,yes,C01459,Middle Money,46410.0,23205.0,15,11602.0,6962.0,16243.0,10,No Active Loan,Medium,40.7,20.84,MEDIUM,Every 30 Days,30,SMS / Soft Reminder
46,technician,married,secondary,no,68,yes,yes,unknown,16,jun,87,3,-1,0,unknown,no,C01460,Middle Money,46505.0,23252.0,15,11626.0,6976.0,16277.0,10,Regular,Medium,40.7,20.37,MEDIUM,Every 30 Days,30,SMS / Soft Reminder
31,blue-collar,married,primary,no,605,yes,no,unknown,15,may,334,10,-1,0,unknown,no,C01461,Middle Money,42798.0,21399.0,30,10700.0,6420.0,14979.0,21,No Active Loan,High,45.56,22.93,MEDIUM,Every 30 Days,30,SMS / Soft Reminder
28,technician,single,tertiary,no,4513,yes,no,unknown,27,may,167,3,-1,0,unknown,no,C01462,Middle Money,42361.0,21180.0,15,10590.0,6354.0,14827.0,10,No Active Loan,Medium,40.7,21.46,MEDIUM,Every 30 Days,30,SMS / Soft Reminder
42,admin.,married,secondary,no,1133,yes,no,cellular,4,feb,161,4,212,3,failure,no,C01463,Middle Money,45591.0,22796.0,15,11398.0,6839.0,15956.0,10,No Active Loan,Medium,40.7,20.63,MEDIUM,Every 30 Days,30,SMS / Soft Reminder
32,student,single,tertiary,no,1138,no,no,cellular,4,may,214,3,83,3,success,yes,C01464,Middle Money,43091.0,21546.0,15,10773.0,6464.0,15081.0,10,No Active Loan,Medium,40.7,20.63,MEDIUM,Every 30 Days,30,SMS / Soft Reminder
38,technician,married,tertiary,no,88,no,no,cellular,8,nov,282,2,186,4,success,yes,C01465,Middle Money,44507.0,22254.0,15,11127.0,6676.0,15577.0,10,No Active Loan,Medium,40.7,20.37,MEDIUM,Every 30 Days,30,SMS / Soft Reminder
34,blue-collar,married,secondary,no,-436,yes,no,unknown,26,may,317,1,-1,0,unknown,no,C01466,Middle Money,43500.0,21750.0,15,10875.0,6525.0,15225.0,10,No Active Loan,Medium,40.7,20.35,MEDIUM,Every 30 Days,30,SMS / Soft Reminder
61,self-employed,divorced,tertiary,no,6,yes,no,cellular,13,oct,210,1,182,2,success,yes,C01467,Middle Money,50250.0,25125.0,15,12562.0,7538.0,17587.0,10,No Active Loan,Medium,40.7,20.35,MEDIUM,Every 30 Days,30,SMS / Soft Reminder
41,blue-collar,divorced,secondary,no,-104,yes,no,unknown,16,may,32,3,-1,0,unknown,no,C01468,Middle Money,45250.0,22625.0,15,11312.0,6788.0,15837.0,10,No Active Loan,Medium,40.7,20.35,MEDIUM,Every 30 Days,30,SMS / Soft Reminder
42,blue-collar,married,primary,no,2103,yes,no,cellular,13,apr,384,2,-1,0,unknown,yes,C01469,Middle Money,45668.0,22834.0,15,11417.0,6850.0,15984.0,10,No Active Loan,Medium,40.7,20.87,MEDIUM,Every 30 Days,30,SMS / Soft Reminder
36,management,married,tertiary,no,1113,no,no,cellular,1,sep,212,1,-1,0,unknown,yes,C01470,Middle Money,44089.0,22044.0,15,11022.0,6613.0,15432.0,10,No Active Loan,Medium,40.7,20.62,MEDIUM,Every 30 Days,30,SMS / Soft Reminder
32,student,single,secondary,no,1102,no,no,telephone,8,oct,194,1,-1,0,unknown,yes,C01471,Middle Money,43088.0,21544.0,15,10772.0,6463.0,15081.0,10,No Active Loan,Medium,40.7,20.62,MEDIUM,Every 30 Days,30,SMS / Soft Reminder
55,retired,married,secondary,no,1431,no,yes,cellular,28,jan,107,1,-1,0,unknown,no,C01472,Middle Money,48864.0,24432.0,15,12216.0,7330.0,17102.0,10,Regular,Medium,40.7,20.7,MEDIUM,Every 30 Days,30,SMS / Soft Reminder
52,admin.,married,primary,no,204,no,no,cellular,19,aug,123,2,-1,0,unknown,no,C01473,Middle Money,48016.0,24008.0,15,12004.0,7202.0,16806.0,10,No Active Loan,Medium,40.7,20.4,MEDIUM,Every 30 Days,30,SMS / Soft Reminder
33,management,married,tertiary,no,621,no,no,cellular,12,aug,913,5,-1,0,unknown,no,C01474,Middle Money,43300.0,21650.0,15,10825.0,6495.0,15155.0,10,No Active Loan,Medium,40.7,20.5,MEDIUM,Every 30 Days,30,SMS / Soft Reminder
38,unemployed,married,secondary,no,0,no,no,cellular,24,jul,168,2,-1,0,unknown,no,C01475,Middle Money,44500.0,22250.0,15,11125.0,6675.0,15575.0,10,No Active Loan,Medium,40.7,20.35,MEDIUM,Every 30 Days,30,SMS / Soft Reminder
28,technician,single,tertiary,no,1628,yes,no,cellular,25,jul,1422,2,-1,0,unknown,yes,C01476,Middle Money,42130.0,21065.0,15,10532.0,6320.0,14745.0,10,No Active Loan,Medium,40.7,20.75,MEDIUM,Every 30 Days,30,SMS / Soft Reminder
56,blue-collar,married,primary,no,136,no,no,cellular,4,aug,270,1,-1,0,unknown,no,C01477,Middle Money,49011.0,24506.0,15,12253.0,7352.0,17153.0,10,No Active Loan,Medium,40.7,20.38,MEDIUM,Every 30 Days,30,SMS / Soft Reminder
39,admin.,married,unknown,no,378,no,no,unknown,20,jun,17,5,-1,0,unknown,no,C01478,Middle Money,44780.0,22390.0,15,11195.0,6717.0,15673.0,10,No Active Loan,Medium,40.7,20.44,MEDIUM,Every 30 Days,30,SMS / Soft Reminder
34,management,married,tertiary,no,362,yes,no,unknown,30,may,38,3,-1,0,unknown,no,C01479,Middle Money,43529.0,21764.0,15,10882.0,6529.0,15236.0,10,No Active Loan,Medium,40.7,20.44,MEDIUM,Every 30 Days,30,SMS / Soft Reminder
41,services,divorced,secondary,no,-19,yes,no,unknown,19,may,201,1,-1,0,unknown,no,C01480,Middle Money,45250.0,22625.0,15,11312.0,6788.0,15837.0,10,No Active Loan,Medium,40.7,20.35,MEDIUM,Every 30 Days,30,SMS / Soft Reminder
32,management,married,tertiary,no,794,yes,yes,cellular,9,jul,1014,1,-1,0,unknown,yes,C01481,Middle Money,43064.0,21532.0,15,10766.0,6460.0,15072.0,10,Regular,Medium,40.7,20.55,MEDIUM,Every 30 Days,30,SMS / Soft Reminder
83,retired,divorced,primary,no,1097,no,no,telephone,5,mar,181,1,-1,0,unknown,yes,C01482,Middle Money,55838.0,27919.0,15,13960.0,8376.0,19543.0,10,No Active Loan,Medium,40.7,20.62,MEDIUM,Every 30 Days,30,SMS / Soft Reminder
52,technician,divorced,secondary,no,152,no,no,cellular,13,aug,404,6,-1,0,unknown,yes,C01483,Middle Money,48012.0,24006.0,18,12003.0,7202.0,16804.0,13,No Active Loan,Medium,42.89,21.48,MEDIUM,Every 30 Days,30,SMS / Soft Reminder
46,services,married,primary,no,4343,yes,no,unknown,20,sep,185,1,-1,0,unknown,yes,C01484,Middle Money,46847.0,23424.0,15,11712.0,7027.0,16396.0,10,No Active Loan,Medium,40.7,21.42,MEDIUM,Every 30 Days,30,SMS / Soft Reminder
30,services,single,primary,no,5746,yes,no,telephone,20,nov,125,2,-1,0,unknown,no,C01485,Middle Money,42960.0,21480.0,15,10740.0,6444.0,15036.0,10,No Active Loan,Medium,40.7,21.77,MEDIUM,Every 30 Days,30,SMS / Soft Reminder
57,retired,married,primary,no,207,yes,no,unknown,8,may,193,1,-1,0,unknown,no,C01486,Middle Money,49267.0,24634.0,15,12317.0,7390.0,17243.0,10,No Active Loan,Medium,40.7,20.4,MEDIUM,Every 30 Days,30,SMS / Soft Reminder
38,admin.,single,secondary,no,100,yes,no,unknown,7,may,786,1,-1,0,unknown,yes,C01487,Middle Money,44508.0,22254.0,15,11127.0,6676.0,15578.0,10,No Active Loan,Medium,40.7,20.37,MEDIUM,Every 30 Days,30,SMS / Soft Reminder
54,retired,divorced,tertiary,no,3076,no,no,cellular,27,may,367,2,-1,0,unknown,yes,C01488,Middle Money,48746.0,24373.0,15,12186.0,7312.0,17061.0,10,No Active Loan,Medium,40.7,21.11,MEDIUM,Every 30 Days,30,SMS / Soft Reminder
24,student,single,secondary,no,597,yes,no,cellular,20,apr,943,3,-1,0,unknown,yes,C01489,Middle Money,41048.0,20524.0,15,10262.0,6157.0,14367.0,10,No Active Loan,Medium,40.7,20.5,MEDIUM,Every 30 Days,30,SMS / Soft Reminder
54,self-employed,married,secondary,no,203,yes,no,telephone,7,jul,238,8,-1,0,unknown,no,C01490,Middle Money,48516.0,24258.0,24,12129.0,7277.0,16981.0,17,No Active Loan,Medium,44.16,22.13,MEDIUM,Every 30 Days,30,SMS / Soft Reminder
46,blue-collar,married,secondary,no,524,yes,no,telephone,5,may,15,7,-1,0,unknown,no,C01491,Middle Money,46542.0,23271.0,21,11636.0,6981.0,16290.0,15,No Active Loan,Medium,43.5,21.88,MEDIUM,Every 30 Days,30,SMS / Soft Reminder
28,technician,single,tertiary,no,4987,no,no,cellular,9,feb,253,21,-1,0,unknown,yes,C01492,Middle Money,42399.0,21200.0,50,10600.0,6360.0,14839.0,35,No Active Loan,High,50.94,26.7,MEDIUM,Every 30 Days,30,SMS / Soft Reminder
28,technician,single,tertiary,no,558,yes,no,cellular,15,may,300,1,-1,0,unknown,no,C01493,Middle Money,42045.0,21022.0,15,10511.0,6307.0,14716.0,10,No Active Loan,Medium,40.7,20.49,MEDIUM,Every 30 Days,30,SMS / Soft Reminder
38,technician,married,secondary,no,5115,yes,no,cellular,2,jun,318,1,95,7,success,yes,C01494,Middle Money,44909.0,22454.0,15,11227.0,6736.0,15719.0,10,No Active Loan,Medium,40.7,21.61,MEDIUM,Every 30 Days,30,SMS / Soft Reminder
38,management,married,tertiary,no,179,no,no,unknown,8,aug,317,4,-1,0,unknown,yes,C01495,Middle Money,44514.0,22257.0,15,11128.0,6677.0,15580.0,10,No Active Loan,Medium,40.7,20.39,MEDIUM,Every 30 Days,30,SMS / Soft Reminder
33,management,married,tertiary,no,6513,yes,no,cellular,11,jan,170,1,343,1,other,yes,C01496,Middle Money,43771.0,21886.0,15,10943.0,6566.0,15319.0,10,No Active Loan,Medium,40.7,21.95,MEDIUM,Every 30 Days,30,SMS / Soft Reminder
24,admin.,single,secondary,no,1295,no,no,cellular,22,jul,355,2,92,1,success,yes,C01497,Middle Money,41104.0,20552.0,15,10276.0,6166.0,14386.0,10,No Active Loan,Medium,40.7,20.67,MEDIUM,Every 30 Days,30,SMS / Soft Reminder
39,blue-collar,single,secondary,no,29,yes,no,unknown,7,may,214,2,-1,0,unknown,no,C01498,Middle Money,44752.0,22376.0,15,11188.0,6713.0,15663.0,10,No Active Loan,Medium,40.7,20.36,MEDIUM,Every 30 Days,30,SMS / Soft Reminder
34,admin.,married,secondary,no,3185,yes,no,unknown,13,may,520,1,-1,0,unknown,no,C01499,Middle Money,43755.0,21878.0,15,10939.0,6563.0,15314.0,10,No Active Loan,Medium,40.7,21.13,MEDIUM,Every 30 Days,30,SMS / Soft Reminder
33,management,single,tertiary,no,0,no,no,cellular,11,aug,699,7,-1,0,unknown,yes,C01500,Middle Money,43250.0,21625.0,21,10812.0,6488.0,15137.0,15,No Active Loan,Medium,43.5,21.75,MEDIUM,Every 30 Days,30,SMS / Soft Reminder
57,housemaid,married,primary,no,2785,no,no,cellular,11,aug,610,4,-1,0,unknown,yes,C01501,Middle Money,49473.0,24736.0,15,12368.0,7421.0,17316.0,10,No Active Loan,Medium,40.7,21.04,MEDIUM,Every 30 Days,30,SMS / Soft Reminder
43,admin.,divorced,secondary,no,729,yes,no,unknown,30,may,668,2,-1,0,unknown,no,C01502,Middle Money,45808.0,22904.0,15,11452.0,6871.0,16033.0,10,No Active Loan,Medium,40.7,20.53,MEDIUM,Every 30 Days,30,SMS / Soft Reminder
59,management,married,primary,no,2769,yes,no,cellular,19,nov,104,1,131,2,failure,no,C01503,Middle Money,49972.0,24986.0,15,12493.0,7496.0,17490.0,10,No Active Loan,Medium,40.7,21.03,MEDIUM,Every 30 Days,30,SMS / Soft Reminder
27,admin.,married,secondary,no,1596,no,no,cellular,1,sep,82,1,-1,0,unknown,yes,C01504,Middle Money,41878.0,20939.0,15,10470.0,6282.0,14657.0,10,No Active Loan,Medium,40.7,20.74,MEDIUM,Every 30 Days,30,SMS / Soft Reminder
31,technician,single,tertiary,no,-749,yes,yes,cellular,29,jul,82,4,-1,0,unknown,no,C01505,Middle Money,42750.0,21375.0,15,10688.0,6412.0,14963.0,10,Regular,Medium,40.7,20.35,MEDIUM,Every 30 Days,30,SMS / Soft Reminder
31,admin.,married,secondary,no,97,yes,no,unknown,19,may,607,1,-1,0,unknown,yes,C01506,Middle Money,42758.0,21379.0,15,10690.0,6414.0,14965.0,10,No Active Loan,Medium,40.7,20.37,MEDIUM,Every 30 Days,30,SMS / Soft Reminder
59,management,married,tertiary,no,3342,no,no,cellular,18,mar,467,2,188,6,other,yes,C01507,Middle Money,50017.0,25008.0,15,12504.0,7503.0,17506.0,10,No Active Loan,Medium,40.7,21.17,MEDIUM,Every 30 Days,30,SMS / Soft Reminder
29,management,single,tertiary,no,841,no,no,cellular,5,feb,217,1,-1,0,unknown,no,C01508,Middle Money,42317.0,21158.0,15,10579.0,6348.0,14811.0,10,No Active Loan,Medium,40.7,20.56,MEDIUM,Every 30 Days,30,SMS / Soft Reminder
41,housemaid,married,primary,no,0,no,no,cellular,14,apr,168,1,-1,0,unknown,yes,C01509,Middle Money,45250.0,22625.0,15,11312.0,6788.0,15837.0,10,No Active Loan,Medium,40.7,20.35,MEDIUM,Every 30 Days,30,SMS / Soft Reminder
30,unemployed,single,secondary,no,0,yes,no,cellular,16,apr,137,1,-1,0,unknown,no,C01510,Middle Money,42500.0,21250.0,15,10625.0,6375.0,14875.0,10,No Active Loan,Medium,40.7,20.35,MEDIUM,Every 30 Days,30,SMS / Soft Reminder
27,services,single,tertiary,no,1501,yes,no,cellular,24,jul,187,1,-1,0,unknown,no,C01511,Middle Money,41870.0,20935.0,15,10468.0,6280.0,14655.0,10,No Active Loan,Medium,40.7,20.72,MEDIUM,Every 30 Days,30,SMS / Soft Reminder
36,technician,single,secondary,no,818,yes,yes,cellular,19,aug,96,4,-1,0,unknown,no,C01512,Middle Money,44065.0,22032.0,15,11016.0,6610.0,15423.0,10,Regular,Medium,40.7,20.55,MEDIUM,Every 30 Days,30,SMS / Soft Reminder
47,blue-collar,married,secondary,no,238,yes,yes,cellular,13,mar,3076,1,-1,0,unknown,yes,C01513,Middle Money,46769.0,23384.0,15,11692.0,7015.0,16370.0,10,Regular,Medium,40.7,20.41,MEDIUM,Every 30 Days,30,SMS / Soft Reminder
27,services,married,secondary,no,0,yes,no,cellular,17,jul,991,5,-1,0,unknown,yes,C01514,Middle Money,41750.0,20875.0,15,10438.0,6262.0,14613.0,10,No Active Loan,Medium,40.7,20.35,MEDIUM,Every 30 Days,30,SMS / Soft Reminder
36,self-employed,single,tertiary,no,353,no,no,cellular,11,aug,361,2,181,2,success,yes,C01515,Middle Money,44028.0,22014.0,15,11007.0,6604.0,15410.0,10,No Active Loan,Medium,40.7,20.44,MEDIUM,Every 30 Days,30,SMS / Soft Reminder
27,admin.,single,secondary,no,18188,yes,no,unknown,12,jun,541,17,-1,0,unknown,yes,C01516,Middle Money,43205.0,21602.0,50,10801.0,6481.0,15122.0,35,No Active Loan,High,50.94,29.95,MEDIUM,Every 30 Days,30,SMS / Soft Reminder
40,admin.,single,unknown,no,355,yes,no,cellular,7,apr,345,2,138,6,other,no,C01517,Middle Money,45028.0,22514.0,15,11257.0,6754.0,15760.0,10,No Active Loan,Medium,40.7,20.44,MEDIUM,Every 30 Days,30,SMS / Soft Reminder
60,blue-collar,married,unknown,no,104,yes,no,unknown,5,may,22,1,-1,0,unknown,no,C01518,Middle Money,50008.0,25004.0,15,12502.0,7501.0,17503.0,10,No Active Loan,Medium,40.7,20.38,MEDIUM,Every 30 Days,30,SMS / Soft Reminder
47,blue-collar,married,primary,no,2,yes,yes,cellular,20,nov,661,4,190,1,failure,no,C01519,Middle Money,46750.0,23375.0,15,11688.0,7012.0,16363.0,10,Regular,Medium,40.7,20.35,MEDIUM,Every 30 Days,30,SMS / Soft Reminder
60,retired,married,primary,no,1588,no,no,cellular,6,oct,728,1,-1,0,unknown,yes,C01520,Middle Money,50127.0,25064.0,15,12532.0,7519.0,17544.0,10,No Active Loan,Medium,40.7,20.74,MEDIUM,Every 30 Days,30,SMS / Soft Reminder
59,retired,divorced,tertiary,no,3444,no,no,cellular,6,feb,241,2,-1,0,unknown,yes,C01521,Middle Money,50026.0,25013.0,15,12506.0,7504.0,17509.0,10,No Active Loan,Medium,40.7,21.2,MEDIUM,Every 30 Days,30,SMS / Soft Reminder
66,retired,married,primary,no,2883,no,no,cellular,23,apr,158,1,-1,0,unknown,yes,C01522,Middle Money,51731.0,25866.0,15,12933.0,7760.0,18105.0,10,No Active Loan,Medium,40.7,21.06,MEDIUM,Every 30 Days,30,SMS / Soft Reminder
39,admin.,married,secondary,no,130,yes,yes,cellular,4,feb,1290,2,-1,0,unknown,yes,C01523,Middle Money,44760.0,22380.0,15,11190.0,6714.0,15666.0,10,Regular,Medium,40.7,20.38,MEDIUM,Every 30 Days,30,SMS / Soft Reminder
32,technician,single,tertiary,no,0,no,no,cellular,20,aug,72,4,-1,0,unknown,no,C01524,Middle Money,43000.0,21500.0,15,10750.0,6450.0,15050.0,10,No Active Loan,Medium,40.7,20.35,MEDIUM,Every 30 Days,30,SMS / Soft Reminder
32,technician,married,tertiary,no,0,yes,no,cellular,19,nov,231,4,-1,0,unknown,no,C01525,Middle Money,43000.0,21500.0,15,10750.0,6450.0,15050.0,10,No Active Loan,Medium,40.7,20.35,MEDIUM,Every 30 Days,30,SMS / Soft Reminder
41,entrepreneur,married,tertiary,no,306,yes,no,unknown,20,jun,102,3,-1,0,unknown,no,C01526,Middle Money,45274.0,22637.0,15,11318.0,6791.0,15846.0,10,No Active Loan,Medium,40.7,20.43,MEDIUM,Every 30 Days,30,SMS / Soft Reminder
34,management,single,tertiary,no,1228,no,no,cellular,5,feb,263,8,-1,0,unknown,yes,C01527,Middle Money,43598.0,21799.0,24,10900.0,6540.0,15259.0,17,No Active Loan,Medium,44.16,22.38,MEDIUM,Every 30 Days,30,SMS / Soft Reminder
42,admin.,single,unknown,no,22,no,no,unknown,19,jun,246,3,-1,0,unknown,no,C01528,Middle Money,45502.0,22751.0,15,11376.0,6825.0,15926.0,10,No Active Loan,Medium,40.7,20.36,MEDIUM,Every 30 Days,30,SMS / Soft Reminder
57,entrepreneur,divorced,tertiary,no,873,no,no,unknown,17,jun,441,3,-1,0,unknown,no,C01529,Middle Money,49320.0,24660.0,15,12330.0,7398.0,17262.0,10,No Active Loan,Medium,40.7,20.57,MEDIUM,Every 30 Days,30,SMS / Soft Reminder
41,admin.,single,secondary,no,882,yes,yes,unknown,28,may,145,2,-1,0,unknown,no,C01530,Middle Money,45321.0,22660.0,15,11330.0,6798.0,15863.0,10,Regular,Medium,40.7,20.57,MEDIUM,Every 30 Days,30,SMS / Soft Reminder
31,management,married,tertiary,no,596,no,no,cellular,12,aug,192,4,-1,0,unknown,no,C01531,Middle Money,42798.0,21399.0,15,10700.0,6420.0,14979.0,10,No Active Loan,Medium,40.7,20.5,MEDIUM,Every 30 Days,30,SMS / Soft Reminder
28,services,single,secondary,no,47,no,no,cellular,22,jul,405,2,-1,0,unknown,no,C01532,Middle Money,42004.0,21002.0,15,10501.0,6301.0,14701.0,10,No Active Loan,Medium,40.7,20.36,MEDIUM,Every 30 Days,30,SMS / Soft Reminder
34,unemployed,married,secondary,no,978,no,no,cellular,24,mar,132,1,-1,0,unknown,yes,C01533,Middle Money,43578.0,21789.0,15,10894.0,6537.0,15252.0,10,No Active Loan,Medium,40.7,20.59,MEDIUM,Every 30 Days,30,SMS / Soft Reminder
78,retired,divorced,primary,no,1389,no,no,cellular,8,apr,335,1,-1,0,unknown,yes,C01534,Middle Money,54611.0,27306.0,15,13653.0,8192.0,19113.0,10,No Active Loan,Medium,40.7,20.69,MEDIUM,Every 30 Days,30,SMS / Soft Reminder
40,services,divorced,secondary,no,687,yes,no,cellular,2,feb,531,1,208,1,success,yes,C01535,Middle Money,45055.0,22528.0,15,11264.0,6758.0,15769.0,10,No Active Loan,Medium,40.7,20.52,MEDIUM,Every 30 Days,30,SMS / Soft Reminder
32,services,married,secondary,no,289,yes,no,cellular,2,feb,63,1,257,2,failure,no,C01536,Middle Money,43023.0,21512.0,15,10756.0,6453.0,15058.0,10,No Active Loan,Medium,40.7,20.42,MEDIUM,Every 30 Days,30,SMS / Soft Reminder
39,self-employed,married,tertiary,no,2630,no,no,unknown,12,jun,651,5,-1,0,unknown,yes,C01537,Middle Money,44960.0,22480.0,15,11240.0,6744.0,15736.0,10,No Active Loan,Medium,40.7,21.0,MEDIUM,Every 30 Days,30,SMS / Soft Reminder
42,unemployed,married,secondary,no,356,yes,no,cellular,7,may,787,3,356,2,failure,yes,C01538,Middle Money,45528.0,22764.0,15,11382.0,6829.0,15935.0,10,No Active Loan,Medium,40.7,20.44,MEDIUM,Every 30 Days,30,SMS / Soft Reminder
46,technician,married,secondary,no,57,no,no,unknown,28,may,796,1,-1,0,unknown,yes,C01539,Middle Money,46505.0,23252.0,15,11626.0,6976.0,16277.0,10,No Active Loan,Medium,40.7,20.36,MEDIUM,Every 30 Days,30,SMS / Soft Reminder
57,retired,single,tertiary,no,842,no,no,cellular,13,aug,284,3,-1,0,unknown,yes,C01540,Middle Money,49317.0,24658.0,15,12329.0,7398.0,17261.0,10,No Active Loan,Medium,40.7,20.56,MEDIUM,Every 30 Days,30,SMS / Soft Reminder
32,management,single,tertiary,no,154,no,yes,cellular,21,aug,301,3,-1,0,unknown,no,C01541,Middle Money,43012.0,21506.0,15,10753.0,6452.0,15054.0,10,Regular,Medium,40.7,20.39,MEDIUM,Every 30 Days,30,SMS / Soft Reminder
45,admin.,married,unknown,no,2033,no,no,cellular,28,may,48,4,-1,0,unknown,no,C01542,Middle Money,46413.0,23206.0,15,11603.0,6962.0,16245.0,10,No Active Loan,Medium,40.7,20.85,MEDIUM,Every 30 Days,30,SMS / Soft Reminder
41,admin.,married,secondary,no,1395,yes,yes,cellular,11,may,85,1,308,2,failure,no,C01543,Middle Money,45362.0,22681.0,15,11340.0,6804.0,15877.0,10,Regular,Medium,40.7,20.69,MEDIUM,Every 30 Days,30,SMS / Soft Reminder
36,technician,married,tertiary,no,202,no,no,cellular,1,jun,206,1,192,1,failure,no,C01544,Middle Money,44016.0,22008.0,15,11004.0,6602.0,15406.0,10,No Active Loan,Medium,40.7,20.4,MEDIUM,Every 30 Days,30,SMS / Soft Reminder
57,technician,married,tertiary,no,1181,no,no,cellular,29,jul,169,2,182,2,success,yes,C01545,Middle Money,49344.0,24672.0,15,12336.0,7402.0,17270.0,10,No Active Loan,Medium,40.7,20.64,MEDIUM,Every 30 Days,30,SMS / Soft Reminder
25,technician,single,secondary,no,0,no,yes,cellular,8,jul,634,1,-1,0,unknown,yes,C01546,Middle Money,41250.0,20625.0,15,10312.0,6188.0,14437.0,10,Regular,Medium,40.7,20.35,MEDIUM,Every 30 Days,30,SMS / Soft Reminder
30,services,single,tertiary,no,-477,no,yes,cellular,21,aug,1532,2,-1,0,unknown,yes,C01547,Middle Money,42500.0,21250.0,15,10625.0,6375.0,14875.0,10,Regular,Medium,40.7,20.35,MEDIUM,Every 30 Days,30,SMS / Soft Reminder
39,admin.,divorced,secondary,no,765,no,no,unknown,9,jun,155,3,-1,0,unknown,no,C01548,Middle Money,44811.0,22406.0,15,11203.0,6722.0,15683.0,10,No Active Loan,Medium,40.7,20.54,MEDIUM,Every 30 Days,30,SMS / Soft Reminder
60,retired,married,secondary,no,523,no,no,cellular,11,feb,467,1,182,3,success,yes,C01549,Middle Money,50042.0,25021.0,15,12510.0,7506.0,17515.0,10,No Active Loan,Medium,40.7,20.48,MEDIUM,Every 30 Days,30,SMS / Soft Reminder
29,technician,single,secondary,no,1165,no,no,cellular,2,jun,245,1,-1,0,unknown,yes,C01550,Middle Money,42343.0,21172.0,15,10586.0,6351.0,14820.0,10,No Active Loan,Medium,40.7,20.64,MEDIUM,Every 30 Days,30,SMS / Soft Reminder
38,management,married,unknown,no,3576,no,no,cellular,26,may,579,1,-1,0,unknown,yes,C01551,Middle Money,44786.0,22393.0,15,11196.0,6718.0,15675.0,10,No Active Loan,Medium,40.7,21.23,MEDIUM,Every 30 Days,30,SMS / Soft Reminder
57,entrepreneur,married,secondary,no,905,no,no,cellular,7,aug,121,1,-1,0,unknown,no,C01552,Middle Money,49322.0,24661.0,15,12330.0,7398.0,17263.0,10,No Active Loan,Medium,40.7,20.57,MEDIUM,Every 30 Days,30,SMS / Soft Reminder
53,management,married,tertiary,no,1624,no,no,cellular,6,aug,107,1,98,6,success,yes,C01553,Middle Money,48380.0,24190.0,15,12095.0,7257.0,16933.0,10,No Active Loan,Medium,40.7,20.75,MEDIUM,Every 30 Days,30,SMS / Soft Reminder
38,technician,married,secondary,no,6728,no,no,cellular,25,nov,232,1,96,4,success,yes,C01554,Middle Money,45038.0,22519.0,15,11260.0,6756.0,15763.0,10,No Active Loan,Medium,40.7,22.01,MEDIUM,Every 30 Days,30,SMS / Soft Reminder
36,management,single,tertiary,no,579,no,no,unknown,12,apr,481,1,-1,0,unknown,yes,C01555,Middle Money,44046.0,22023.0,15,11012.0,6607.0,15416.0,10,No Active Loan,Medium,40.7,20.49,MEDIUM,Every 30 Days,30,SMS / Soft Reminder
43,management,married,tertiary,no,1336,yes,yes,cellular,27,may,82,2,309,1,failure,no,C01556,Middle Money,45857.0,22928.0,15,11464.0,6879.0,16050.0,10,Regular,Medium,40.7,20.68,MEDIUM,Every 30 Days,30,SMS / Soft Reminder
31,unemployed,single,primary,no,163,no,no,cellular,30,jan,707,2,2,1,other,yes,C01557,Middle Money,42763.0,21382.0,15,10691.0,6414.0,14967.0,10,No Active Loan,Medium,40.7,20.39,MEDIUM,Every 30 Days,30,SMS / Soft Reminder
21,services,single,secondary,no,361,no,no,telephone,5,jun,329,1,95,1,other,no,C01558,Middle Money,40279.0,20140.0,15,10070.0,6042.0,14097.0,10,No Active Loan,Medium,40.7,20.44,MEDIUM,Every 30 Days,30,SMS / Soft Reminder
39,housemaid,married,primary,no,267,no,no,unknown,9,jun,1151,5,-1,0,unknown,no,C01559,Middle Money,44771.0,22386.0,15,11193.0,6716.0,15669.0,10,No Active Loan,Medium,40.7,20.42,MEDIUM,Every 30 Days,30,SMS / Soft Reminder
31,management,married,tertiary,no,1514,no,no,cellular,12,aug,284,2,-1,0,unknown,no,C01560,Middle Money,42871.0,21436.0,15,10718.0,6431.0,15004.0,10,No Active Loan,Medium,40.7,20.72,MEDIUM,Every 30 Days,30,SMS / Soft Reminder
78,management,married,unknown,no,1780,yes,no,cellular,25,oct,211,2,185,7,success,yes,C01561,Middle Money,54642.0,27321.0,15,13660.0,8196.0,19125.0,10,No Active Loan,Medium,40.7,20.79,MEDIUM,Every 30 Days,30,SMS / Soft Reminder
31,management,single,tertiary,no,0,yes,no,cellular,30,apr,97,2,87,2,other,no,C01562,Middle Money,42750.0,21375.0,15,10688.0,6412.0,14963.0,10,No Active Loan,Medium,40.7,20.35,MEDIUM,Every 30 Days,30,SMS / Soft Reminder
60,admin.,married,secondary,no,3735,no,no,cellular,22,dec,190,1,188,9,success,yes,C01563,Middle Money,50299.0,25150.0,15,12575.0,7545.0,17604.0,10,No Active Loan,Medium,40.7,21.27,MEDIUM,Every 30 Days,30,SMS / Soft Reminder
43,management,single,tertiary,no,1046,no,no,unknown,9,jun,901,1,-1,0,unknown,yes,C01564,Middle Money,45834.0,22917.0,15,11458.0,6875.0,16042.0,10,No Active Loan,Medium,40.7,20.61,MEDIUM,Every 30 Days,30,SMS / Soft Reminder
42,management,divorced,tertiary,no,742,yes,no,unknown,5,may,58,3,-1,0,unknown,no,C01565,Middle Money,45559.0,22780.0,15,11390.0,6834.0,15945.0,10,No Active Loan,Medium,40.7,20.53,MEDIUM,Every 30 Days,30,SMS / Soft Reminder
48,management,single,tertiary,no,159,no,no,telephone,7,jul,229,1,251,6,success,yes,C01566,Middle Money,47013.0,23506.0,15,11753.0,7052.0,16455.0,10,No Active Loan,Medium,40.7,20.39,MEDIUM,Every 30 Days,30,SMS / Soft Reminder
46,entrepreneur,married,tertiary,no,4726,yes,no,cellular,8,apr,405,1,-1,0,unknown,no,C01567,Middle Money,46878.0,23439.0,15,11720.0,7032.0,16407.0,10,No Active Loan,Medium,40.7,21.51,MEDIUM,Every 30 Days,30,SMS / Soft Reminder
39,management,married,tertiary,no,1363,no,no,cellular,21,aug,294,3,-1,0,unknown,no,C01568,Middle Money,44859.0,22430.0,15,11215.0,6729.0,15700.0,10,No Active Loan,Medium,40.7,20.69,MEDIUM,Every 30 Days,30,SMS / Soft Reminder
61,admin.,married,unknown,no,4629,yes,no,cellular,29,jul,349,3,183,2,success,yes,C01569,Middle Money,50620.0,25310.0,15,12655.0,7593.0,17717.0,10,No Active Loan,Medium,40.7,21.49,MEDIUM,Every 30 Days,30,SMS / Soft Reminder
54,management,married,tertiary,no,1014,no,yes,cellular,30,apr,240,1,162,2,failure,yes,C01570,Middle Money,48581.0,24290.0,15,12145.0,7287.0,17004.0,10,Regular,Medium,40.7,20.6,MEDIUM,Every 30 Days,30,SMS / Soft Reminder
51,blue-collar,married,secondary,no,4695,no,no,cellular,29,aug,8,10,-1,0,unknown,no,C01571,Middle Money,48126.0,24063.0,30,12032.0,7219.0,16844.0,21,No Active Loan,High,45.56,23.94,MEDIUM,Every 30 Days,30,SMS / Soft Reminder
54,management,married,tertiary,no,284,yes,yes,telephone,15,may,65,5,-1,0,unknown,no,C01572,Middle Money,48523.0,24262.0,15,12131.0,7278.0,16983.0,10,Regular,Medium,40.7,20.42,MEDIUM,Every 30 Days,30,SMS / Soft Reminder
26,student,single,secondary,no,2572,yes,no,cellular,5,may,620,1,-1,0,unknown,no,C01573,Middle Money,41706.0,20853.0,15,10426.0,6256.0,14597.0,10,No Active Loan,Medium,40.7,20.98,MEDIUM,Every 30 Days,30,SMS / Soft Reminder
38,technician,divorced,tertiary,no,1805,no,no,unknown,9,jun,952,2,-1,0,unknown,yes,C01574,Middle Money,44644.0,22322.0,15,11161.0,6697.0,15625.0,10,No Active Loan,Medium,40.7,20.79,MEDIUM,Every 30 Days,30,SMS / Soft Reminder
46,admin.,married,secondary,no,186,yes,no,cellular,11,may,643,2,-1,0,unknown,no,C01575,Middle Money,46515.0,23258.0,15,11629.0,6977.0,16280.0,10,No Active Loan,Medium,40.7,20.4,MEDIUM,Every 30 Days,30,SMS / Soft Reminder
28,management,single,tertiary,no,41,yes,no,cellular,15,may,885,3,352,2,other,yes,C01576,Middle Money,42003.0,21002.0,15,10501.0,6300.0,14701.0,10,No Active Loan,Medium,40.7,20.36,MEDIUM,Every 30 Days,30,SMS / Soft Reminder
34,blue-collar,married,secondary,no,113,yes,no,cellular,13,may,16,2,-1,0,unknown,no,C01577,Middle Money,43509.0,21754.0,15,10877.0,6526.0,15229.0,10,No Active Loan,Medium,40.7,20.38,MEDIUM,Every 30 Days,30,SMS / Soft Reminder
35,blue-collar,married,secondary,no,1330,no,no,cellular,10,jul,901,1,-1,0,unknown,yes,C01578,Middle Money,43856.0,21928.0,15,10964.0,6578.0,15350.0,10,No Active Loan,Medium,40.7,20.68,MEDIUM,Every 30 Days,30,SMS / Soft Reminder
30,blue-collar,single,secondary,no,573,yes,no,unknown,12,may,116,2,-1,0,unknown,no,C01579,Middle Money,42546.0,21273.0,15,10636.0,6382.0,14891.0,10,No Active Loan,Medium,40.7,20.49,MEDIUM,Every 30 Days,30,SMS / Soft Reminder
66,management,married,unknown,no,2149,yes,no,cellular,25,feb,98,1,87,10,failure,yes,C01580,Middle Money,51672.0,25836.0,15,12918.0,7751.0,18085.0,10,No Active Loan,Medium,40.7,20.88,MEDIUM,Every 30 Days,30,SMS / Soft Reminder
47,self-employed,married,tertiary,no,0,no,no,telephone,21,nov,28,1,-1,0,unknown,no,C01581,Middle Money,46750.0,23375.0,15,11688.0,7012.0,16363.0,10,No Active Loan,Medium,40.7,20.35,MEDIUM,Every 30 Days,30,SMS / Soft Reminder
35,blue-collar,married,primary,no,147,yes,no,cellular,5,may,358,1,337,3,failure,no,C01582,Middle Money,43762.0,21881.0,15,10940.0,6564.0,15317.0,10,No Active Loan,Medium,40.7,20.39,MEDIUM,Every 30 Days,30,SMS / Soft Reminder
40,services,divorced,primary,no,1937,yes,no,unknown,2,jun,86,1,-1,0,unknown,no,C01583,Middle Money,45155.0,22578.0,15,11289.0,6773.0,15804.0,10,No Active Loan,Medium,40.7,20.83,MEDIUM,Every 30 Days,30,SMS / Soft Reminder
36,student,single,tertiary,no,129,no,no,cellular,28,jan,918,1,93,1,success,yes,C01584,Middle Money,44010.0,22005.0,15,11002.0,6602.0,15403.0,10,No Active Loan,Medium,40.7,20.38,MEDIUM,Every 30 Days,30,SMS / Soft Reminder
51,management,married,tertiary,no,2635,no,no,cellular,1,sep,181,1,98,2,failure,yes,C01585,Middle Money,47961.0,23980.0,15,11990.0,7194.0,16787.0,10,No Active Loan,Medium,40.7,21.0,MEDIUM,Every 30 Days,30,SMS / Soft Reminder
36,housemaid,single,secondary,no,1015,yes,no,cellular,18,may,1008,1,347,2,success,yes,C01586,Middle Money,44081.0,22040.0,15,11020.0,6612.0,15429.0,10,No Active Loan,Medium,40.7,20.6,MEDIUM,Every 30 Days,30,SMS / Soft Reminder
41,unemployed,married,secondary,no,0,yes,yes,cellular,5,may,400,1,-1,0,unknown,yes,C01587,Middle Money,45250.0,22625.0,15,11312.0,6788.0,15837.0,10,Regular,Medium,40.7,20.35,MEDIUM,Every 30 Days,30,SMS / Soft Reminder
83,retired,married,primary,no,425,no,no,telephone,22,sep,773,1,92,2,success,yes,C01588,Middle Money,55784.0,27892.0,15,13946.0,8368.0,19524.0,10,No Active Loan,Medium,40.7,20.45,MEDIUM,Every 30 Days,30,SMS / Soft Reminder
27,student,single,secondary,no,111,no,no,cellular,7,jul,495,2,-1,0,unknown,yes,C01589,Middle Money,41759.0,20880.0,15,10440.0,6264.0,14615.0,10,No Active Loan,Medium,40.7,20.38,MEDIUM,Every 30 Days,30,SMS / Soft Reminder
49,services,married,secondary,no,66,yes,yes,cellular,21,nov,59,4,-1,0,unknown,no,C01590,Middle Money,47255.0,23628.0,15,11814.0,7088.0,16539.0,10,Regular,Medium,40.7,20.37,MEDIUM,Every 30 Days,30,SMS / Soft Reminder
53,housemaid,married,unknown,no,0,no,no,cellular,22,aug,207,1,-1,0,unknown,no,C01591,Middle Money,48250.0,24125.0,15,12062.0,7238.0,16887.0,10,No Active Loan,Medium,40.7,20.35,MEDIUM,Every 30 Days,30,SMS / Soft Reminder
28,admin.,married,secondary,no,330,no,no,cellular,2,dec,357,1,188,3,other,yes,C01592,Middle Money,42026.0,21013.0,15,10506.0,6304.0,14709.0,10,No Active Loan,Medium,40.7,20.43,MEDIUM,Every 30 Days,30,SMS / Soft Reminder
37,technician,married,secondary,no,1,yes,no,unknown,6,may,608,1,-1,0,unknown,yes,C01593,Middle Money,44250.0,22125.0,15,11062.0,6638.0,15487.0,10,No Active Loan,Medium,40.7,20.35,MEDIUM,Every 30 Days,30,SMS / Soft Reminder
59,management,married,secondary,no,4412,no,no,cellular,2,nov,162,2,-1,0,unknown,yes,C01594,Middle Money,50103.0,25052.0,15,12526.0,7515.0,17536.0,10,No Active Loan,Medium,40.7,21.44,MEDIUM,Every 30 Days,30,SMS / Soft Reminder
36,management,married,tertiary,no,673,yes,no,cellular,16,jul,689,1,-1,0,unknown,yes,C01595,Middle Money,44054.0,22027.0,15,11014.0,6608.0,15419.0,10,No Active Loan,Medium,40.7,20.52,MEDIUM,Every 30 Days,30,SMS / Soft Reminder
40,management,married,tertiary,no,0,yes,no,cellular,2,feb,279,1,-1,0,unknown,no,C01596,Middle Money,45000.0,22500.0,15,11250.0,6750.0,15750.0,10,No Active Loan,Medium,40.7,20.35,MEDIUM,Every 30 Days,30,SMS / Soft Reminder
43,blue-collar,single,primary,no,548,yes,no,unknown,7,may,98,1,-1,0,unknown,no,C01597,Middle Money,45794.0,22897.0,15,11448.0,6869.0,16028.0,10,No Active Loan,Medium,40.7,20.48,MEDIUM,Every 30 Days,30,SMS / Soft Reminder
33,management,married,tertiary,no,968,no,yes,cellular,28,aug,95,10,-1,0,unknown,no,C01598,Middle Money,43327.0,21664.0,30,10832.0,6499.0,15164.0,21,Regular,High,45.56,23.02,MEDIUM,Every 30 Days,30,SMS / Soft Reminder
46,blue-collar,married,secondary,no,668,yes,no,unknown,15,may,1263,2,-1,0,unknown,yes,C01599,Middle Money,46553.0,23276.0,15,11638.0,6983.0,16294.0,10,No Active Loan,Medium,40.7,20.51,MEDIUM,Every 30 Days,30,SMS / Soft Reminder
56,technician,married,secondary,no,6619,yes,no,telephone,4,nov,465,1,-1,0,unknown,yes,C01600,Middle Money,49530.0,24765.0,15,12382.0,7430.0,17335.0,10,No Active Loan,Medium,40.7,21.98,MEDIUM,Every 30 Days,30,SMS / Soft Reminder
54,technician,married,secondary,no,0,no,no,telephone,5,feb,744,3,-1,0,unknown,yes,C01601,Middle Money,48500.0,24250.0,15,12125.0,7275.0,16975.0,10,No Active Loan,Medium,40.7,20.35,MEDIUM,Every 30 Days,30,SMS / Soft Reminder
33,blue-collar,married,secondary,no,215,no,no,cellular,15,apr,166,1,-1,0,unknown,no,C01602,Middle Money,43267.0,21634.0,15,10817.0,6490.0,15143.0,10,No Active Loan,Medium,40.7,20.4,MEDIUM,Every 30 Days,30,SMS / Soft Reminder
30,self-employed,single,secondary,no,5223,no,no,cellular,14,oct,404,2,-1,0,unknown,no,C01603,Middle Money,42918.0,21459.0,15,10730.0,6438.0,15021.0,10,No Active Loan,Medium,40.7,21.64,MEDIUM,Every 30 Days,30,SMS / Soft Reminder
36,services,single,secondary,no,365,no,no,cellular,4,may,643,1,-1,0,unknown,yes,C01604,Middle Money,44029.0,22014.0,15,11007.0,6604.0,15411.0,10,No Active Loan,Medium,40.7,20.44,MEDIUM,Every 30 Days,30,SMS / Soft Reminder
59,unemployed,married,secondary,no,957,no,no,cellular,8,mar,301,1,89,2,success,yes,C01605,Middle Money,49827.0,24914.0,15,12457.0,7474.0,17439.0,10,No Active Loan,Medium,40.7,20.59,MEDIUM,Every 30 Days,30,SMS / Soft Reminder
34,admin.,married,secondary,no,641,yes,yes,unknown,16,may,467,1,-1,0,unknown,no,C01606,Middle Money,43551.0,21776.0,15,10888.0,6533.0,15242.0,10,Regular,Medium,40.7,20.51,MEDIUM,Every 30 Days,30,SMS / Soft Reminder
72,retired,married,secondary,no,1533,no,no,cellular,16,dec,546,2,-1,0,unknown,yes,C01607,Middle Money,53123.0,26562.0,15,13281.0,7968.0,18593.0,10,No Active Loan,Medium,40.7,20.73,MEDIUM,Every 30 Days,30,SMS / Soft Reminder
40,unemployed,single,secondary,no,334,no,no,cellular,5,mar,219,1,91,6,other,yes,C01608,Middle Money,45027.0,22514.0,15,11257.0,6754.0,15759.0,10,No Active Loan,Medium,40.7,20.43,MEDIUM,Every 30 Days,30,SMS / Soft Reminder
50,management,married,tertiary,no,-516,yes,no,unknown,15,may,226,2,-1,0,unknown,no,C01609,Middle Money,47500.0,23750.0,15,11875.0,7125.0,16625.0,10,No Active Loan,Medium,40.7,20.35,MEDIUM,Every 30 Days,30,SMS / Soft Reminder
48,admin.,divorced,secondary,no,-407,yes,no,cellular,14,may,210,2,352,1,failure,no,C01610,Middle Money,47000.0,23500.0,15,11750.0,7050.0,16450.0,10,No Active Loan,Medium,40.7,20.35,MEDIUM,Every 30 Days,30,SMS / Soft Reminder
27,blue-collar,single,secondary,no,535,no,no,cellular,16,aug,265,3,95,4,success,yes,C01611,Middle Money,41793.0,20896.0,15,10448.0,6269.0,14628.0,10,No Active Loan,Medium,40.7,20.48,MEDIUM,Every 30 Days,30,SMS / Soft Reminder
49,admin.,married,secondary,no,0,no,no,cellular,1,jun,1460,1,-1,0,unknown,yes,C01612,Middle Money,47250.0,23625.0,15,11812.0,7088.0,16537.0,10,No Active Loan,Medium,40.7,20.35,MEDIUM,Every 30 Days,30,SMS / Soft Reminder
37,blue-collar,married,secondary,no,362,yes,no,unknown,20,may,277,2,-1,0,unknown,no,C01613,Middle Money,44279.0,22140.0,15,11070.0,6642.0,15497.0,10,No Active Loan,Medium,40.7,20.44,MEDIUM,Every 30 Days,30,SMS / Soft Reminder
27,management,single,tertiary,no,616,yes,no,cellular,22,may,685,1,101,1,other,yes,C01614,Middle Money,41799.0,20900.0,15,10450.0,6270.0,14629.0,10,No Active Loan,Medium,40.7,20.5,MEDIUM,Every 30 Days,30,SMS / Soft Reminder
28,technician,single,tertiary,no,4987,no,no,cellular,2,jun,924,2,113,21,success,yes,C01615,Middle Money,42399.0,21200.0,27,10600.0,6360.0,14839.0,19,No Active Loan,High,44.85,23.65,MEDIUM,Every 30 Days,30,SMS / Soft Reminder
55,services,married,secondary,no,841,yes,no,cellular,15,may,140,9,372,4,failure,no,C01616,Middle Money,48817.0,24408.0,31,12204.0,7323.0,17086.0,22,No Active Loan,High,46.07,23.24,MEDIUM,Every 30 Days,30,SMS / Soft Reminder
36,blue-collar,married,secondary,no,928,no,no,cellular,17,apr,224,3,-1,0,unknown,no,C01617,Middle Money,44074.0,22037.0,15,11018.0,6611.0,15426.0,10,No Active Loan,Medium,40.7,20.58,MEDIUM,Every 30 Days,30,SMS / Soft Reminder
58,retired,married,primary,no,565,no,no,telephone,7,jul,876,1,-1,0,unknown,yes,C01618,Middle Money,49545.0,24772.0,15,12386.0,7432.0,17341.0,10,No Active Loan,Medium,40.7,20.49,MEDIUM,Every 30 Days,30,SMS / Soft Reminder
32,self-employed,single,tertiary,no,386,yes,no,cellular,18,nov,482,1,-1,0,unknown,yes,C01619,Middle Money,43031.0,21516.0,15,10758.0,6455.0,15060.0,10,No Active Loan,Medium,40.7,20.45,MEDIUM,Every 30 Days,30,SMS / Soft Reminder
49,services,married,secondary,no,1314,no,no,cellular,14,aug,834,14,-1,0,unknown,yes,C01620,Middle Money,47355.0,23678.0,42,11839.0,7103.0,16574.0,29,No Active Loan,High,48.55,24.6,MEDIUM,Every 30 Days,30,SMS / Soft Reminder
46,self-employed,married,tertiary,no,137,yes,yes,unknown,5,may,246,1,-1,0,unknown,no,C01621,Middle Money,46511.0,23256.0,15,11628.0,6977.0,16278.0,10,Regular,Medium,40.7,20.38,MEDIUM,Every 30 Days,30,SMS / Soft Reminder
46,management,married,tertiary,no,4,no,no,cellular,8,aug,1206,4,-1,0,unknown,yes,C01622,Middle Money,46500.0,23250.0,15,11625.0,6975.0,16275.0,10,No Active Loan,Medium,40.7,20.35,MEDIUM,Every 30 Days,30,SMS / Soft Reminder
33,admin.,single,tertiary,no,490,yes,no,cellular,7,may,31,1,363,2,failure,no,C01623,Middle Money,43289.0,21644.0,15,10822.0,6493.0,15152.0,10,No Active Loan,Medium,40.7,20.47,MEDIUM,Every 30 Days,30,SMS / Soft Reminder
64,management,married,unknown,no,2352,no,no,cellular,3,nov,181,4,183,7,success,yes,C01624,Middle Money,51188.0,25594.0,19,12797.0,7678.0,17916.0,13,No Active Loan,Medium,42.21,21.68,MEDIUM,Every 30 Days,30,SMS / Soft Reminder
33,admin.,married,secondary,no,920,no,no,cellular,30,apr,344,1,-1,0,unknown,yes,C01625,Middle Money,43324.0,21662.0,15,10831.0,6499.0,15163.0,10,No Active Loan,Medium,40.7,20.58,MEDIUM,Every 30 Days,30,SMS / Soft Reminder
38,services,married,secondary,no,934,yes,no,cellular,14,may,715,1,-1,0,unknown,yes,C01626,Middle Money,44575.0,22288.0,15,11144.0,6686.0,15601.0,10,No Active Loan,Medium,40.7,20.58,MEDIUM,Every 30 Days,30,SMS / Soft Reminder
37,entrepreneur,married,tertiary,no,310,no,no,cellular,1,sep,76,1,-1,0,unknown,no,C01627,Middle Money,44275.0,22138.0,15,11069.0,6641.0,15496.0,10,No Active Loan,Medium,40.7,20.43,MEDIUM,Every 30 Days,30,SMS / Soft Reminder
44,technician,single,secondary,no,29,yes,no,unknown,5,may,151,1,-1,0,unknown,no,C01628,Middle Money,46002.0,23001.0,15,11500.0,6900.0,16101.0,10,No Active Loan,Medium,40.7,20.36,MEDIUM,Every 30 Days,30,SMS / Soft Reminder
60,retired,divorced,primary,no,-79,yes,yes,cellular,29,jan,192,1,-1,0,unknown,no,C01629,Middle Money,50000.0,25000.0,15,12500.0,7500.0,17500.0,10,Regular,Medium,40.7,20.35,MEDIUM,Every 30 Days,30,SMS / Soft Reminder
38,entrepreneur,married,primary,no,350,yes,no,cellular,8,may,75,1,-1,0,unknown,no,C01630,Middle Money,44528.0,22264.0,15,11132.0,6679.0,15585.0,10,No Active Loan,Medium,40.7,20.44,MEDIUM,Every 30 Days,30,SMS / Soft Reminder
46,technician,married,secondary,no,966,yes,yes,cellular,19,aug,40,2,-1,0,unknown,no,C01631,Middle Money,46577.0,23288.0,15,11644.0,6987.0,16302.0,10,Regular,Medium,40.7,20.59,MEDIUM,Every 30 Days,30,SMS / Soft Reminder
49,management,divorced,tertiary,no,-2049,yes,no,unknown,30,may,169,3,-1,0,unknown,no,C01632,Middle Money,47250.0,23625.0,15,11812.0,7088.0,16537.0,10,No Active Loan,Medium,40.7,20.35,MEDIUM,Every 30 Days,30,SMS / Soft Reminder
42,admin.,divorced,secondary,no,2129,no,no,cellular,13,aug,633,1,182,2,other,yes,C01633,Middle Money,45670.0,22835.0,15,11418.0,6850.0,15985.0,10,No Active Loan,Medium,40.7,20.87,MEDIUM,Every 30 Days,30,SMS / Soft Reminder
37,blue-collar,married,secondary,no,1590,no,no,unknown,12,jun,305,2,-1,0,unknown,no,C01634,Middle Money,44377.0,22188.0,15,11094.0,6657.0,15532.0,10,No Active Loan,Medium,40.7,20.74,MEDIUM,Every 30 Days,30,SMS / Soft Reminder
33,management,single,tertiary,no,4128,yes,no,unknown,12,may,456,6,-1,0,unknown,no,C01635,Middle Money,43580.0,21790.0,18,10895.0,6537.0,15253.0,13,No Active Loan,Medium,42.89,22.46,MEDIUM,Every 30 Days,30,SMS / Soft Reminder
49,self-employed,married,tertiary,no,599,no,no,cellular,12,aug,174,1,-1,0,unknown,no,C01636,Middle Money,47298.0,23649.0,15,11824.0,7095.0,16554.0,10,No Active Loan,Medium,40.7,20.5,MEDIUM,Every 30 Days,30,SMS / Soft Reminder
40,technician,divorced,secondary,no,0,no,no,cellular,7,aug,674,2,-1,0,unknown,yes,C01637,Middle Money,45000.0,22500.0,15,11250.0,6750.0,15750.0,10,No Active Loan,Medium,40.7,20.35,MEDIUM,Every 30 Days,30,SMS / Soft Reminder
36,student,single,unknown,no,417,no,no,cellular,10,feb,151,1,-1,0,unknown,yes,C01638,Middle Money,44033.0,22016.0,15,11008.0,6605.0,15412.0,10,No Active Loan,Medium,40.7,20.45,MEDIUM,Every 30 Days,30,SMS / Soft Reminder
49,management,married,tertiary,no,1808,yes,no,cellular,1,jun,205,1,95,1,success,yes,C01639,Middle Money,47395.0,23698.0,15,11849.0,7109.0,16588.0,10,No Active Loan,Medium,40.7,20.8,MEDIUM,Every 30 Days,30,SMS / Soft Reminder
66,technician,married,secondary,no,0,no,no,cellular,6,feb,751,1,-1,0,unknown,yes,C01640,Middle Money,51500.0,25750.0,15,12875.0,7725.0,18025.0,10,No Active Loan,Medium,40.7,20.35,MEDIUM,Every 30 Days,30,SMS / Soft Reminder
38,services,divorced,secondary,no,61,no,no,unknown,5,jun,636,1,-1,0,unknown,yes,C01641,Middle Money,44505.0,22252.0,15,11126.0,6676.0,15577.0,10,No Active Loan,Medium,40.7,20.37,MEDIUM,Every 30 Days,30,SMS / Soft Reminder
35,management,single,tertiary,no,18111,no,no,cellular,14,aug,172,4,-1,0,unknown,yes,C01642,Middle Money,45199.0,22600.0,15,11300.0,6780.0,15819.0,10,No Active Loan,Medium,40.7,24.81,MEDIUM,Every 30 Days,30,SMS / Soft Reminder
72,retired,married,unknown,no,1940,no,no,telephone,4,dec,705,2,-1,0,unknown,yes,C01643,Middle Money,53155.0,26578.0,15,13289.0,7973.0,18604.0,10,No Active Loan,Medium,40.7,20.83,MEDIUM,Every 30 Days,30,SMS / Soft Reminder
54,management,married,tertiary,no,1303,no,no,cellular,3,feb,1635,1,-1,0,unknown,yes,C01644,Middle Money,48604.0,24302.0,15,12151.0,7291.0,17011.0,10,No Active Loan,Medium,40.7,20.67,MEDIUM,Every 30 Days,30,SMS / Soft Reminder
30,services,married,secondary,no,0,yes,no,cellular,21,nov,681,4,-1,0,unknown,yes,C01645,Middle Money,42500.0,21250.0,15,10625.0,6375.0,14875.0,10,No Active Loan,Medium,40.7,20.35,MEDIUM,Every 30 Days,30,SMS / Soft Reminder
33,admin.,single,secondary,no,315,yes,yes,cellular,14,may,888,3,-1,0,unknown,yes,C01646,Middle Money,43275.0,21638.0,15,10819.0,6491.0,15146.0,10,Regular,Medium,40.7,20.43,MEDIUM,Every 30 Days,30,SMS / Soft Reminder
47,services,married,secondary,no,0,yes,no,telephone,9,jul,250,1,-1,0,unknown,no,C01647,Middle Money,46750.0,23375.0,15,11688.0,7012.0,16363.0,10,No Active Loan,Medium,40.7,20.35,MEDIUM,Every 30 Days,30,SMS / Soft Reminder
39,management,single,tertiary,no,202,yes,no,cellular,12,may,59,1,301,1,other,no,C01648,Middle Money,44766.0,22383.0,15,11192.0,6715.0,15668.0,10,No Active Loan,Medium,40.7,20.4,MEDIUM,Every 30 Days,30,SMS / Soft Reminder
35,management,single,tertiary,no,805,no,no,cellular,17,sep,613,1,-1,0,unknown,no,C01649,Middle Money,43814.0,21907.0,15,10954.0,6572.0,15335.0,10,No Active Loan,Medium,40.7,20.55,MEDIUM,Every 30 Days,30,SMS / Soft Reminder
31,housemaid,single,primary,no,26965,no,no,cellular,21,apr,654,2,-1,0,unknown,yes,C01650,Middle Money,44907.0,22454.0,15,11227.0,6736.0,15717.0,10,No Active Loan,Medium,40.7,26.99,MEDIUM,Every 30 Days,30,SMS / Soft Reminder
32,management,married,tertiary,no,0,no,no,unknown,9,may,280,1,-1,0,unknown,no,C01651,Middle Money,43000.0,21500.0,15,10750.0,6450.0,15050.0,10,No Active Loan,Medium,40.7,20.35,MEDIUM,Every 30 Days,30,SMS / Soft Reminder
60,retired,married,secondary,no,11,no,no,cellular,29,jun,265,1,586,2,failure,yes,C01652,Middle Money,50001.0,25000.0,15,12500.0,7500.0,17501.0,10,No Active Loan,Medium,40.7,20.35,MEDIUM,Every 30 Days,30,SMS / Soft Reminder
33,management,single,tertiary,no,20,no,no,cellular,21,aug,329,2,-1,0,unknown,no,C01653,Middle Money,43252.0,21626.0,15,10813.0,6488.0,15138.0,10,No Active Loan,Medium,40.7,20.35,MEDIUM,Every 30 Days,30,SMS / Soft Reminder
32,student,married,secondary,no,833,yes,no,telephone,2,nov,227,5,164,3,other,no,C01654,Middle Money,43067.0,21534.0,18,10767.0,6460.0,15073.0,13,No Active Loan,Medium,42.89,21.65,MEDIUM,Every 30 Days,30,SMS / Soft Reminder
41,technician,single,secondary,no,32,yes,no,cellular,7,may,162,1,-1,0,unknown,no,C01655,Middle Money,45253.0,22626.0,15,11313.0,6788.0,15839.0,10,No Active Loan,Medium,40.7,20.36,MEDIUM,Every 30 Days,30,SMS / Soft Reminder
31,admin.,divorced,secondary,no,217,yes,no,cellular,30,jan,1776,2,-1,0,unknown,yes,C01656,Middle Money,42767.0,21384.0,15,10692.0,6415.0,14968.0,10,No Active Loan,Medium,40.7,20.4,MEDIUM,Every 30 Days,30,SMS / Soft Reminder
23,services,single,secondary,no,31,no,no,cellular,1,jun,192,1,-1,0,unknown,yes,C01657,Middle Money,40752.0,20376.0,15,10188.0,6113.0,14263.0,10,No Active Loan,Medium,40.7,20.36,MEDIUM,Every 30 Days,30,SMS / Soft Reminder
39,blue-collar,married,primary,no,867,yes,no,unknown,7,may,481,1,-1,0,unknown,no,C01658,Middle Money,44819.0,22410.0,15,11205.0,6723.0,15686.0,10,No Active Loan,Medium,40.7,20.56,MEDIUM,Every 30 Days,30,SMS / Soft Reminder
37,management,married,tertiary,no,49,no,yes,cellular,22,aug,132,1,-1,0,unknown,no,C01659,Middle Money,44254.0,22127.0,15,11064.0,6638.0,15489.0,10,Regular,Medium,40.7,20.36,MEDIUM,Every 30 Days,30,SMS / Soft Reminder
38,blue-collar,married,primary,no,2240,yes,no,cellular,19,nov,551,1,183,1,failure,no,C01660,Middle Money,44679.0,22340.0,15,11170.0,6702.0,15637.0,10,No Active Loan,Medium,40.7,20.9,MEDIUM,Every 30 Days,30,SMS / Soft Reminder
41,technician,married,unknown,no,30,yes,no,cellular,10,jul,151,1,-1,0,unknown,no,C01661,Middle Money,45252.0,22626.0,15,11313.0,6788.0,15838.0,10,No Active Loan,Medium,40.7,20.36,MEDIUM,Every 30 Days,30,SMS / Soft Reminder
51,blue-collar,married,tertiary,no,2404,yes,no,telephone,20,nov,30,1,-1,0,unknown,no,C01662,Middle Money,47942.0,23971.0,15,11986.0,7191.0,16780.0,10,No Active Loan,Medium,40.7,20.94,MEDIUM,Every 30 Days,30,SMS / Soft Reminder
37,blue-collar,single,secondary,no,197,yes,no,unknown,16,may,251,3,-1,0,unknown,no,C01663,Middle Money,44266.0,22133.0,15,11066.0,6640.0,15493.0,10,No Active Loan,Medium,40.7,20.4,MEDIUM,Every 30 Days,30,SMS / Soft Reminder
56,housemaid,divorced,primary,yes,1238,no,no,unknown,5,jun,1558,1,-1,0,unknown,yes,C01664,Middle Money,49099.0,24550.0,15,12275.0,7365.0,17184.0,10,No Active Loan,Medium,40.7,20.65,MEDIUM,Every 30 Days,30,SMS / Soft Reminder
33,blue-collar,single,primary,no,557,yes,no,cellular,17,apr,91,2,331,2,failure,no,C01665,Middle Money,43295.0,21648.0,15,10824.0,6494.0,15153.0,10,No Active Loan,Medium,40.7,20.49,MEDIUM,Every 30 Days,30,SMS / Soft Reminder
32,technician,single,secondary,no,28,yes,no,cellular,18,nov,368,1,-1,0,unknown,no,C01666,Middle Money,43002.0,21501.0,15,10750.0,6450.0,15051.0,10,No Active Loan,Medium,40.7,20.36,MEDIUM,Every 30 Days,30,SMS / Soft Reminder
52,blue-collar,divorced,primary,no,-191,yes,no,unknown,15,may,755,1,-1,0,unknown,yes,C01667,Middle Money,48000.0,24000.0,15,12000.0,7200.0,16800.0,10,No Active Loan,Medium,40.7,20.35,MEDIUM,Every 30 Days,30,SMS / Soft Reminder
60,technician,married,tertiary,no,91,no,no,cellular,27,aug,105,4,-1,0,unknown,no,C01668,Middle Money,50007.0,25004.0,15,12502.0,7501.0,17502.0,10,No Active Loan,Medium,40.7,20.37,MEDIUM,Every 30 Days,30,SMS / Soft Reminder
31,blue-collar,married,secondary,no,136,no,no,cellular,12,may,228,2,267,1,failure,yes,C01669,Middle Money,42761.0,21380.0,15,10690.0,6414.0,14967.0,10,No Active Loan,Medium,40.7,20.38,MEDIUM,Every 30 Days,30,SMS / Soft Reminder
30,blue-collar,married,secondary,no,246,yes,no,cellular,18,nov,166,2,113,5,failure,no,C01670,Middle Money,42520.0,21260.0,15,10630.0,6378.0,14882.0,10,No Active Loan,Medium,40.7,20.41,MEDIUM,Every 30 Days,30,SMS / Soft Reminder
52,admin.,single,unknown,no,872,yes,no,telephone,18,may,82,6,335,1,other,no,C01671,Middle Money,48070.0,24035.0,19,12018.0,7210.0,16825.0,13,No Active Loan,Medium,42.21,21.32,MEDIUM,Every 30 Days,30,SMS / Soft Reminder
39,blue-collar,single,secondary,no,649,yes,no,cellular,15,apr,668,1,-1,0,unknown,yes,C01672,Middle Money,44802.0,22401.0,15,11200.0,6720.0,15681.0,10,No Active Loan,Medium,40.7,20.51,MEDIUM,Every 30 Days,30,SMS / Soft Reminder
56,blue-collar,married,unknown,no,260,yes,no,telephone,30,jul,250,2,-1,0,unknown,no,C01673,Middle Money,49021.0,24510.0,15,12255.0,7353.0,17158.0,10,No Active Loan,Medium,40.7,20.41,MEDIUM,Every 30 Days,30,SMS / Soft Reminder
38,blue-collar,divorced,secondary,no,1817,yes,no,cellular,28,jul,1096,4,-1,0,unknown,yes,C01674,Middle Money,44645.0,22322.0,15,11161.0,6697.0,15626.0,10,No Active Loan,Medium,40.7,20.8,MEDIUM,Every 30 Days,30,SMS / Soft Reminder
33,technician,married,secondary,no,806,no,no,cellular,17,apr,108,1,-1,0,unknown,yes,C01675,Middle Money,43314.0,21657.0,15,10828.0,6497.0,15160.0,10,No Active Loan,Medium,40.7,20.55,MEDIUM,Every 30 Days,30,SMS / Soft Reminder
54,blue-collar,divorced,primary,no,215,yes,no,unknown,4,jun,71,5,-1,0,unknown,no,C01676,Middle Money,48517.0,24258.0,15,12129.0,7278.0,16981.0,10,No Active Loan,Medium,40.7,20.4,MEDIUM,Every 30 Days,30,SMS / Soft Reminder
52,technician,married,unknown,no,425,yes,no,cellular,28,jan,219,2,254,3,failure,no,C01677,Middle Money,48034.0,24017.0,15,12008.0,7205.0,16812.0,10,No Active Loan,Medium,40.7,20.45,MEDIUM,Every 30 Days,30,SMS / Soft Reminder
33,management,married,tertiary,no,679,no,no,cellular,5,aug,1109,2,-1,0,unknown,yes,C01678,Middle Money,43304.0,21652.0,15,10826.0,6496.0,15156.0,10,No Active Loan,Medium,40.7,20.52,MEDIUM,Every 30 Days,30,SMS / Soft Reminder
30,services,single,secondary,no,-158,yes,no,cellular,12,may,426,1,370,2,failure,yes,C01679,Middle Money,42500.0,21250.0,15,10625.0,6375.0,14875.0,10,No Active Loan,Medium,40.7,20.35,MEDIUM,Every 30 Days,30,SMS / Soft Reminder
43,admin.,married,secondary,no,132,no,no,cellular,17,mar,220,1,-1,0,unknown,yes,C01680,Middle Money,45761.0,22880.0,15,11440.0,6864.0,16017.0,10,No Active Loan,Medium,40.7,20.38,MEDIUM,Every 30 Days,30,SMS / Soft Reminder
24,student,single,secondary,no,431,no,no,cellular,19,aug,418,11,185,5,success,yes,C01681,Middle Money,41034.0,20517.0,38,10258.0,6155.0,14362.0,27,No Active Loan,High,47.98,24.1,MEDIUM,Every 30 Days,30,SMS / Soft Reminder
38,admin.,married,secondary,no,1839,no,no,unknown,23,may,63,2,-1,0,unknown,no,C01682,Middle Money,44647.0,22324.0,15,11162.0,6697.0,15626.0,10,No Active Loan,Medium,40.7,20.8,MEDIUM,Every 30 Days,30,SMS / Soft Reminder
29,management,married,tertiary,no,-6,yes,no,unknown,9,may,324,1,-1,0,unknown,no,C01683,Middle Money,42250.0,21125.0,15,10562.0,6338.0,14787.0,10,No Active Loan,Medium,40.7,20.35,MEDIUM,Every 30 Days,30,SMS / Soft Reminder
34,management,single,tertiary,no,575,no,no,cellular,9,mar,116,1,-1,0,unknown,yes,C01684,Middle Money,43546.0,21773.0,15,10886.0,6532.0,15241.0,10,No Active Loan,Medium,40.7,20.49,MEDIUM,Every 30 Days,30,SMS / Soft Reminder
38,self-employed,married,secondary,no,173,no,no,cellular,18,aug,205,4,-1,0,unknown,no,C01685,Middle Money,44514.0,22257.0,15,11128.0,6677.0,15580.0,10,No Active Loan,Medium,40.7,20.39,MEDIUM,Every 30 Days,30,SMS / Soft Reminder
36,self-employed,single,secondary,no,1295,no,no,cellular,20,nov,1192,1,-1,0,unknown,yes,C01686,Middle Money,44104.0,22052.0,15,11026.0,6616.0,15436.0,10,No Active Loan,Medium,40.7,20.67,MEDIUM,Every 30 Days,30,SMS / Soft Reminder
47,blue-collar,married,primary,no,328,yes,no,cellular,7,may,58,1,-1,0,unknown,no,C01687,Middle Money,46776.0,23388.0,15,11694.0,7016.0,16372.0,10,No Active Loan,Medium,40.7,20.43,MEDIUM,Every 30 Days,30,SMS / Soft Reminder
54,retired,married,primary,no,11,yes,yes,cellular,18,aug,48,10,-1,0,unknown,no,C01688,Middle Money,48501.0,24250.0,30,12125.0,7275.0,16976.0,21,Regular,High,45.56,22.78,MEDIUM,Every 30 Days,30,SMS / Soft Reminder
39,management,married,tertiary,no,3518,yes,no,cellular,8,may,440,1,-1,0,unknown,no,C01689,Middle Money,45031.0,22516.0,15,11258.0,6755.0,15760.0,10,No Active Loan,Medium,40.7,21.22,MEDIUM,Every 30 Days,30,SMS / Soft Reminder
30,unemployed,married,secondary,no,221,no,no,cellular,8,aug,61,4,-1,0,unknown,no,C01690,Middle Money,42518.0,21259.0,15,10630.0,6378.0,14881.0,10,No Active Loan,Medium,40.7,20.4,MEDIUM,Every 30 Days,30,SMS / Soft Reminder
52,blue-collar,married,secondary,no,580,no,no,cellular,21,nov,965,2,-1,0,unknown,yes,C01691,Middle Money,48046.0,24023.0,15,12012.0,7207.0,16816.0,10,No Active Loan,Medium,40.7,20.49,MEDIUM,Every 30 Days,30,SMS / Soft Reminder
44,services,single,secondary,no,0,yes,no,unknown,14,may,198,1,-1,0,unknown,no,C01692,Middle Money,46000.0,23000.0,15,11500.0,6900.0,16100.0,10,No Active Loan,Medium,40.7,20.35,MEDIUM,Every 30 Days,30,SMS / Soft Reminder
26,blue-collar,married,primary,no,399,yes,no,cellular,22,jul,1288,2,-1,0,unknown,no,C01693,Middle Money,41532.0,20766.0,15,10383.0,6230.0,14536.0,10,No Active Loan,Medium,40.7,20.45,MEDIUM,Every 30 Days,30,SMS / Soft Reminder
50,blue-collar,married,primary,no,12519,yes,no,cellular,21,nov,615,3,34,1,failure,yes,C01694,Middle Money,48502.0,24251.0,15,12126.0,7275.0,16976.0,10,No Active Loan,Medium,40.7,23.43,MEDIUM,Every 30 Days,30,SMS / Soft Reminder
46,blue-collar,married,secondary,no,2348,no,no,cellular,17,nov,182,1,-1,0,unknown,no,C01695,Middle Money,46688.0,23344.0,15,11672.0,7003.0,16341.0,10,No Active Loan,Medium,40.7,20.93,MEDIUM,Every 30 Days,30,SMS / Soft Reminder
54,technician,married,tertiary,no,6507,no,no,cellular,26,may,145,1,-1,0,unknown,no,C01696,Middle Money,49021.0,24510.0,15,12255.0,7353.0,17158.0,10,No Active Loan,Medium,40.7,21.95,MEDIUM,Every 30 Days,30,SMS / Soft Reminder
37,technician,married,secondary,no,1458,no,no,cellular,30,apr,281,1,-1,0,unknown,yes,C01697,Middle Money,44367.0,22184.0,15,11092.0,6655.0,15528.0,10,No Active Loan,Medium,40.7,20.71,MEDIUM,Every 30 Days,30,SMS / Soft Reminder
32,services,married,secondary,no,983,yes,no,cellular,20,nov,500,2,133,1,failure,yes,C01698,Middle Money,43079.0,21540.0,15,10770.0,6462.0,15077.0,10,No Active Loan,Medium,40.7,20.59,MEDIUM,Every 30 Days,30,SMS / Soft Reminder
28,blue-collar,married,secondary,no,2788,yes,no,unknown,6,jun,369,2,-1,0,unknown,yes,C01699,Middle Money,42223.0,21112.0,15,10556.0,6333.0,14778.0,10,No Active Loan,Medium,40.7,21.04,MEDIUM,Every 30 Days,30,SMS / Soft Reminder
28,management,single,tertiary,no,9710,no,no,cellular,14,oct,786,2,-1,0,unknown,no,C01700,Middle Money,42777.0,21388.0,15,10694.0,6417.0,14972.0,10,No Active Loan,Medium,40.7,22.74,MEDIUM,Every 30 Days,30,SMS / Soft Reminder
71,retired,married,primary,no,4657,no,no,cellular,16,feb,93,5,-1,0,unknown,yes,C01701,Middle Money,53123.0,26562.0,15,13281.0,7968.0,18593.0,10,No Active Loan,Medium,40.7,21.5,MEDIUM,Every 30 Days,30,SMS / Soft Reminder
54,management,married,primary,no,366,yes,no,unknown,15,may,589,1,-1,0,unknown,no,C01702,Middle Money,48529.0,24264.0,15,12132.0,7279.0,16986.0,10,No Active Loan,Medium,40.7,20.44,MEDIUM,Every 30 Days,30,SMS / Soft Reminder
30,management,married,tertiary,no,314,no,no,cellular,19,nov,364,2,175,2,success,no,C01703,Middle Money,42525.0,21262.0,15,10631.0,6379.0,14884.0,10,No Active Loan,Medium,40.7,20.43,MEDIUM,Every 30 Days,30,SMS / Soft Reminder
49,services,married,secondary,no,388,no,no,telephone,31,jul,1032,4,-1,0,unknown,yes,C01704,Middle Money,47281.0,23640.0,15,11820.0,7092.0,16549.0,10,No Active Loan,Medium,40.7,20.45,MEDIUM,Every 30 Days,30,SMS / Soft Reminder
49,entrepreneur,divorced,unknown,yes,-701,yes,no,cellular,30,jul,988,2,-1,0,unknown,yes,C01705,Middle Money,47250.0,23625.0,15,11812.0,7088.0,16537.0,10,No Active Loan,Medium,40.7,20.35,MEDIUM,Every 30 Days,30,SMS / Soft Reminder
44,blue-collar,married,secondary,no,0,yes,no,cellular,21,jul,90,1,-1,0,unknown,no,C01706,Middle Money,46000.0,23000.0,15,11500.0,6900.0,16100.0,10,No Active Loan,Medium,40.7,20.35,MEDIUM,Every 30 Days,30,SMS / Soft Reminder
46,technician,married,secondary,no,488,no,no,unknown,5,jun,92,1,-1,0,unknown,no,C01707,Middle Money,46539.0,23270.0,15,11635.0,6981.0,16288.0,10,No Active Loan,Medium,40.7,20.47,MEDIUM,Every 30 Days,30,SMS / Soft Reminder
37,management,single,secondary,no,655,no,yes,cellular,4,feb,258,6,-1,0,unknown,no,C01708,Middle Money,44302.0,22151.0,18,11076.0,6645.0,15506.0,13,Regular,Medium,42.89,21.61,MEDIUM,Every 30 Days,30,SMS / Soft Reminder
25,technician,single,tertiary,no,800,yes,no,unknown,13,may,151,4,-1,0,unknown,no,C01709,Middle Money,41314.0,20657.0,15,10328.0,6197.0,14460.0,10,No Active Loan,Medium,40.7,20.55,MEDIUM,Every 30 Days,30,SMS / Soft Reminder
34,admin.,married,tertiary,no,35,yes,no,cellular,15,oct,76,1,69,2,failure,no,C01710,Middle Money,43503.0,21752.0,15,10876.0,6525.0,15226.0,10,No Active Loan,Medium,40.7,20.36,MEDIUM,Every 30 Days,30,SMS / Soft Reminder
67,retired,married,primary,no,2391,no,no,cellular,28,jun,737,6,186,10,other,yes,C01711,Middle Money,51941.0,25970.0,28,12985.0,7791.0,18180.0,20,No Active Loan,High,45.38,23.28,MEDIUM,Every 30 Days,30,SMS / Soft Reminder
43,management,married,tertiary,no,-391,yes,no,cellular,28,jul,193,8,-1,0,unknown,no,C01712,Middle Money,45750.0,22875.0,24,11438.0,6862.0,16013.0,17,No Active Loan,Medium,44.16,22.08,MEDIUM,Every 30 Days,30,SMS / Soft Reminder
59,admin.,single,secondary,no,-423,yes,yes,cellular,20,apr,84,1,-1,0,unknown,no,C01713,Middle Money,49750.0,24875.0,15,12438.0,7462.0,17413.0,10,Regular,Medium,40.7,20.35,MEDIUM,Every 30 Days,30,SMS / Soft Reminder
35,blue-collar,married,secondary,no,503,yes,yes,unknown,9,may,57,2,-1,0,unknown,no,C01714,Middle Money,43790.0,21895.0,15,10948.0,6568.0,15327.0,10,Regular,Medium,40.7,20.47,MEDIUM,Every 30 Days,30,SMS / Soft Reminder
22,management,single,tertiary,no,760,no,no,telephone,7,dec,6,1,-1,0,unknown,no,C01715,Middle Money,40561.0,20280.0,15,10140.0,6084.0,14197.0,10,No Active Loan,Medium,40.7,20.54,MEDIUM,Every 30 Days,30,SMS / Soft Reminder
22,admin.,single,tertiary,no,897,yes,no,cellular,4,feb,133,4,-1,0,unknown,yes,C01716,Middle Money,40572.0,20286.0,15,10143.0,6086.0,14200.0,10,No Active Loan,Medium,40.7,20.57,MEDIUM,Every 30 Days,30,SMS / Soft Reminder
36,technician,single,secondary,no,98,no,no,cellular,30,jan,771,1,-1,0,unknown,yes,C01717,Middle Money,44008.0,22004.0,15,11002.0,6601.0,15403.0,10,No Active Loan,Medium,40.7,20.37,MEDIUM,Every 30 Days,30,SMS / Soft Reminder
23,student,single,unknown,no,2530,no,no,cellular,12,may,411,1,-1,0,unknown,yes,C01718,Middle Money,40952.0,20476.0,15,10238.0,6143.0,14333.0,10,No Active Loan,Medium,40.7,20.97,MEDIUM,Every 30 Days,30,SMS / Soft Reminder
50,self-employed,married,secondary,no,5312,no,no,cellular,23,jul,106,3,-1,0,unknown,no,C01719,Middle Money,47925.0,23962.0,15,11981.0,7189.0,16774.0,10,No Active Loan,Medium,40.7,21.66,MEDIUM,Every 30 Days,30,SMS / Soft Reminder
41,technician,married,secondary,no,188,no,yes,telephone,31,jul,15,25,-1,0,unknown,no,C01720,Middle Money,45265.0,22632.0,50,11316.0,6790.0,15843.0,35,Regular,High,50.94,25.52,MEDIUM,Every 30 Days,30,SMS / Soft Reminder
29,blue-collar,single,secondary,no,2,yes,yes,cellular,21,apr,379,5,-1,0,unknown,yes,C01721,Middle Money,42250.0,21125.0,15,10562.0,6338.0,14787.0,10,Regular,Medium,40.7,20.35,MEDIUM,Every 30 Days,30,SMS / Soft Reminder
38,blue-collar,married,primary,no,4406,yes,no,telephone,13,may,689,2,-1,0,unknown,yes,C01722,Middle Money,44852.0,22426.0,15,11213.0,6728.0,15698.0,10,No Active Loan,Medium,40.7,21.44,MEDIUM,Every 30 Days,30,SMS / Soft Reminder
43,management,married,tertiary,no,3186,no,no,cellular,16,nov,380,1,88,1,failure,yes,C01723,Middle Money,46005.0,23002.0,15,11501.0,6901.0,16102.0,10,No Active Loan,Medium,40.7,21.13,MEDIUM,Every 30 Days,30,SMS / Soft Reminder
53,admin.,divorced,secondary,no,0,yes,yes,cellular,6,aug,1452,1,98,2,failure,yes,C01724,Middle Money,48250.0,24125.0,15,12062.0,7238.0,16887.0,10,Regular,Medium,40.7,20.35,MEDIUM,Every 30 Days,30,SMS / Soft Reminder
27,technician,single,tertiary,no,372,yes,yes,cellular,25,jul,728,2,-1,0,unknown,yes,C01725,Middle Money,41780.0,20890.0,15,10445.0,6267.0,14623.0,10,Regular,Medium,40.7,20.44,MEDIUM,Every 30 Days,30,SMS / Soft Reminder
26,self-employed,married,secondary,no,492,yes,yes,cellular,15,may,439,4,-1,0,unknown,no,C01726,Middle Money,41539.0,20770.0,15,10385.0,6231.0,14538.0,10,Regular,Medium,40.7,20.47,MEDIUM,Every 30 Days,30,SMS / Soft Reminder
32,blue-collar,married,secondary,no,328,yes,no,unknown,20,may,132,1,-1,0,unknown,no,C01727,Middle Money,43026.0,21513.0,15,10756.0,6454.0,15059.0,10,No Active Loan,Medium,40.7,20.43,MEDIUM,Every 30 Days,30,SMS / Soft Reminder
36,blue-collar,married,secondary,no,249,yes,no,cellular,15,may,709,5,-1,0,unknown,yes,C01728,Middle Money,44020.0,22010.0,15,11005.0,6603.0,15407.0,10,No Active Loan,Medium,40.7,20.41,MEDIUM,Every 30 Days,30,SMS / Soft Reminder
48,unknown,married,unknown,no,558,no,no,cellular,25,aug,433,6,-1,0,unknown,no,C01729,Middle Money,47045.0,23522.0,18,11761.0,7057.0,16466.0,13,No Active Loan,Medium,42.89,21.58,MEDIUM,Every 30 Days,30,SMS / Soft Reminder
46,admin.,divorced,secondary,no,2087,no,no,cellular,1,jun,111,1,119,4,other,no,C01730,Middle Money,46667.0,23334.0,15,11667.0,7000.0,16333.0,10,No Active Loan,Medium,40.7,20.86,MEDIUM,Every 30 Days,30,SMS / Soft Reminder
44,management,married,tertiary,no,-600,yes,no,cellular,18,aug,360,1,-1,0,unknown,no,C01731,Middle Money,46000.0,23000.0,15,11500.0,6900.0,16100.0,10,No Active Loan,Medium,40.7,20.35,MEDIUM,Every 30 Days,30,SMS / Soft Reminder
42,management,married,secondary,no,372,yes,no,telephone,31,jul,130,8,-1,0,unknown,no,C01732,Middle Money,45530.0,22765.0,24,11382.0,6830.0,15935.0,17,No Active Loan,Medium,44.16,22.17,MEDIUM,Every 30 Days,30,SMS / Soft Reminder
18,student,single,unknown,no,3,no,no,cellular,25,aug,130,2,-1,0,unknown,yes,C01733,Middle Money,39500.0,19750.0,15,9875.0,5925.0,13825.0,10,No Active Loan,Medium,40.7,20.35,MEDIUM,Every 30 Days,30,SMS / Soft Reminder
51,management,married,secondary,no,441,yes,no,cellular,7,may,189,2,167,2,other,no,C01734,Middle Money,47785.0,23892.0,15,11946.0,7168.0,16725.0,10,No Active Loan,Medium,40.7,20.46,MEDIUM,Every 30 Days,30,SMS / Soft Reminder
41,self-employed,single,tertiary,no,3950,yes,no,unknown,30,may,96,2,-1,0,unknown,no,C01735,Middle Money,45566.0,22783.0,15,11392.0,6835.0,15948.0,10,No Active Loan,Medium,40.7,21.32,MEDIUM,Every 30 Days,30,SMS / Soft Reminder
36,blue-collar,single,secondary,no,2235,yes,no,cellular,20,nov,287,2,-1,0,unknown,no,C01736,Middle Money,44179.0,22090.0,15,11045.0,6627.0,15462.0,10,No Active Loan,Medium,40.7,20.9,MEDIUM,Every 30 Days,30,SMS / Soft Reminder
71,retired,married,tertiary,no,653,no,no,telephone,3,sep,471,1,189,1,success,yes,C01737,Middle Money,52802.0,26401.0,15,13200.0,7920.0,18481.0,10,No Active Loan,Medium,40.7,20.51,MEDIUM,Every 30 Days,30,SMS / Soft Reminder
32,technician,married,secondary,no,1119,no,no,cellular,19,nov,371,2,-1,0,unknown,no,C01738,Middle Money,43090.0,21545.0,15,10772.0,6464.0,15081.0,10,No Active Loan,Medium,40.7,20.63,MEDIUM,Every 30 Days,30,SMS / Soft Reminder
26,technician,married,secondary,no,-119,no,yes,cellular,9,jul,359,5,-1,0,unknown,yes,C01739,Middle Money,41500.0,20750.0,15,10375.0,6225.0,14525.0,10,Regular,Medium,40.7,20.35,MEDIUM,Every 30 Days,30,SMS / Soft Reminder
36,blue-collar,married,secondary,no,2103,no,yes,unknown,26,jun,71,1,-1,0,unknown,no,C01740,Middle Money,44168.0,22084.0,15,11042.0,6625.0,15459.0,10,Regular,Medium,40.7,20.87,MEDIUM,Every 30 Days,30,SMS / Soft Reminder
57,management,divorced,tertiary,no,6468,yes,no,cellular,4,sep,730,1,157,4,failure,yes,C01741,Middle Money,49767.0,24884.0,15,12442.0,7465.0,17418.0,10,No Active Loan,Medium,40.7,21.94,MEDIUM,Every 30 Days,30,SMS / Soft Reminder
39,technician,married,tertiary,no,94,yes,yes,unknown,16,may,813,1,-1,0,unknown,yes,C01742,Middle Money,44758.0,22379.0,15,11190.0,6714.0,15665.0,10,Regular,Medium,40.7,20.37,MEDIUM,Every 30 Days,30,SMS / Soft Reminder
34,technician,married,secondary,no,159,yes,no,cellular,18,oct,252,1,-1,0,unknown,yes,C01743,Middle Money,43513.0,21756.0,15,10878.0,6527.0,15230.0,10,No Active Loan,Medium,40.7,20.39,MEDIUM,Every 30 Days,30,SMS / Soft Reminder
39,technician,married,tertiary,no,108,no,no,cellular,28,may,589,3,28,2,other,no,C01744,Middle Money,44759.0,22380.0,15,11190.0,6714.0,15665.0,10,No Active Loan,Medium,40.7,20.38,MEDIUM,Every 30 Days,30,SMS / Soft Reminder
50,entrepreneur,married,secondary,no,78,no,no,telephone,4,jun,143,1,-1,0,unknown,no,C01745,Middle Money,47506.0,23753.0,15,11876.0,7126.0,16627.0,10,No Active Loan,Medium,40.7,20.37,MEDIUM,Every 30 Days,30,SMS / Soft Reminder
28,management,single,tertiary,no,223,yes,no,cellular,1,jun,303,1,278,3,success,yes,C01746,Middle Money,42018.0,21009.0,15,10504.0,6303.0,14706.0,10,No Active Loan,Medium,40.7,20.4,MEDIUM,Every 30 Days,30,SMS / Soft Reminder
43,services,divorced,unknown,no,2363,yes,no,cellular,17,nov,229,1,-1,0,unknown,no,C01747,Middle Money,45939.0,22970.0,15,11485.0,6891.0,16078.0,10,No Active Loan,Medium,40.7,20.93,MEDIUM,Every 30 Days,30,SMS / Soft Reminder
44,housemaid,married,primary,no,3706,no,no,unknown,17,jun,209,3,-1,0,unknown,no,C01748,Middle Money,46296.0,23148.0,15,11574.0,6944.0,16204.0,10,No Active Loan,Medium,40.7,21.26,MEDIUM,Every 30 Days,30,SMS / Soft Reminder
59,retired,married,primary,no,3648,no,no,telephone,19,jun,1321,3,-1,0,unknown,yes,C01749,Middle Money,50042.0,25021.0,15,12510.0,7506.0,17515.0,10,No Active Loan,Medium,40.7,21.25,MEDIUM,Every 30 Days,30,SMS / Soft Reminder
41,technician,married,tertiary,no,13,no,no,unknown,5,jun,189,2,-1,0,unknown,no,C01750,Middle Money,45251.0,22626.0,15,11313.0,6788.0,15837.0,10,No Active Loan,Medium,40.7,20.35,MEDIUM,Every 30 Days,30,SMS / Soft Reminder
37,blue-collar,married,secondary,no,3884,yes,no,cellular,20,apr,28,5,-1,0,unknown,no,C01751,Middle Money,44561.0,22280.0,15,11140.0,6684.0,15597.0,10,No Active Loan,Medium,40.7,21.31,MEDIUM,Every 30 Days,30,SMS / Soft Reminder
69,retired,divorced,tertiary,no,247,no,no,cellular,22,apr,138,2,-1,0,unknown,yes,C01752,Middle Money,52270.0,26135.0,15,13068.0,7840.0,18295.0,10,No Active Loan,Medium,40.7,20.41,MEDIUM,Every 30 Days,30,SMS / Soft Reminder
60,admin.,married,secondary,no,106,no,no,cellular,24,feb,137,1,187,4,success,yes,C01753,Middle Money,50008.0,25004.0,15,12502.0,7501.0,17503.0,10,No Active Loan,Medium,40.7,20.38,MEDIUM,Every 30 Days,30,SMS / Soft Reminder
27,blue-collar,single,tertiary,no,567,no,no,cellular,26,may,523,3,182,3,success,yes,C01754,Middle Money,41795.0,20898.0,15,10449.0,6269.0,14628.0,10,No Active Loan,Medium,40.7,20.49,MEDIUM,Every 30 Days,30,SMS / Soft Reminder
49,blue-collar,divorced,secondary,no,23,no,no,cellular,17,nov,221,2,-1,0,unknown,no,C01755,Middle Money,47252.0,23626.0,15,11813.0,7088.0,16538.0,10,No Active Loan,Medium,40.7,20.36,MEDIUM,Every 30 Days,30,SMS / Soft Reminder
31,blue-collar,married,secondary,no,754,yes,no,unknown,19,may,1022,4,-1,0,unknown,yes,C01756,Middle Money,42810.0,21405.0,15,10702.0,6422.0,14983.0,10,No Active Loan,Medium,40.7,20.54,MEDIUM,Every 30 Days,30,SMS / Soft Reminder
51,admin.,married,secondary,no,50,no,no,cellular,26,aug,178,2,-1,0,unknown,no,C01757,Middle Money,47754.0,23877.0,15,11938.0,7163.0,16714.0,10,No Active Loan,Medium,40.7,20.36,MEDIUM,Every 30 Days,30,SMS / Soft Reminder
26,blue-collar,single,primary,no,-295,yes,no,cellular,6,may,138,1,-1,0,unknown,no,C01758,Middle Money,41500.0,20750.0,15,10375.0,6225.0,14525.0,10,No Active Loan,Medium,40.7,20.35,MEDIUM,Every 30 Days,30,SMS / Soft Reminder
45,admin.,married,secondary,no,925,no,no,cellular,6,aug,406,2,-1,0,unknown,yes,C01759,Middle Money,46324.0,23162.0,15,11581.0,6949.0,16213.0,10,No Active Loan,Medium,40.7,20.58,MEDIUM,Every 30 Days,30,SMS / Soft Reminder
33,management,married,tertiary,no,2071,no,no,cellular,8,aug,106,2,-1,0,unknown,no,C01760,Middle Money,43416.0,21708.0,15,10854.0,6512.0,15196.0,10,No Active Loan,Medium,40.7,20.86,MEDIUM,Every 30 Days,30,SMS / Soft Reminder
36,blue-collar,married,secondary,no,723,yes,no,cellular,31,jul,101,2,-1,0,unknown,no,C01761,Middle Money,44058.0,22029.0,15,11014.0,6609.0,15420.0,10,No Active Loan,Medium,40.7,20.53,MEDIUM,Every 30 Days,30,SMS / Soft Reminder
55,housemaid,divorced,primary,no,77,no,no,cellular,31,jul,463,6,-1,0,unknown,yes,C01762,Middle Money,48756.0,24378.0,18,12189.0,7313.0,17065.0,13,No Active Loan,Medium,42.89,21.46,MEDIUM,Every 30 Days,30,SMS / Soft Reminder
39,housemaid,married,primary,no,13338,no,no,cellular,11,aug,103,4,-1,0,unknown,no,C01763,Middle Money,45817.0,22908.0,15,11454.0,6873.0,16036.0,10,No Active Loan,Medium,40.7,23.64,MEDIUM,Every 30 Days,30,SMS / Soft Reminder
45,technician,divorced,secondary,no,2657,no,no,cellular,7,aug,895,3,-1,0,unknown,yes,C01764,Middle Money,46463.0,23232.0,15,11616.0,6969.0,16262.0,10,No Active Loan,Medium,40.7,21.0,MEDIUM,Every 30 Days,30,SMS / Soft Reminder
42,management,divorced,secondary,no,283,yes,no,cellular,23,jul,761,1,-1,0,unknown,yes,C01765,Middle Money,45523.0,22762.0,15,11381.0,6828.0,15933.0,10,No Active Loan,Medium,40.7,20.42,MEDIUM,Every 30 Days,30,SMS / Soft Reminder
47,management,single,tertiary,no,86,no,no,cellular,30,apr,387,3,87,1,success,yes,C01766,Middle Money,46757.0,23378.0,15,11689.0,7014.0,16365.0,10,No Active Loan,Medium,40.7,20.37,MEDIUM,Every 30 Days,30,SMS / Soft Reminder
43,management,married,tertiary,no,2640,no,no,cellular,21,nov,314,4,-1,0,unknown,yes,C01767,Middle Money,45961.0,22980.0,15,11490.0,6894.0,16087.0,10,No Active Loan,Medium,40.7,21.0,MEDIUM,Every 30 Days,30,SMS / Soft Reminder
40,management,married,secondary,no,406,yes,no,unknown,12,jun,577,2,-1,0,unknown,yes,C01768,Middle Money,45032.0,22516.0,15,11258.0,6755.0,15761.0,10,No Active Loan,Medium,40.7,20.45,MEDIUM,Every 30 Days,30,SMS / Soft Reminder
47,services,married,secondary,no,367,yes,no,cellular,12,may,309,1,306,4,success,yes,C01769,Middle Money,46779.0,23390.0,15,11695.0,7017.0,16372.0,10,No Active Loan,Medium,40.7,20.44,MEDIUM,Every 30 Days,30,SMS / Soft Reminder
40,blue-collar,divorced,primary,no,54,yes,no,cellular,13,may,10,5,362,3,other,no,C01770,Middle Money,45004.0,22502.0,18,11251.0,6751.0,15751.0,13,No Active Loan,Medium,42.89,21.46,MEDIUM,Every 30 Days,30,SMS / Soft Reminder
53,services,married,secondary,no,197,yes,no,cellular,17,apr,307,1,-1,0,unknown,no,C01771,Middle Money,48266.0,24133.0,15,12066.0,7240.0,16893.0,10,No Active Loan,Medium,40.7,20.4,MEDIUM,Every 30 Days,30,SMS / Soft Reminder
36,admin.,divorced,secondary,no,437,yes,no,cellular,14,may,722,2,344,1,success,yes,C01772,Middle Money,44035.0,22018.0,15,11009.0,6605.0,15412.0,10,No Active Loan,Medium,40.7,20.46,MEDIUM,Every 30 Days,30,SMS / Soft Reminder
59,retired,married,secondary,no,5678,yes,no,unknown,14,may,238,2,-1,0,unknown,no,C01773,Middle Money,50204.0,25102.0,15,12551.0,7531.0,17571.0,10,No Active Loan,Medium,40.7,21.75,MEDIUM,Every 30 Days,30,SMS / Soft Reminder
31,student,single,secondary,no,3511,no,no,cellular,2,jul,667,1,-1,0,unknown,yes,C01774,Middle Money,43031.0,21516.0,15,10758.0,6455.0,15060.0,10,No Active Loan,Medium,40.7,21.21,MEDIUM,Every 30 Days,30,SMS / Soft Reminder
51,blue-collar,married,primary,no,0,no,no,unknown,9,jun,166,2,-1,0,unknown,no,C01775,Middle Money,47750.0,23875.0,15,11938.0,7162.0,16713.0,10,No Active Loan,Medium,40.7,20.35,MEDIUM,Every 30 Days,30,SMS / Soft Reminder
60,management,married,tertiary,no,73,no,no,telephone,8,aug,243,2,-1,0,unknown,yes,C01776,Middle Money,50006.0,25003.0,15,12502.0,7501.0,17502.0,10,No Active Loan,Medium,40.7,20.37,MEDIUM,Every 30 Days,30,SMS / Soft Reminder
53,management,married,secondary,no,51,yes,no,cellular,17,apr,109,1,-1,0,unknown,no,C01777,Middle Money,48254.0,24127.0,15,12064.0,7238.0,16889.0,10,No Active Loan,Medium,40.7,20.36,MEDIUM,Every 30 Days,30,SMS / Soft Reminder
33,blue-collar,married,primary,no,195,no,no,cellular,16,nov,984,5,-1,0,unknown,yes,C01778,Middle Money,43266.0,21633.0,15,10816.0,6490.0,15143.0,10,No Active Loan,Medium,40.7,20.4,MEDIUM,Every 30 Days,30,SMS / Soft Reminder
36,admin.,single,secondary,no,11174,yes,no,cellular,15,apr,953,1,-1,0,unknown,yes,C01779,Middle Money,44894.0,22447.0,15,11224.0,6734.0,15713.0,10,No Active Loan,Medium,40.7,23.1,MEDIUM,Every 30 Days,30,SMS / Soft Reminder
40,technician,married,secondary,no,2266,no,no,cellular,16,oct,447,1,147,5,failure,yes,C01780,Middle Money,45181.0,22590.0,15,11295.0,6777.0,15814.0,10,No Active Loan,Medium,40.7,20.91,MEDIUM,Every 30 Days,30,SMS / Soft Reminder
69,retired,married,secondary,no,0,no,no,cellular,25,aug,412,2,-1,0,unknown,yes,C01781,Middle Money,52250.0,26125.0,15,13062.0,7838.0,18287.0,10,No Active Loan,Medium,40.7,20.35,MEDIUM,Every 30 Days,30,SMS / Soft Reminder
44,blue-collar,single,secondary,no,-435,yes,no,unknown,27,may,141,2,-1,0,unknown,no,C01782,Middle Money,46000.0,23000.0,15,11500.0,6900.0,16100.0,10,No Active Loan,Medium,40.7,20.35,MEDIUM,Every 30 Days,30,SMS / Soft Reminder
32,blue-collar,married,primary,no,1076,yes,no,unknown,19,may,67,1,-1,0,unknown,no,C01783,Middle Money,43086.0,21543.0,15,10772.0,6463.0,15080.0,10,No Active Loan,Medium,40.7,20.62,MEDIUM,Every 30 Days,30,SMS / Soft Reminder
55,admin.,married,secondary,no,420,yes,no,unknown,30,may,41,3,-1,0,unknown,no,C01784,Middle Money,48784.0,24392.0,15,12196.0,7318.0,17074.0,10,No Active Loan,Medium,40.7,20.45,MEDIUM,Every 30 Days,30,SMS / Soft Reminder
29,technician,married,secondary,no,0,no,no,unknown,12,may,33,2,-1,0,unknown,no,C01785,Middle Money,42250.0,21125.0,15,10562.0,6338.0,14787.0,10,No Active Loan,Medium,40.7,20.35,MEDIUM,Every 30 Days,30,SMS / Soft Reminder
31,blue-collar,married,secondary,no,0,yes,no,unknown,9,may,133,1,-1,0,unknown,no,C01786,Middle Money,42750.0,21375.0,15,10688.0,6412.0,14963.0,10,No Active Loan,Medium,40.7,20.35,MEDIUM,Every 30 Days,30,SMS / Soft Reminder
26,student,single,secondary,no,655,no,no,cellular,16,sep,190,1,-1,0,unknown,yes,C01787,Middle Money,41552.0,20776.0,15,10388.0,6233.0,14543.0,10,No Active Loan,Medium,40.7,20.51,MEDIUM,Every 30 Days,30,SMS / Soft Reminder
51,blue-collar,married,secondary,no,4787,yes,no,cellular,7,apr,895,1,-1,0,unknown,yes,C01788,Middle Money,48133.0,24066.0,15,12033.0,7220.0,16847.0,10,No Active Loan,Medium,40.7,21.53,MEDIUM,Every 30 Days,30,SMS / Soft Reminder
37,admin.,married,tertiary,no,29,no,no,cellular,14,may,404,2,183,2,other,yes,C01789,Middle Money,44252.0,22126.0,15,11063.0,6638.0,15488.0,10,No Active Loan,Medium,40.7,20.36,MEDIUM,Every 30 Days,30,SMS / Soft Reminder
73,retired,married,primary,no,1388,no,no,telephone,11,jan,767,2,83,1,success,yes,C01790,Middle Money,53361.0,26680.0,15,13340.0,8004.0,18677.0,10,No Active Loan,Medium,40.7,20.69,MEDIUM,Every 30 Days,30,SMS / Soft Reminder
42,technician,married,tertiary,no,-215,no,no,unknown,20,jun,1573,5,-1,0,unknown,yes,C01791,Middle Money,45500.0,22750.0,15,11375.0,6825.0,15925.0,10,No Active Loan,Medium,40.7,20.35,MEDIUM,Every 30 Days,30,SMS / Soft Reminder
42,entrepreneur,married,secondary,no,0,yes,no,cellular,9,apr,331,1,140,4,failure,yes,C01792,Middle Money,45500.0,22750.0,15,11375.0,6825.0,15925.0,10,No Active Loan,Medium,40.7,20.35,MEDIUM,Every 30 Days,30,SMS / Soft Reminder
46,management,divorced,tertiary,no,14481,yes,no,unknown,30,may,1269,1,-1,0,unknown,yes,C01793,Middle Money,47658.0,23829.0,15,11914.0,7149.0,16680.0,10,No Active Loan,Medium,40.7,23.92,MEDIUM,Every 30 Days,30,SMS / Soft Reminder
42,unemployed,married,unknown,no,190,no,no,cellular,11,aug,704,2,-1,0,unknown,yes,C01794,Middle Money,45515.0,22758.0,15,11379.0,6827.0,15930.0,10,No Active Loan,Medium,40.7,20.4,MEDIUM,Every 30 Days,30,SMS / Soft Reminder
61,retired,married,secondary,no,86,no,no,cellular,23,oct,149,1,-1,0,unknown,yes,C01795,Middle Money,50257.0,25128.0,15,12564.0,7539.0,17590.0,10,No Active Loan,Medium,40.7,20.37,MEDIUM,Every 30 Days,30,SMS / Soft Reminder
30,blue-collar,single,secondary,no,1165,yes,no,cellular,18,may,365,2,-1,0,unknown,no,C01796,Middle Money,42593.0,21296.0,15,10648.0,6389.0,14908.0,10,No Active Loan,Medium,40.7,20.64,MEDIUM,Every 30 Days,30,SMS / Soft Reminder
56,management,divorced,tertiary,no,2037,no,no,cellular,6,may,160,1,91,5,success,no,C01797,Middle Money,49163.0,24582.0,15,12291.0,7374.0,17207.0,10,No Active Loan,Medium,40.7,20.85,MEDIUM,Every 30 Days,30,SMS / Soft Reminder
24,student,single,secondary,no,689,no,no,cellular,8,sep,630,1,-1,0,unknown,yes,C01798,Middle Money,41055.0,20528.0,15,10264.0,6158.0,14369.0,10,No Active Loan,Medium,40.7,20.52,MEDIUM,Every 30 Days,30,SMS / Soft Reminder
35,blue-collar,married,secondary,no,0,yes,yes,cellular,8,apr,519,1,-1,0,unknown,no,C01799,Middle Money,43750.0,21875.0,15,10938.0,6562.0,15313.0,10,Regular,Medium,40.7,20.35,MEDIUM,Every 30 Days,30,SMS / Soft Reminder
33,management,single,tertiary,no,952,yes,no,cellular,29,apr,1241,5,-1,0,unknown,yes,C01800,Middle Money,43326.0,21663.0,15,10832.0,6499.0,15164.0,10,No Active Loan,Medium,40.7,20.58,MEDIUM,Every 30 Days,30,SMS / Soft Reminder
49,admin.,divorced,secondary,no,168,yes,yes,unknown,8,may,513,1,-1,0,unknown,yes,C01801,Middle Money,47263.0,23632.0,15,11816.0,7089.0,16542.0,10,Regular,Medium,40.7,20.39,MEDIUM,Every 30 Days,30,SMS / Soft Reminder
42,services,married,secondary,no,1376,yes,no,cellular,2,mar,712,4,-1,0,unknown,yes,C01802,Middle Money,45610.0,22805.0,15,11402.0,6842.0,15963.0,10,No Active Loan,Medium,40.7,20.69,MEDIUM,Every 30 Days,30,SMS / Soft Reminder
50,admin.,married,secondary,no,-195,no,no,cellular,22,aug,119,4,-1,0,unknown,no,C01803,Middle Money,47500.0,23750.0,15,11875.0,7125.0,16625.0,10,No Active Loan,Medium,40.7,20.35,MEDIUM,Every 30 Days,30,SMS / Soft Reminder
53,housemaid,married,primary,no,0,no,no,unknown,24,jun,51,8,-1,0,unknown,no,C01804,Middle Money,48250.0,24125.0,24,12062.0,7238.0,16887.0,17,No Active Loan,Medium,44.16,22.08,MEDIUM,Every 30 Days,30,SMS / Soft Reminder
34,management,single,tertiary,no,747,no,no,cellular,31,aug,72,2,98,1,failure,no,C01805,Middle Money,43560.0,21780.0,15,10890.0,6534.0,15246.0,10,No Active Loan,Medium,40.7,20.53,MEDIUM,Every 30 Days,30,SMS / Soft Reminder
46,blue-collar,married,secondary,no,640,yes,no,cellular,6,may,246,1,55,5,success,yes,C01806,Middle Money,46551.0,23276.0,15,11638.0,6983.0,16292.0,10,No Active Loan,Medium,40.7,20.51,MEDIUM,Every 30 Days,30,SMS / Soft Reminder
58,admin.,married,secondary,no,169,no,no,cellular,15,feb,216,1,91,4,success,yes,C01807,Middle Money,49514.0,24757.0,15,12378.0,7427.0,17330.0,10,No Active Loan,Medium,40.7,20.39,MEDIUM,Every 30 Days,30,SMS / Soft Reminder
29,blue-collar,single,secondary,no,348,yes,no,unknown,9,may,185,2,-1,0,unknown,no,C01808,Middle Money,42278.0,21139.0,15,10570.0,6342.0,14797.0,10,No Active Loan,Medium,40.7,20.44,MEDIUM,Every 30 Days,30,SMS / Soft Reminder
38,blue-collar,married,secondary,no,622,yes,no,unknown,21,may,611,2,-1,0,unknown,yes,C01809,Middle Money,44550.0,22275.0,15,11138.0,6682.0,15593.0,10,No Active Loan,Medium,40.7,20.5,MEDIUM,Every 30 Days,30,SMS / Soft Reminder
39,technician,single,unknown,no,45248,yes,no,unknown,6,may,1623,1,-1,0,unknown,yes,C01810,Middle Money,48370.0,24185.0,15,12092.0,7256.0,16929.0,10,No Active Loan,Medium,40.7,31.49,MEDIUM,Every 30 Days,30,SMS / Soft Reminder
57,retired,married,primary,no,333,no,no,unknown,22,aug,336,2,-1,0,unknown,no,C01811,Middle Money,49277.0,24638.0,15,12319.0,7392.0,17247.0,10,No Active Loan,Medium,40.7,20.43,MEDIUM,Every 30 Days,30,SMS / Soft Reminder
30,technician,married,secondary,no,0,yes,no,cellular,14,may,47,3,-1,0,unknown,no,C01812,Middle Money,42500.0,21250.0,15,10625.0,6375.0,14875.0,10,No Active Loan,Medium,40.7,20.35,MEDIUM,Every 30 Days,30,SMS / Soft Reminder
28,blue-collar,single,secondary,no,1705,no,no,cellular,17,dec,412,2,-1,0,unknown,yes,C01813,Middle Money,42136.0,21068.0,15,10534.0,6320.0,14748.0,10,No Active Loan,Medium,40.7,20.77,MEDIUM,Every 30 Days,30,SMS / Soft Reminder
52,services,married,secondary,no,657,no,no,telephone,7,jul,398,2,460,2,failure,yes,C01814,Middle Money,48053.0,24026.0,15,12013.0,7208.0,16819.0,10,No Active Loan,Medium,40.7,20.51,MEDIUM,Every 30 Days,30,SMS / Soft Reminder
40,technician,married,secondary,no,990,yes,no,cellular,6,feb,252,3,-1,0,unknown,no,C01815,Middle Money,45079.0,22540.0,15,11270.0,6762.0,15777.0,10,No Active Loan,Medium,40.7,20.59,MEDIUM,Every 30 Days,30,SMS / Soft Reminder
45,blue-collar,married,secondary,no,154,yes,no,unknown,7,may,1138,1,-1,0,unknown,yes,C01816,Middle Money,46262.0,23131.0,15,11566.0,6939.0,16192.0,10,No Active Loan,Medium,40.7,20.39,MEDIUM,Every 30 Days,30,SMS / Soft Reminder
58,blue-collar,married,primary,no,96,no,no,unknown,16,jun,76,3,-1,0,unknown,no,C01817,Middle Money,49508.0,24754.0,15,12377.0,7426.0,17328.0,10,No Active Loan,Medium,40.7,20.37,MEDIUM,Every 30 Days,30,SMS / Soft Reminder
59,blue-collar,divorced,primary,no,1265,no,yes,cellular,7,jul,849,1,-1,0,unknown,yes,C01818,Middle Money,49851.0,24926.0,15,12463.0,7478.0,17447.0,10,Regular,Medium,40.7,20.66,MEDIUM,Every 30 Days,30,SMS / Soft Reminder
54,housemaid,divorced,tertiary,no,9,no,yes,cellular,29,jul,136,3,-1,0,unknown,no,C01819,Middle Money,48501.0,24250.0,15,12125.0,7275.0,16976.0,10,Regular,Medium,40.7,20.35,MEDIUM,Every 30 Days,30,SMS / Soft Reminder
31,services,single,secondary,no,181,no,no,cellular,12,aug,182,1,104,1,success,yes,C01820,Middle Money,42764.0,21382.0,15,10691.0,6415.0,14967.0,10,No Active Loan,Medium,40.7,20.39,MEDIUM,Every 30 Days,30,SMS / Soft Reminder
57,management,divorced,tertiary,no,8897,yes,no,cellular,12,aug,865,2,-1,0,unknown,yes,C01821,Middle Money,49962.0,24981.0,15,12490.0,7494.0,17487.0,10,No Active Loan,Medium,40.7,22.54,MEDIUM,Every 30 Days,30,SMS / Soft Reminder
29,blue-collar,single,tertiary,no,455,no,no,cellular,22,oct,542,4,148,3,success,yes,C01822,Middle Money,42286.0,21143.0,15,10572.0,6343.0,14800.0,10,No Active Loan,Medium,40.7,20.46,MEDIUM,Every 30 Days,30,SMS / Soft Reminder
28,student,married,tertiary,no,327,yes,no,cellular,15,may,104,3,-1,0,unknown,no,C01823,Middle Money,42026.0,21013.0,15,10506.0,6304.0,14709.0,10,No Active Loan,Medium,40.7,20.43,MEDIUM,Every 30 Days,30,SMS / Soft Reminder
34,admin.,single,secondary,no,1352,yes,no,cellular,20,apr,126,1,334,3,other,no,C01824,Middle Money,43608.0,21804.0,15,10902.0,6541.0,15263.0,10,No Active Loan,Medium,40.7,20.68,MEDIUM,Every 30 Days,30,SMS / Soft Reminder
55,management,married,secondary,no,0,yes,no,unknown,13,may,309,2,-1,0,unknown,no,C01825,Middle Money,48750.0,24375.0,15,12188.0,7312.0,17063.0,10,No Active Loan,Medium,40.7,20.35,MEDIUM,Every 30 Days,30,SMS / Soft Reminder
33,management,single,tertiary,no,3143,no,no,cellular,29,jun,421,2,-1,0,unknown,yes,C01826,Middle Money,43501.0,21750.0,15,10875.0,6525.0,15226.0,10,No Active Loan,Medium,40.7,21.12,MEDIUM,Every 30 Days,30,SMS / Soft Reminder
27,student,single,secondary,no,538,no,no,cellular,18,dec,170,4,197,2,success,yes,C01827,Middle Money,41793.0,20896.0,15,10448.0,6269.0,14628.0,10,No Active Loan,Medium,40.7,20.48,MEDIUM,Every 30 Days,30,SMS / Soft Reminder
30,admin.,divorced,secondary,no,419,no,no,cellular,3,sep,72,2,-1,0,unknown,no,C01828,Middle Money,42534.0,21267.0,15,10634.0,6380.0,14887.0,10,No Active Loan,Medium,40.7,20.45,MEDIUM,Every 30 Days,30,SMS / Soft Reminder
46,unemployed,married,secondary,no,-125,yes,no,unknown,6,may,23,1,-1,0,unknown,no,C01829,Middle Money,46500.0,23250.0,15,11625.0,6975.0,16275.0,10,No Active Loan,Medium,40.7,20.35,MEDIUM,Every 30 Days,30,SMS / Soft Reminder
28,self-employed,single,tertiary,no,805,no,no,cellular,16,feb,331,1,-1,0,unknown,yes,C01830,Middle Money,42064.0,21032.0,15,10516.0,6310.0,14722.0,10,No Active Loan,Medium,40.7,20.55,MEDIUM,Every 30 Days,30,SMS / Soft Reminder
35,management,single,tertiary,no,643,yes,no,unknown,23,may,322,1,-1,0,unknown,no,C01831,Middle Money,43801.0,21900.0,15,10950.0,6570.0,15331.0,10,No Active Loan,Medium,40.7,20.51,MEDIUM,Every 30 Days,30,SMS / Soft Reminder
30,technician,single,secondary,no,3144,no,no,cellular,19,may,212,2,-1,0,unknown,yes,C01832,Middle Money,42752.0,21376.0,15,10688.0,6413.0,14963.0,10,No Active Loan,Medium,40.7,21.12,MEDIUM,Every 30 Days,30,SMS / Soft Reminder
39,management,divorced,tertiary,no,30,no,yes,cellular,3,feb,265,4,-1,0,unknown,no,C01833,Middle Money,44752.0,22376.0,15,11188.0,6713.0,15663.0,10,Regular,Medium,40.7,20.36,MEDIUM,Every 30 Days,30,SMS / Soft Reminder
43,unknown,married,primary,no,2113,no,no,cellular,29,jul,33,2,-1,0,unknown,no,C01834,Middle Money,45919.0,22960.0,15,11480.0,6888.0,16071.0,10,No Active Loan,Medium,40.7,20.87,MEDIUM,Every 30 Days,30,SMS / Soft Reminder
68,retired,married,secondary,no,20723,yes,no,cellular,28,apr,318,2,-1,0,unknown,no,C01835,Middle Money,53658.0,26829.0,15,13414.0,8049.0,18780.0,10,No Active Loan,Medium,40.7,25.45,MEDIUM,Every 30 Days,30,SMS / Soft Reminder
31,technician,married,secondary,no,522,yes,yes,cellular,27,aug,308,4,-1,0,unknown,no,C01836,Middle Money,42792.0,21396.0,15,10698.0,6419.0,14977.0,10,Regular,Medium,40.7,20.48,MEDIUM,Every 30 Days,30,SMS / Soft Reminder
30,blue-collar,single,secondary,no,155,yes,yes,cellular,9,jul,1426,3,-1,0,unknown,yes,C01837,Middle Money,42512.0,21256.0,15,10628.0,6377.0,14879.0,10,Regular,Medium,40.7,20.39,MEDIUM,Every 30 Days,30,SMS / Soft Reminder
31,admin.,single,secondary,no,50,no,no,cellular,29,jan,395,1,-1,0,unknown,no,C01838,Middle Money,42754.0,21377.0,15,10688.0,6413.0,14964.0,10,No Active Loan,Medium,40.7,20.36,MEDIUM,Every 30 Days,30,SMS / Soft Reminder
28,student,single,secondary,no,1925,no,no,cellular,26,feb,139,1,93,3,success,no,C01839,Middle Money,42154.0,21077.0,15,10538.0,6323.0,14754.0,10,No Active Loan,Medium,40.7,20.82,MEDIUM,Every 30 Days,30,SMS / Soft Reminder
49,technician,married,tertiary,no,80,no,no,cellular,17,jul,123,1,-1,0,unknown,no,C01840,Middle Money,47256.0,23628.0,15,11814.0,7088.0,16540.0,10,No Active Loan,Medium,40.7,20.37,MEDIUM,Every 30 Days,30,SMS / Soft Reminder
39,admin.,single,secondary,no,2345,yes,no,cellular,8,may,491,2,344,2,failure,yes,C01841,Middle Money,44938.0,22469.0,15,11234.0,6741.0,15728.0,10,No Active Loan,Medium,40.7,20.93,MEDIUM,Every 30 Days,30,SMS / Soft Reminder
51,entrepreneur,divorced,tertiary,no,2109,no,no,cellular,13,oct,79,2,-1,0,unknown,yes,C01842,Middle Money,47919.0,23960.0,15,11980.0,7188.0,16771.0,10,No Active Loan,Medium,40.7,20.87,MEDIUM,Every 30 Days,30,SMS / Soft Reminder
81,retired,married,primary,no,5220,no,no,telephone,13,nov,135,1,94,2,other,yes,C01843,Middle Money,55668.0,27834.0,15,13917.0,8350.0,19484.0,10,No Active Loan,Medium,40.7,21.64,MEDIUM,Every 30 Days,30,SMS / Soft Reminder
55,unknown,married,secondary,no,2206,no,no,cellular,12,aug,265,1,91,5,success,yes,C01844,Middle Money,48926.0,24463.0,15,12232.0,7339.0,17124.0,10,No Active Loan,Medium,40.7,20.89,MEDIUM,Every 30 Days,30,SMS / Soft Reminder
25,student,single,secondary,no,8,no,no,cellular,22,apr,107,2,-1,0,unknown,yes,C01845,Middle Money,41251.0,20626.0,15,10313.0,6188.0,14437.0,10,No Active Loan,Medium,40.7,20.35,MEDIUM,Every 30 Days,30,SMS / Soft Reminder
53,entrepreneur,married,secondary,no,288,no,no,unknown,6,may,69,1,-1,0,unknown,no,C01846,Middle Money,48273.0,24136.0,15,12068.0,7241.0,16896.0,10,No Active Loan,Medium,40.7,20.42,MEDIUM,Every 30 Days,30,SMS / Soft Reminder
30,student,single,tertiary,no,228,yes,no,cellular,13,may,314,2,-1,0,unknown,yes,C01847,Middle Money,42518.0,21259.0,15,10630.0,6378.0,14881.0,10,No Active Loan,Medium,40.7,20.41,MEDIUM,Every 30 Days,30,SMS / Soft Reminder
26,services,married,secondary,no,199,no,no,cellular,24,jul,139,6,-1,0,unknown,no,C01848,Middle Money,41516.0,20758.0,18,10379.0,6227.0,14531.0,13,No Active Loan,Medium,42.89,21.49,MEDIUM,Every 30 Days,30,SMS / Soft Reminder
33,blue-collar,single,secondary,no,1387,no,no,cellular,5,feb,185,1,-1,0,unknown,no,C01849,Middle Money,43361.0,21680.0,15,10840.0,6504.0,15177.0,10,No Active Loan,Medium,40.7,20.69,MEDIUM,Every 30 Days,30,SMS / Soft Reminder
27,management,single,tertiary,no,20585,no,no,cellular,23,sep,299,1,100,1,success,yes,C01850,Middle Money,43397.0,21698.0,15,10849.0,6510.0,15189.0,10,No Active Loan,Medium,40.7,25.42,MEDIUM,Every 30 Days,30,SMS / Soft Reminder
35,student,single,secondary,no,188,yes,no,cellular,16,feb,75,3,200,5,failure,yes,C01851,Middle Money,43765.0,21882.0,15,10941.0,6565.0,15318.0,10,No Active Loan,Medium,40.7,20.4,MEDIUM,Every 30 Days,30,SMS / Soft Reminder
42,blue-collar,married,secondary,no,-755,yes,yes,unknown,2,jun,312,1,-1,0,unknown,no,C01852,Middle Money,45500.0,22750.0,15,11375.0,6825.0,15925.0,10,Regular,Medium,40.7,20.35,MEDIUM,Every 30 Days,30,SMS / Soft Reminder
57,retired,divorced,primary,yes,0,no,yes,cellular,24,jul,125,2,-1,0,unknown,no,C01853,Middle Money,49250.0,24625.0,15,12312.0,7388.0,17237.0,10,Regular,Medium,40.7,20.35,MEDIUM,Every 30 Days,30,SMS / Soft Reminder
35,management,single,tertiary,no,471,no,no,cellular,5,jun,276,2,-1,0,unknown,yes,C01854,Middle Money,43788.0,21894.0,15,10947.0,6568.0,15326.0,10,No Active Loan,Medium,40.7,20.47,MEDIUM,Every 30 Days,30,SMS / Soft Reminder
31,technician,single,secondary,no,846,no,no,cellular,26,may,405,3,205,2,failure,yes,C01855,Middle Money,42818.0,21409.0,15,10704.0,6423.0,14986.0,10,No Active Loan,Medium,40.7,20.56,MEDIUM,Every 30 Days,30,SMS / Soft Reminder
41,management,single,tertiary,no,1253,no,no,cellular,21,jul,1134,5,-1,0,unknown,yes,C01856,Middle Money,45350.0,22675.0,15,11338.0,6802.0,15873.0,10,No Active Loan,Medium,40.7,20.66,MEDIUM,Every 30 Days,30,SMS / Soft Reminder
53,technician,married,secondary,no,10185,no,no,cellular,23,mar,115,1,-1,0,unknown,yes,C01857,Middle Money,49065.0,24532.0,15,12266.0,7360.0,17173.0,10,No Active Loan,Medium,40.7,22.86,MEDIUM,Every 30 Days,30,SMS / Soft Reminder
37,management,married,tertiary,no,3737,no,no,cellular,7,jul,224,1,-1,0,unknown,yes,C01858,Middle Money,44549.0,22274.0,15,11137.0,6682.0,15593.0,10,No Active Loan,Medium,40.7,21.27,MEDIUM,Every 30 Days,30,SMS / Soft Reminder
33,admin.,single,secondary,no,1277,yes,no,cellular,18,may,827,1,-1,0,unknown,yes,C01859,Middle Money,43352.0,21676.0,15,10838.0,6503.0,15173.0,10,No Active Loan,Medium,40.7,20.66,MEDIUM,Every 30 Days,30,SMS / Soft Reminder
25,admin.,single,tertiary,no,220,no,no,cellular,26,may,68,1,-1,0,unknown,no,C01860,Middle Money,41268.0,20634.0,15,10317.0,6190.0,14444.0,10,No Active Loan,Medium,40.7,20.4,MEDIUM,Every 30 Days,30,SMS / Soft Reminder
46,technician,single,secondary,no,834,yes,no,cellular,11,jul,196,2,-1,0,unknown,no,C01861,Middle Money,46567.0,23284.0,15,11642.0,6985.0,16298.0,10,No Active Loan,Medium,40.7,20.56,MEDIUM,Every 30 Days,30,SMS / Soft Reminder
36,blue-collar,married,primary,no,-20,yes,no,unknown,7,may,353,3,-1,0,unknown,no,C01862,Middle Money,44000.0,22000.0,15,11000.0,6600.0,15400.0,10,No Active Loan,Medium,40.7,20.35,MEDIUM,Every 30 Days,30,SMS / Soft Reminder
55,housemaid,married,secondary,no,962,yes,no,cellular,28,apr,623,1,181,3,success,yes,C01863,Middle Money,48827.0,24414.0,15,12207.0,7324.0,17089.0,10,No Active Loan,Medium,40.7,20.59,MEDIUM,Every 30 Days,30,SMS / Soft Reminder
35,entrepreneur,married,secondary,no,1163,yes,no,unknown,20,may,284,1,-1,0,unknown,no,C01864,Middle Money,43843.0,21922.0,15,10961.0,6576.0,15345.0,10,No Active Loan,Medium,40.7,20.64,MEDIUM,Every 30 Days,30,SMS / Soft Reminder
37,blue-collar,married,secondary,no,4321,no,no,cellular,5,jun,657,1,-1,0,unknown,yes,C01865,Middle Money,44596.0,22298.0,15,11149.0,6689.0,15609.0,10,No Active Loan,Medium,40.7,21.41,MEDIUM,Every 30 Days,30,SMS / Soft Reminder
38,blue-collar,single,secondary,no,2580,yes,no,cellular,8,apr,1691,2,264,3,failure,yes,C01866,Middle Money,44706.0,22353.0,15,11176.0,6706.0,15647.0,10,No Active Loan,Medium,40.7,20.99,MEDIUM,Every 30 Days,30,SMS / Soft Reminder
55,unemployed,married,secondary,no,-246,no,yes,cellular,8,jul,305,2,-1,0,unknown,no,C01867,Middle Money,48750.0,24375.0,15,12188.0,7312.0,17063.0,10,Regular,Medium,40.7,20.35,MEDIUM,Every 30 Days,30,SMS / Soft Reminder
31,technician,single,tertiary,no,882,no,no,cellular,4,sep,293,1,93,1,success,yes,C01868,Middle Money,42821.0,21410.0,15,10705.0,6423.0,14988.0,10,No Active Loan,Medium,40.7,20.57,MEDIUM,Every 30 Days,30,SMS / Soft Reminder
31,unemployed,married,tertiary,no,330,no,no,cellular,13,jul,309,1,181,3,success,yes,C01869,Middle Money,42776.0,21388.0,15,10694.0,6416.0,14972.0,10,No Active Loan,Medium,40.7,20.43,MEDIUM,Every 30 Days,30,SMS / Soft Reminder
26,admin.,married,secondary,no,2469,no,no,cellular,16,jul,136,8,-1,0,unknown,no,C01870,Middle Money,41698.0,20849.0,24,10424.0,6255.0,14594.0,17,No Active Loan,Medium,44.16,22.69,MEDIUM,Every 30 Days,30,SMS / Soft Reminder
28,management,single,tertiary,no,6551,no,no,cellular,23,sep,203,1,-1,0,unknown,yes,C01871,Middle Money,42524.0,21262.0,15,10631.0,6379.0,14883.0,10,No Active Loan,Medium,40.7,21.96,MEDIUM,Every 30 Days,30,SMS / Soft Reminder
49,entrepreneur,married,secondary,no,687,no,no,cellular,18,aug,65,6,-1,0,unknown,no,C01872,Middle Money,47305.0,23652.0,18,11826.0,7096.0,16557.0,13,No Active Loan,Medium,42.89,21.61,MEDIUM,Every 30 Days,30,SMS / Soft Reminder
42,entrepreneur,married,tertiary,no,5345,no,no,unknown,11,jun,878,3,-1,0,unknown,yes,C01873,Middle Money,45928.0,22964.0,15,11482.0,6889.0,16075.0,10,No Active Loan,Medium,40.7,21.67,MEDIUM,Every 30 Days,30,SMS / Soft Reminder
31,management,divorced,tertiary,no,1145,yes,no,unknown,26,may,1272,4,-1,0,unknown,yes,C01874,Middle Money,42842.0,21421.0,15,10710.0,6426.0,14995.0,10,No Active Loan,Medium,40.7,20.63,MEDIUM,Every 30 Days,30,SMS / Soft Reminder
49,admin.,married,tertiary,no,6574,no,no,cellular,8,jun,138,3,-1,0,unknown,yes,C01875,Middle Money,47776.0,23888.0,15,11944.0,7166.0,16722.0,10,No Active Loan,Medium,40.7,21.97,MEDIUM,Every 30 Days,30,SMS / Soft Reminder
36,technician,married,secondary,no,-179,yes,no,cellular,17,jul,144,1,-1,0,unknown,no,C01876,Middle Money,44000.0,22000.0,15,11000.0,6600.0,15400.0,10,No Active Loan,Medium,40.7,20.35,MEDIUM,Every 30 Days,30,SMS / Soft Reminder
34,admin.,married,secondary,no,247,no,no,cellular,8,oct,401,2,-1,0,unknown,yes,C01877,Middle Money,43520.0,21760.0,15,10880.0,6528.0,15232.0,10,No Active Loan,Medium,40.7,20.41,MEDIUM,Every 30 Days,30,SMS / Soft Reminder
26,blue-collar,single,secondary,no,-84,yes,yes,cellular,29,jul,63,5,-1,0,unknown,no,C01878,Middle Money,41500.0,20750.0,15,10375.0,6225.0,14525.0,10,Regular,Medium,40.7,20.35,MEDIUM,Every 30 Days,30,SMS / Soft Reminder
34,self-employed,single,secondary,no,1261,yes,no,cellular,9,apr,169,2,-1,0,unknown,no,C01879,Middle Money,43601.0,21800.0,15,10900.0,6540.0,15261.0,10,No Active Loan,Medium,40.7,20.66,MEDIUM,Every 30 Days,30,SMS / Soft Reminder
30,management,married,tertiary,no,-328,yes,no,unknown,14,may,242,5,-1,0,unknown,no,C01880,Middle Money,42500.0,21250.0,15,10625.0,6375.0,14875.0,10,No Active Loan,Medium,40.7,20.35,MEDIUM,Every 30 Days,30,SMS / Soft Reminder
25,services,single,secondary,no,111,no,yes,cellular,7,jul,316,1,-1,0,unknown,no,C01881,Middle Money,41259.0,20630.0,15,10315.0,6189.0,14440.0,10,Regular,Medium,40.7,20.38,MEDIUM,Every 30 Days,30,SMS / Soft Reminder
52,retired,divorced,primary,no,353,no,no,cellular,31,jul,395,4,-1,0,unknown,no,C01882,Middle Money,48028.0,24014.0,15,12007.0,7204.0,16810.0,10,No Active Loan,Medium,40.7,20.44,MEDIUM,Every 30 Days,30,SMS / Soft Reminder
41,housemaid,divorced,primary,no,22,yes,no,cellular,18,nov,238,3,126,4,other,no,C01883,Middle Money,45252.0,22626.0,15,11313.0,6788.0,15838.0,10,No Active Loan,Medium,40.7,20.36,MEDIUM,Every 30 Days,30,SMS / Soft Reminder
49,blue-collar,married,primary,no,408,no,no,cellular,12,aug,559,4,-1,0,unknown,yes,C01884,Middle Money,47283.0,23642.0,15,11821.0,7092.0,16549.0,10,No Active Loan,Medium,40.7,20.45,MEDIUM,Every 30 Days,30,SMS / Soft Reminder
32,blue-collar,single,secondary,no,217,yes,no,cellular,15,may,692,3,-1,0,unknown,yes,C01885,Middle Money,43017.0,21508.0,15,10754.0,6453.0,15056.0,10,No Active Loan,Medium,40.7,20.4,MEDIUM,Every 30 Days,30,SMS / Soft Reminder
52,management,married,tertiary,no,291,no,no,cellular,21,aug,150,3,-1,0,unknown,no,C01886,Middle Money,48023.0,24012.0,15,12006.0,7203.0,16808.0,10,No Active Loan,Medium,40.7,20.42,MEDIUM,Every 30 Days,30,SMS / Soft Reminder
37,management,married,tertiary,no,57,no,no,cellular,30,apr,96,2,84,1,success,no,C01887,Middle Money,44255.0,22128.0,15,11064.0,6638.0,15489.0,10,No Active Loan,Medium,40.7,20.36,MEDIUM,Every 30 Days,30,SMS / Soft Reminder
32,services,single,secondary,no,486,no,no,cellular,29,jan,1181,1,-1,0,unknown,yes,C01888,Middle Money,43039.0,21520.0,15,10760.0,6456.0,15063.0,10,No Active Loan,Medium,40.7,20.47,MEDIUM,Every 30 Days,30,SMS / Soft Reminder
28,technician,single,secondary,no,113,no,no,cellular,13,aug,204,3,105,1,failure,yes,C01889,Middle Money,42009.0,21004.0,15,10502.0,6301.0,14704.0,10,No Active Loan,Medium,40.7,20.38,MEDIUM,Every 30 Days,30,SMS / Soft Reminder
32,technician,single,tertiary,no,514,yes,yes,cellular,7,may,138,1,168,1,failure,no,C01890,Middle Money,43041.0,21520.0,15,10760.0,6456.0,15065.0,10,Regular,Medium,40.7,20.48,MEDIUM,Every 30 Days,30,SMS / Soft Reminder
28,blue-collar,single,secondary,no,322,no,no,telephone,11,sep,240,2,95,3,other,yes,C01891,Middle Money,42026.0,21013.0,15,10506.0,6304.0,14709.0,10,No Active Loan,Medium,40.7,20.43,MEDIUM,Every 30 Days,30,SMS / Soft Reminder
45,technician,married,secondary,no,999,yes,no,unknown,16,may,656,2,-1,0,unknown,no,C01892,Middle Money,46330.0,23165.0,15,11582.0,6950.0,16215.0,10,No Active Loan,Medium,40.7,20.6,MEDIUM,Every 30 Days,30,SMS / Soft Reminder
36,management,single,tertiary,no,0,no,yes,cellular,18,nov,300,1,96,4,failure,no,C01893,Middle Money,44000.0,22000.0,15,11000.0,6600.0,15400.0,10,Regular,Medium,40.7,20.35,MEDIUM,Every 30 Days,30,SMS / Soft Reminder
27,blue-collar,single,secondary,no,2486,yes,no,unknown,29,may,733,1,-1,0,unknown,yes,C01894,Middle Money,41949.0,20974.0,15,10487.0,6292.0,14683.0,10,No Active Loan,Medium,40.7,20.96,MEDIUM,Every 30 Days,30,SMS / Soft Reminder
50,blue-collar,married,primary,no,565,yes,yes,cellular,28,aug,36,3,-1,0,unknown,no,C01895,Middle Money,47545.0,23772.0,15,11886.0,7132.0,16641.0,10,Regular,Medium,40.7,20.49,MEDIUM,Every 30 Days,30,SMS / Soft Reminder
57,technician,divorced,secondary,no,3043,no,no,cellular,14,aug,707,2,-1,0,unknown,yes,C01896,Middle Money,49493.0,24746.0,15,12373.0,7424.0,17323.0,10,No Active Loan,Medium,40.7,21.1,MEDIUM,Every 30 Days,30,SMS / Soft Reminder
42,blue-collar,married,secondary,no,1468,yes,no,unknown,28,may,136,1,-1,0,unknown,no,C01897,Middle Money,45617.0,22808.0,15,11404.0,6843.0,15966.0,10,No Active Loan,Medium,40.7,20.71,MEDIUM,Every 30 Days,30,SMS / Soft Reminder
38,self-employed,married,secondary,no,746,no,no,unknown,20,jun,256,3,-1,0,unknown,no,C01898,Middle Money,44560.0,22280.0,15,11140.0,6684.0,15596.0,10,No Active Loan,Medium,40.7,20.53,MEDIUM,Every 30 Days,30,SMS / Soft Reminder
67,retired,married,unknown,no,2540,no,no,telephone,14,jun,278,5,116,4,other,yes,C01899,Middle Money,51953.0,25976.0,19,12988.0,7793.0,18184.0,13,No Active Loan,Medium,42.21,21.73,MEDIUM,Every 30 Days,30,SMS / Soft Reminder
47,services,married,secondary,no,2597,yes,no,unknown,16,may,323,1,-1,0,unknown,no,C01900,Middle Money,46958.0,23479.0,15,11740.0,7044.0,16435.0,10,No Active Loan,Medium,40.7,20.99,MEDIUM,Every 30 Days,30,SMS / Soft Reminder
50,management,married,tertiary,no,414,yes,no,cellular,3,apr,707,1,302,3,failure,yes,C01901,High Money,135062.0,81037.0,30,54025.0,20259.0,33766.0,21,No Active Loan,High,51.56,25.88,HIGH,Every 7 Days,7,Priority Offer / Call
61,retired,married,secondary,no,1058,no,no,cellular,27,jul,218,2,91,3,success,yes,C01902,High Money,142859.0,85715.0,30,57144.0,21429.0,35715.0,21,No Active Loan,High,51.56,26.04,HIGH,Every 7 Days,7,Priority Offer / Call
34,blue-collar,married,primary,no,5299,yes,no,unknown,26,jun,75,5,-1,0,unknown,no,C01903,High Money,124595.0,74757.0,30,49838.0,18689.0,31149.0,21,No Active Loan,High,51.56,27.09,HIGH,Every 7 Days,7,Priority Offer / Call
38,admin.,single,secondary,no,2600,yes,no,cellular,19,nov,67,1,-1,0,unknown,no,C01904,High Money,126990.0,76194.0,30,50796.0,19048.0,31748.0,21,No Active Loan,High,51.56,26.42,HIGH,Every 7 Days,7,Priority Offer / Call
30,services,single,secondary,no,438,yes,no,cellular,18,may,98,1,178,1,failure,no,C01905,High Money,121066.0,72640.0,30,48426.0,18160.0,30266.0,21,No Active Loan,High,51.56,25.89,HIGH,Every 7 Days,7,Priority Offer / Call
29,management,single,tertiary,no,1026,no,no,cellular,12,feb,138,2,92,2,success,yes,C01906,High Money,120454.0,72272.0,30,48182.0,18068.0,30114.0,21,No Active Loan,High,51.56,26.03,HIGH,Every 7 Days,7,Priority Offer / Call
50,management,divorced,tertiary,no,810,no,no,cellular,4,jun,510,3,-1,0,unknown,yes,C01907,High Money,135122.0,81073.0,30,54049.0,20268.0,33781.0,21,No Active Loan,High,51.56,25.98,HIGH,Every 7 Days,7,Priority Offer / Call
28,blue-collar,single,primary,no,-30,yes,no,cellular,31,jul,108,5,-1,0,unknown,no,C01908,High Money,119600.0,71760.0,30,47840.0,17940.0,29900.0,21,No Active Loan,High,51.56,25.78,HIGH,Every 7 Days,7,Priority Offer / Call
34,admin.,married,secondary,no,0,yes,no,cellular,9,feb,30,4,-1,0,unknown,no,C01909,High Money,123800.0,74280.0,30,49520.0,18570.0,30950.0,21,No Active Loan,High,51.56,25.78,HIGH,Every 7 Days,7,Priority Offer / Call
36,management,married,tertiary,no,396,no,no,cellular,13,aug,67,5,-1,0,unknown,no,C01910,High Money,125259.0,75155.0,30,50104.0,18789.0,31315.0,21,No Active Loan,High,51.56,25.88,HIGH,Every 7 Days,7,Priority Offer / Call
33,management,married,tertiary,no,32,no,no,cellular,29,aug,27,7,-1,0,unknown,no,C01911,High Money,123105.0,73863.0,30,49242.0,18466.0,30776.0,21,No Active Loan,High,51.56,25.79,HIGH,Every 7 Days,7,Priority Offer / Call
30,unemployed,single,tertiary,no,302,no,no,cellular,11,feb,528,3,-1,0,unknown,yes,C01912,High Money,121045.0,72627.0,30,48418.0,18157.0,30261.0,21,No Active Loan,High,51.56,25.85,HIGH,Every 7 Days,7,Priority Offer / Call
31,student,married,primary,no,46,yes,no,cellular,10,jul,487,1,-1,0,unknown,yes,C01913,High Money,121707.0,73024.0,30,48683.0,18256.0,30427.0,21,No Active Loan,High,51.56,25.79,HIGH,Every 7 Days,7,Priority Offer / Call
30,blue-collar,single,secondary,no,0,yes,no,cellular,14,jul,768,2,-1,0,unknown,no,C01914,High Money,121000.0,72600.0,30,48400.0,18150.0,30250.0,21,No Active Loan,High,51.56,25.78,HIGH,Every 7 Days,7,Priority Offer / Call
63,management,married,unknown,no,2352,no,no,telephone,4,may,475,7,-1,0,unknown,yes,C01915,High Money,144453.0,86672.0,30,57781.0,21668.0,36113.0,21,No Active Loan,High,51.56,26.36,HIGH,Every 7 Days,7,Priority Offer / Call
59,admin.,married,secondary,no,2343,yes,no,unknown,5,may,1042,1,-1,0,unknown,yes,C01916,High Money,141651.0,84991.0,30,56660.0,21248.0,35412.0,21,No Active Loan,High,51.56,26.36,HIGH,Every 7 Days,7,Priority Offer / Call
81,retired,divorced,secondary,no,452,no,no,telephone,16,dec,443,1,-1,0,unknown,yes,C01917,High Money,156768.0,94061.0,30,62707.0,23515.0,39192.0,21,No Active Loan,High,51.56,25.89,HIGH,Every 7 Days,7,Priority Offer / Call
43,management,married,unknown,no,5172,yes,no,unknown,29,may,57,3,-1,0,unknown,no,C01918,High Money,130876.0,78526.0,30,52350.0,19631.0,32719.0,21,No Active Loan,High,51.56,27.05,HIGH,Every 7 Days,7,Priority Offer / Call
26,technician,single,tertiary,no,-67,yes,no,cellular,15,may,637,1,-1,0,unknown,yes,C01919,High Money,118200.0,70920.0,30,47280.0,17730.0,29550.0,21,No Active Loan,High,51.56,25.78,HIGH,Every 7 Days,7,Priority Offer / Call
33,admin.,single,secondary,no,607,no,no,cellular,27,feb,110,2,-1,0,unknown,yes,C01920,High Money,123191.0,73915.0,30,49276.0,18479.0,30797.0,21,No Active Loan,High,51.56,25.93,HIGH,Every 7 Days,7,Priority Offer / Call
30,management,single,tertiary,no,1675,no,no,cellular,4,sep,181,1,-1,0,unknown,no,C01921,High Money,121251.0,72751.0,30,48500.0,18188.0,30312.0,21,No Active Loan,High,51.56,26.19,HIGH,Every 7 Days,7,Priority Offer / Call
40,blue-collar,married,secondary,no,1009,yes,yes,unknown,20,jun,1036,5,-1,0,unknown,yes,C01922,High Money,128151.0,76891.0,30,51260.0,19223.0,32037.0,21,Regular,High,51.56,26.03,HIGH,Every 7 Days,7,Priority Offer / Call
35,technician,married,tertiary,no,108,yes,no,cellular,31,jul,65,3,-1,0,unknown,no,C01923,High Money,124516.0,74710.0,30,49806.0,18677.0,31129.0,21,No Active Loan,High,51.56,25.81,HIGH,Every 7 Days,7,Priority Offer / Call
50,retired,married,secondary,no,8648,no,no,cellular,12,may,731,3,176,1,failure,yes,C01924,High Money,136297.0,81778.0,30,54519.0,20445.0,34074.0,21,No Active Loan,High,51.56,27.91,HIGH,Every 7 Days,7,Priority Offer / Call
41,management,divorced,tertiary,no,647,yes,no,unknown,16,may,270,1,-1,0,unknown,no,C01925,High Money,128797.0,77278.0,30,51519.0,19320.0,32199.0,21,No Active Loan,High,51.56,25.94,HIGH,Every 7 Days,7,Priority Offer / Call
35,services,married,secondary,no,1279,yes,no,unknown,16,jun,114,5,-1,0,unknown,no,C01926,High Money,124692.0,74815.0,30,49877.0,18704.0,31173.0,21,No Active Loan,High,51.56,26.1,HIGH,Every 7 Days,7,Priority Offer / Call
36,admin.,married,tertiary,no,29,no,no,cellular,12,aug,576,1,-1,0,unknown,yes,C01927,High Money,125204.0,75122.0,30,50082.0,18781.0,31301.0,21,No Active Loan,High,51.56,25.79,HIGH,Every 7 Days,7,Priority Offer / Call
57,technician,married,secondary,no,295,no,no,cellular,19,aug,151,11,-1,0,unknown,no,C01928,High Money,139944.0,83966.0,33,55978.0,20992.0,34986.0,23,No Active Loan,High,52.3,26.22,HIGH,Every 7 Days,7,Priority Offer / Call
32,technician,single,tertiary,no,127,yes,no,cellular,27,aug,20,17,-1,0,unknown,no,C01929,High Money,122419.0,73451.0,51,48968.0,18363.0,30605.0,36,No Active Loan,High,57.36,28.71,HIGH,Every 7 Days,7,Priority Offer / Call
38,management,single,tertiary,no,3141,no,no,cellular,9,nov,347,4,189,2,success,yes,C01930,High Money,127071.0,76243.0,30,50828.0,19061.0,31767.0,21,No Active Loan,High,51.56,26.55,HIGH,Every 7 Days,7,Priority Offer / Call
64,management,married,unknown,no,2352,no,no,cellular,4,may,153,2,182,11,success,yes,C01931,High Money,145153.0,87092.0,30,58061.0,21773.0,36288.0,21,No Active Loan,High,51.56,26.36,HIGH,Every 7 Days,7,Priority Offer / Call
27,admin.,married,tertiary,no,2855,no,no,cellular,25,jan,240,1,301,3,failure,yes,C01932,High Money,119328.0,71597.0,30,47731.0,17899.0,29832.0,21,No Active Loan,High,51.56,26.48,HIGH,Every 7 Days,7,Priority Offer / Call
38,management,married,tertiary,no,595,yes,no,cellular,18,nov,70,1,-1,0,unknown,no,C01933,High Money,126689.0,76013.0,30,50676.0,19003.0,31673.0,21,No Active Loan,High,51.56,25.93,HIGH,Every 7 Days,7,Priority Offer / Call
37,technician,married,secondary,no,3720,yes,no,cellular,28,jan,561,1,-1,0,unknown,no,C01934,High Money,126458.0,75875.0,30,50583.0,18969.0,31614.0,21,No Active Loan,High,51.56,26.7,HIGH,Every 7 Days,7,Priority Offer / Call
33,management,married,tertiary,no,1808,yes,no,unknown,4,jun,99,4,-1,0,unknown,no,C01935,High Money,123371.0,74023.0,30,49348.0,18506.0,30842.0,21,No Active Loan,High,51.56,26.23,HIGH,Every 7 Days,7,Priority Offer / Call
56,retired,married,secondary,no,0,no,no,cellular,26,jan,413,2,-1,0,unknown,no,C01936,High Money,139200.0,83520.0,30,55680.0,20880.0,34800.0,21,No Active Loan,High,51.56,25.78,HIGH,Every 7 Days,7,Priority Offer / Call
40,admin.,single,secondary,no,877,yes,no,cellular,21,nov,12,3,177,6,failure,no,C01937,High Money,128132.0,76879.0,30,51253.0,19220.0,32033.0,21,No Active Loan,High,51.56,26.0,HIGH,Every 7 Days,7,Priority Offer / Call
59,technician,married,secondary,no,259,no,no,cellular,15,jun,415,1,89,1,success,yes,C01938,High Money,141339.0,84803.0,30,56536.0,21201.0,35335.0,21,No Active Loan,High,51.56,25.84,HIGH,Every 7 Days,7,Priority Offer / Call
30,admin.,married,secondary,no,46,yes,no,unknown,6,may,114,2,-1,0,unknown,no,C01939,High Money,121007.0,72604.0,30,48403.0,18151.0,30252.0,21,No Active Loan,High,51.56,25.79,HIGH,Every 7 Days,7,Priority Offer / Call
31,technician,married,secondary,no,0,yes,yes,cellular,28,jan,71,1,223,9,other,no,C01940,High Money,121700.0,73020.0,30,48680.0,18255.0,30425.0,21,Regular,High,51.56,25.78,HIGH,Every 7 Days,7,Priority Offer / Call
52,management,married,tertiary,no,-970,yes,no,cellular,4,feb,489,1,-1,0,unknown,yes,C01941,High Money,136400.0,81840.0,30,54560.0,20460.0,34100.0,21,No Active Loan,High,51.56,25.78,HIGH,Every 7 Days,7,Priority Offer / Call
51,housemaid,married,primary,no,108,no,no,unknown,16,jun,278,2,-1,0,unknown,no,C01942,High Money,135716.0,81430.0,30,54286.0,20357.0,33929.0,21,No Active Loan,High,51.56,25.81,HIGH,Every 7 Days,7,Priority Offer / Call
24,admin.,married,secondary,no,541,yes,no,unknown,5,jun,622,4,-1,0,unknown,no,C01943,High Money,116881.0,70129.0,30,46752.0,17532.0,29220.0,21,No Active Loan,High,51.56,25.91,HIGH,Every 7 Days,7,Priority Offer / Call
37,admin.,married,secondary,no,0,yes,no,cellular,9,dec,179,1,190,1,success,yes,C01944,High Money,125900.0,75540.0,30,50360.0,18885.0,31475.0,21,No Active Loan,High,51.56,25.78,HIGH,Every 7 Days,7,Priority Offer / Call
41,management,divorced,tertiary,no,236,no,no,cellular,3,feb,159,2,-1,0,unknown,no,C01945,High Money,128735.0,77241.0,30,51494.0,19310.0,32184.0,21,No Active Loan,High,51.56,25.84,HIGH,Every 7 Days,7,Priority Offer / Call
40,blue-collar,married,secondary,no,1023,yes,no,cellular,13,may,64,5,336,11,other,no,C01946,High Money,128153.0,76892.0,30,51261.0,19223.0,32038.0,21,No Active Loan,High,51.56,26.03,HIGH,Every 7 Days,7,Priority Offer / Call
38,blue-collar,married,secondary,no,67,no,no,cellular,28,jan,74,1,239,2,failure,no,C01947,High Money,126610.0,75966.0,30,50644.0,18992.0,31652.0,21,No Active Loan,High,51.56,25.8,HIGH,Every 7 Days,7,Priority Offer / Call
46,management,married,secondary,no,10,yes,no,cellular,29,jul,122,7,-1,0,unknown,no,C01948,High Money,132202.0,79321.0,30,52881.0,19830.0,33051.0,21,No Active Loan,High,51.56,25.78,HIGH,Every 7 Days,7,Priority Offer / Call
29,self-employed,single,tertiary,no,814,no,no,unknown,13,aug,461,1,-1,0,unknown,yes,C01949,High Money,120422.0,72253.0,30,48169.0,18063.0,30106.0,21,No Active Loan,High,51.56,25.98,HIGH,Every 7 Days,7,Priority Offer / Call
41,technician,married,secondary,no,965,no,no,cellular,22,aug,336,10,-1,0,unknown,yes,C01950,High Money,128845.0,77307.0,30,51538.0,19327.0,32211.0,21,No Active Loan,High,51.56,26.02,HIGH,Every 7 Days,7,Priority Offer / Call
62,retired,married,secondary,no,2801,yes,yes,cellular,9,sep,261,1,183,1,success,yes,C01951,High Money,143820.0,86292.0,30,57528.0,21573.0,35955.0,21,Regular,High,51.56,26.47,HIGH,Every 7 Days,7,Priority Offer / Call
57,technician,married,tertiary,no,6822,no,no,cellular,7,aug,797,2,-1,0,unknown,yes,C01952,High Money,140923.0,84554.0,30,56369.0,21138.0,35231.0,21,No Active Loan,High,51.56,27.46,HIGH,Every 7 Days,7,Priority Offer / Call
35,technician,married,tertiary,no,703,no,no,cellular,20,apr,169,1,-1,0,unknown,no,C01953,High Money,124605.0,74763.0,30,49842.0,18691.0,31151.0,21,No Active Loan,High,51.56,25.95,HIGH,Every 7 Days,7,Priority Offer / Call
43,unemployed,married,secondary,no,775,no,no,cellular,14,aug,98,1,106,1,failure,no,C01954,High Money,130216.0,78130.0,30,52086.0,19532.0,32554.0,21,No Active Loan,High,51.56,25.97,HIGH,Every 7 Days,7,Priority Offer / Call
35,blue-collar,single,secondary,no,3623,no,no,telephone,30,oct,160,1,-1,0,unknown,yes,C01955,High Money,125043.0,75026.0,30,50017.0,18756.0,31261.0,21,No Active Loan,High,51.56,26.67,HIGH,Every 7 Days,7,Priority Offer / Call
30,management,single,tertiary,no,3340,no,no,cellular,3,jun,238,3,-1,0,unknown,yes,C01956,High Money,121501.0,72901.0,30,48600.0,18225.0,30375.0,21,No Active Loan,High,51.56,26.6,HIGH,Every 7 Days,7,Priority Offer / Call
38,technician,married,secondary,no,2767,yes,no,cellular,21,nov,711,2,-1,0,unknown,no,C01957,High Money,127015.0,76209.0,30,50806.0,19052.0,31754.0,21,No Active Loan,High,51.56,26.46,HIGH,Every 7 Days,7,Priority Offer / Call
75,retired,married,primary,no,2970,no,no,cellular,12,aug,641,1,-1,0,unknown,yes,C01958,High Money,152946.0,91768.0,30,61178.0,22942.0,38236.0,21,No Active Loan,High,51.56,26.51,HIGH,Every 7 Days,7,Priority Offer / Call
38,services,married,secondary,no,507,yes,no,cellular,17,apr,55,1,344,1,failure,no,C01959,High Money,126676.0,76006.0,30,50670.0,19001.0,31669.0,21,No Active Loan,High,51.56,25.9,HIGH,Every 7 Days,7,Priority Offer / Call
76,management,married,unknown,no,1780,yes,no,telephone,23,apr,413,3,-1,0,unknown,yes,C01960,High Money,153467.0,92080.0,30,61387.0,23020.0,38367.0,21,No Active Loan,High,51.56,26.22,HIGH,Every 7 Days,7,Priority Offer / Call
86,retired,single,secondary,no,614,no,no,telephone,9,dec,595,1,-1,0,unknown,yes,C01961,High Money,160292.0,96175.0,30,64117.0,24044.0,40073.0,21,No Active Loan,High,51.56,25.93,HIGH,Every 7 Days,7,Priority Offer / Call
43,services,divorced,secondary,no,313,yes,no,cellular,8,may,155,2,-1,0,unknown,no,C01962,High Money,130147.0,78088.0,30,52059.0,19522.0,32537.0,21,No Active Loan,High,51.56,25.86,HIGH,Every 7 Days,7,Priority Offer / Call
19,student,single,secondary,no,372,no,no,telephone,8,jul,444,3,-1,0,unknown,yes,C01963,High Money,113356.0,68014.0,30,45342.0,17003.0,28339.0,21,No Active Loan,High,51.56,25.87,HIGH,Every 7 Days,7,Priority Offer / Call
42,services,married,tertiary,no,12223,yes,no,cellular,19,nov,36,1,-1,0,unknown,no,C01964,High Money,131233.0,78740.0,30,52493.0,19685.0,32808.0,21,No Active Loan,High,51.56,28.79,HIGH,Every 7 Days,7,Priority Offer / Call
33,unemployed,married,secondary,no,1211,no,no,cellular,7,aug,456,1,-1,0,unknown,yes,C01965,High Money,123282.0,73969.0,30,49313.0,18492.0,30821.0,21,No Active Loan,High,51.56,26.08,HIGH,Every 7 Days,7,Priority Offer / Call
41,management,married,tertiary,no,3872,no,no,cellular,15,oct,231,1,-1,0,unknown,no,C01966,High Money,129281.0,77569.0,30,51712.0,19392.0,32320.0,21,No Active Loan,High,51.56,26.73,HIGH,Every 7 Days,7,Priority Offer / Call
59,admin.,single,secondary,no,2166,yes,yes,cellular,7,may,574,1,-1,0,unknown,yes,C01967,High Money,141625.0,84975.0,30,56650.0,21244.0,35406.0,21,Regular,High,51.56,26.31,HIGH,Every 7 Days,7,Priority Offer / Call
44,technician,married,secondary,no,7863,no,no,cellular,26,aug,59,6,-1,0,unknown,no,C01968,High Money,131979.0,79187.0,30,52792.0,19797.0,32995.0,21,No Active Loan,High,51.56,27.72,HIGH,Every 7 Days,7,Priority Offer / Call
62,housemaid,married,tertiary,no,1528,no,no,cellular,15,oct,134,2,184,1,success,yes,C01969,High Money,143629.0,86177.0,30,57452.0,21544.0,35908.0,21,No Active Loan,High,51.56,26.16,HIGH,Every 7 Days,7,Priority Offer / Call
35,management,married,tertiary,no,867,yes,no,cellular,20,nov,298,2,171,3,success,no,C01970,High Money,124630.0,74778.0,30,49852.0,18694.0,31158.0,21,No Active Loan,High,51.56,25.99,HIGH,Every 7 Days,7,Priority Offer / Call
43,management,married,secondary,no,107,yes,yes,telephone,28,oct,135,1,-1,0,unknown,yes,C01971,High Money,130116.0,78070.0,30,52046.0,19517.0,32529.0,21,Regular,High,51.56,25.81,HIGH,Every 7 Days,7,Priority Offer / Call
48,services,divorced,secondary,no,-361,yes,no,cellular,12,may,1062,3,349,3,other,yes,C01972,High Money,133600.0,80160.0,30,53440.0,20040.0,33400.0,21,No Active Loan,High,51.56,25.78,HIGH,Every 7 Days,7,Priority Offer / Call
48,entrepreneur,married,secondary,no,4037,no,no,unknown,6,jun,23,1,-1,0,unknown,no,C01973,High Money,134206.0,80524.0,30,53682.0,20131.0,33551.0,21,No Active Loan,High,51.56,26.77,HIGH,Every 7 Days,7,Priority Offer / Call
33,blue-collar,married,primary,no,0,no,no,cellular,8,may,174,1,-1,0,unknown,no,C01974,High Money,123100.0,73860.0,30,49240.0,18465.0,30775.0,21,No Active Loan,High,51.56,25.78,HIGH,Every 7 Days,7,Priority Offer / Call
46,services,divorced,secondary,no,5,yes,yes,cellular,29,jan,305,2,-1,0,unknown,no,C01975,High Money,132201.0,79321.0,30,52880.0,19830.0,33050.0,21,Regular,High,51.56,25.78,HIGH,Every 7 Days,7,Priority Offer / Call
36,services,married,secondary,no,0,no,no,cellular,30,jul,843,2,-1,0,unknown,yes,C01976,High Money,125200.0,75120.0,30,50080.0,18780.0,31300.0,21,No Active Loan,High,51.56,25.78,HIGH,Every 7 Days,7,Priority Offer / Call
38,admin.,single,unknown,no,446,yes,no,unknown,13,may,386,1,-1,0,unknown,no,C01977,High Money,126667.0,76000.0,30,50667.0,19000.0,31667.0,21,No Active Loan,High,51.56,25.89,HIGH,Every 7 Days,7,Priority Offer / Call
50,management,married,tertiary,no,1612,no,no,cellular,15,jun,532,2,98,2,other,yes,C01978,High Money,135242.0,81145.0,30,54097.0,20286.0,33811.0,21,No Active Loan,High,51.56,26.18,HIGH,Every 7 Days,7,Priority Offer / Call
49,blue-collar,married,primary,no,1032,yes,no,unknown,2,jun,41,5,-1,0,unknown,no,C01979,High Money,134455.0,80673.0,30,53782.0,20168.0,33614.0,21,No Active Loan,High,51.56,26.03,HIGH,Every 7 Days,7,Priority Offer / Call
57,technician,married,secondary,no,589,yes,no,cellular,28,jan,198,1,244,1,other,no,C01980,High Money,139988.0,83993.0,30,55995.0,20998.0,34997.0,21,No Active Loan,High,51.56,25.93,HIGH,Every 7 Days,7,Priority Offer / Call
30,services,single,secondary,no,-114,yes,no,cellular,21,jul,396,2,-1,0,unknown,no,C01981,High Money,121000.0,72600.0,30,48400.0,18150.0,30250.0,21,No Active Loan,High,51.56,25.78,HIGH,Every 7 Days,7,Priority Offer / Call
43,management,married,tertiary,no,2383,no,no,cellular,13,aug,379,6,-1,0,unknown,yes,C01982,High Money,130457.0,78274.0,30,52183.0,19569.0,32614.0,21,No Active Loan,High,51.56,26.37,HIGH,Every 7 Days,7,Priority Offer / Call
53,management,married,tertiary,no,0,yes,no,cellular,14,jul,85,3,-1,0,unknown,no,C01983,High Money,137100.0,82260.0,30,54840.0,20565.0,34275.0,21,No Active Loan,High,51.56,25.78,HIGH,Every 7 Days,7,Priority Offer / Call
32,technician,single,tertiary,no,1246,yes,no,cellular,4,feb,192,2,-1,0,unknown,yes,C01984,High Money,122587.0,73552.0,30,49035.0,18388.0,30647.0,21,No Active Loan,High,51.56,26.09,HIGH,Every 7 Days,7,Priority Offer / Call
41,self-employed,married,secondary,no,323,yes,no,cellular,17,apr,949,2,254,6,other,yes,C01985,High Money,128748.0,77249.0,30,51499.0,19312.0,32187.0,21,No Active Loan,High,51.56,25.86,HIGH,Every 7 Days,7,Priority Offer / Call
24,blue-collar,married,secondary,no,272,no,no,cellular,16,nov,105,2,94,2,success,yes,C01986,High Money,116841.0,70105.0,30,46736.0,17526.0,29210.0,21,No Active Loan,High,51.56,25.85,HIGH,Every 7 Days,7,Priority Offer / Call
33,technician,married,secondary,no,73,yes,no,cellular,2,jul,218,1,-1,0,unknown,yes,C01987,High Money,123111.0,73867.0,30,49244.0,18467.0,30777.0,21,No Active Loan,High,51.56,25.8,HIGH,Every 7 Days,7,Priority Offer / Call
62,entrepreneur,married,secondary,no,3904,no,no,telephone,29,jan,403,2,-1,0,unknown,yes,C01988,High Money,143986.0,86392.0,30,57594.0,21598.0,35996.0,21,No Active Loan,High,51.56,26.74,HIGH,Every 7 Days,7,Priority Offer / Call
56,management,married,primary,no,870,no,no,cellular,14,may,220,1,179,1,success,yes,C01989,High Money,139330.0,83598.0,30,55732.0,20900.0,34832.0,21,No Active Loan,High,51.56,25.99,HIGH,Every 7 Days,7,Priority Offer / Call
48,blue-collar,married,primary,yes,-50,yes,no,cellular,14,may,212,6,-1,0,unknown,no,C01990,High Money,133600.0,80160.0,30,53440.0,20040.0,33400.0,21,No Active Loan,High,51.56,25.78,HIGH,Every 7 Days,7,Priority Offer / Call
41,management,single,tertiary,no,11008,no,no,unknown,18,jun,1540,1,-1,0,unknown,yes,C01991,High Money,130351.0,78211.0,30,52140.0,19553.0,32587.0,21,No Active Loan,High,51.56,28.49,HIGH,Every 7 Days,7,Priority Offer / Call
36,management,married,tertiary,no,255,no,no,cellular,22,may,970,2,92,2,other,yes,C01992,High Money,125238.0,75143.0,30,50095.0,18786.0,31309.0,21,No Active Loan,High,51.56,25.84,HIGH,Every 7 Days,7,Priority Offer / Call
50,entrepreneur,married,secondary,no,556,yes,no,unknown,16,may,130,2,-1,0,unknown,no,C01993,High Money,135083.0,81050.0,30,54033.0,20262.0,33771.0,21,No Active Loan,High,51.56,25.92,HIGH,Every 7 Days,7,Priority Offer / Call
55,unemployed,married,primary,no,8585,no,no,telephone,28,jan,201,2,-1,0,unknown,no,C01994,High Money,139788.0,83873.0,30,55915.0,20968.0,34947.0,21,No Active Loan,High,51.56,27.89,HIGH,Every 7 Days,7,Priority Offer / Call
34,blue-collar,married,primary,no,6718,no,no,cellular,13,jan,278,4,97,1,other,no,C01995,High Money,124808.0,74885.0,30,49923.0,18721.0,31202.0,21,No Active Loan,High,51.56,27.43,HIGH,Every 7 Days,7,Priority Offer / Call
40,management,married,tertiary,no,9366,no,no,cellular,11,nov,69,3,-1,0,unknown,yes,C01996,High Money,129405.0,77643.0,30,51762.0,19411.0,32351.0,21,No Active Loan,High,51.56,28.09,HIGH,Every 7 Days,7,Priority Offer / Call
45,admin.,divorced,secondary,no,-176,no,yes,cellular,7,jul,574,1,-1,0,unknown,yes,C01997,High Money,131500.0,78900.0,30,52600.0,19725.0,32875.0,21,Regular,High,51.56,25.78,HIGH,Every 7 Days,7,Priority Offer / Call
36,admin.,single,secondary,no,449,yes,no,unknown,20,jun,136,3,-1,0,unknown,no,C01998,High Money,125267.0,75160.0,30,50107.0,18790.0,31317.0,21,No Active Loan,High,51.56,25.89,HIGH,Every 7 Days,7,Priority Offer / Call
40,unemployed,married,secondary,no,219,yes,no,unknown,5,may,357,1,-1,0,unknown,no,C01999,High Money,128033.0,76820.0,30,51213.0,19205.0,32008.0,21,No Active Loan,High,51.56,25.83,HIGH,Every 7 Days,7,Priority Offer / Call
59,unemployed,married,secondary,no,957,no,no,cellular,9,dec,479,2,-1,0,unknown,yes,C02000,High Money,141444.0,84866.0,30,56578.0,21217.0,35361.0,21,No Active Loan,High,51.56,26.02,HIGH,Every 7 Days,7,Priority Offer / Call
24,blue-collar,single,secondary,no,167,no,yes,cellular,25,may,288,1,96,2,success,yes,C02001,High Money,116825.0,70095.0,30,46730.0,17524.0,29206.0,21,Regular,High,51.56,25.82,HIGH,Every 7 Days,7,Priority Offer / Call
36,management,married,tertiary,no,3874,no,no,cellular,25,aug,425,6,-1,0,unknown,no,C02002,High Money,125781.0,75469.0,30,50312.0,18867.0,31445.0,21,No Active Loan,High,51.56,26.73,HIGH,Every 7 Days,7,Priority Offer / Call
31,self-employed,married,tertiary,no,5,yes,yes,cellular,21,nov,635,1,135,2,failure,yes,C02003,High Money,121701.0,73021.0,30,48680.0,18255.0,30425.0,21,Regular,High,51.56,25.78,HIGH,Every 7 Days,7,Priority Offer / Call
36,admin.,single,secondary,no,810,yes,no,unknown,17,jun,296,1,-1,0,unknown,no,C02004,High Money,125322.0,75193.0,30,50129.0,18798.0,31331.0,21,No Active Loan,High,51.56,25.98,HIGH,Every 7 Days,7,Priority Offer / Call
33,management,married,tertiary,no,1148,no,no,cellular,19,nov,299,1,-1,0,unknown,no,C02005,High Money,123272.0,73963.0,30,49309.0,18491.0,30818.0,21,No Active Loan,High,51.56,26.06,HIGH,Every 7 Days,7,Priority Offer / Call
44,blue-collar,single,primary,no,10984,no,no,unknown,20,jun,258,18,-1,0,unknown,no,C02006,High Money,132448.0,79469.0,54,52979.0,19867.0,33112.0,38,No Active Loan,High,58.11,31.76,HIGH,Every 7 Days,7,Priority Offer / Call
47,admin.,divorced,secondary,no,2232,no,no,cellular,27,may,439,1,103,1,success,yes,C02007,High Money,133235.0,79941.0,30,53294.0,19985.0,33309.0,21,No Active Loan,High,51.56,26.33,HIGH,Every 7 Days,7,Priority Offer / Call
51,management,married,tertiary,no,385,no,no,cellular,11,aug,39,2,-1,0,unknown,no,C02008,High Money,135758.0,81455.0,30,54303.0,20364.0,33939.0,21,No Active Loan,High,51.56,25.87,HIGH,Every 7 Days,7,Priority Offer / Call
32,blue-collar,married,secondary,no,-208,yes,yes,unknown,9,may,325,1,-1,0,unknown,no,C02009,High Money,122400.0,73440.0,30,48960.0,18360.0,30600.0,21,Regular,High,51.56,25.78,HIGH,Every 7 Days,7,Priority Offer / Call
31,technician,married,tertiary,no,26,no,yes,cellular,18,nov,419,1,127,6,other,yes,C02010,High Money,121704.0,73022.0,30,48682.0,18256.0,30426.0,21,Regular,High,51.56,25.79,HIGH,Every 7 Days,7,Priority Offer / Call
31,admin.,single,secondary,no,387,yes,no,cellular,13,may,228,2,370,1,failure,no,C02011,High Money,121758.0,73055.0,30,48703.0,18264.0,30439.0,21,No Active Loan,High,51.56,25.88,HIGH,Every 7 Days,7,Priority Offer / Call
46,management,married,tertiary,no,4693,no,yes,cellular,7,aug,79,1,394,2,failure,yes,C02012,High Money,132904.0,79742.0,30,53162.0,19936.0,33226.0,21,Regular,High,51.56,26.94,HIGH,Every 7 Days,7,Priority Offer / Call
40,blue-collar,married,secondary,no,1451,no,no,cellular,1,jun,314,1,-1,0,unknown,yes,C02013,High Money,128218.0,76931.0,30,51287.0,19233.0,32054.0,21,No Active Loan,High,51.56,26.14,HIGH,Every 7 Days,7,Priority Offer / Call
51,management,married,tertiary,no,469,no,no,cellular,14,oct,491,1,182,3,success,yes,C02014,High Money,135770.0,81462.0,30,54308.0,20366.0,33942.0,21,No Active Loan,High,51.56,25.9,HIGH,Every 7 Days,7,Priority Offer / Call
34,technician,divorced,secondary,no,27,yes,no,unknown,26,may,133,3,-1,0,unknown,no,C02015,High Money,123804.0,74282.0,30,49522.0,18571.0,30951.0,21,No Active Loan,High,51.56,25.79,HIGH,Every 7 Days,7,Priority Offer / Call
30,management,single,tertiary,no,19358,no,no,cellular,19,nov,258,2,-1,0,unknown,no,C02016,High Money,123904.0,74342.0,30,49562.0,18586.0,30976.0,21,No Active Loan,High,51.56,30.55,HIGH,Every 7 Days,7,Priority Offer / Call
29,technician,single,secondary,no,6,no,no,cellular,25,may,315,1,-1,0,unknown,yes,C02017,High Money,120301.0,72181.0,30,48120.0,18045.0,30075.0,21,No Active Loan,High,51.56,25.78,HIGH,Every 7 Days,7,Priority Offer / Call
34,admin.,single,secondary,no,1581,yes,yes,unknown,20,may,52,11,-1,0,unknown,no,C02018,High Money,124037.0,74422.0,33,49615.0,18606.0,31009.0,23,Regular,High,52.3,26.54,HIGH,Every 7 Days,7,Priority Offer / Call
36,management,married,tertiary,no,925,no,no,cellular,14,dec,321,3,189,4,success,yes,C02019,High Money,125339.0,75203.0,30,50136.0,18801.0,31335.0,21,No Active Loan,High,51.56,26.01,HIGH,Every 7 Days,7,Priority Offer / Call
20,student,single,unknown,no,829,no,no,cellular,27,jan,196,3,202,2,success,yes,C02020,High Money,114124.0,68474.0,30,45650.0,17119.0,28531.0,21,No Active Loan,High,51.56,25.98,HIGH,Every 7 Days,7,Priority Offer / Call
35,services,married,secondary,no,4170,yes,no,unknown,20,may,1777,1,-1,0,unknown,yes,C02021,High Money,125126.0,75076.0,30,50050.0,18769.0,31281.0,21,No Active Loan,High,51.56,26.81,HIGH,Every 7 Days,7,Priority Offer / Call
56,retired,divorced,secondary,no,389,yes,no,unknown,18,jun,379,5,-1,0,unknown,no,C02022,High Money,139258.0,83555.0,30,55703.0,20889.0,34814.0,21,No Active Loan,High,51.56,25.88,HIGH,Every 7 Days,7,Priority Offer / Call
38,unemployed,married,primary,no,7005,yes,no,cellular,7,jul,370,1,412,1,failure,yes,C02023,High Money,127651.0,76591.0,30,51060.0,19148.0,31912.0,21,No Active Loan,High,51.56,27.51,HIGH,Every 7 Days,7,Priority Offer / Call
35,technician,married,secondary,no,2779,no,no,cellular,22,oct,118,2,-1,0,unknown,yes,C02024,High Money,124917.0,74950.0,30,49967.0,18738.0,31229.0,21,No Active Loan,High,51.56,26.46,HIGH,Every 7 Days,7,Priority Offer / Call
33,blue-collar,married,secondary,no,-346,yes,yes,unknown,23,may,29,3,-1,0,unknown,no,C02025,High Money,123100.0,73860.0,30,49240.0,18465.0,30775.0,21,Regular,High,51.56,25.78,HIGH,Every 7 Days,7,Priority Offer / Call
43,technician,married,secondary,no,-1701,yes,no,unknown,26,may,285,1,-1,0,unknown,no,C02026,High Money,130100.0,78060.0,30,52040.0,19515.0,32525.0,21,No Active Loan,High,51.56,25.78,HIGH,Every 7 Days,7,Priority Offer / Call
53,admin.,divorced,unknown,no,257,no,no,cellular,11,jul,1310,2,-1,0,unknown,yes,C02027,High Money,137139.0,82283.0,30,54856.0,20571.0,34285.0,21,No Active Loan,High,51.56,25.84,HIGH,Every 7 Days,7,Priority Offer / Call
85,retired,married,primary,no,98,no,no,cellular,30,apr,416,1,-1,0,unknown,yes,C02028,High Money,159515.0,95709.0,30,63806.0,23927.0,39879.0,21,No Active Loan,High,51.56,25.8,HIGH,Every 7 Days,7,Priority Offer / Call
36,housemaid,married,primary,no,4324,yes,no,cellular,14,jul,565,4,-1,0,unknown,no,C02029,High Money,125849.0,75509.0,30,50340.0,18877.0,31463.0,21,No Active Loan,High,51.56,26.84,HIGH,Every 7 Days,7,Priority Offer / Call
36,technician,married,secondary,no,15485,no,no,cellular,14,apr,461,1,-1,0,unknown,yes,C02030,High Money,127523.0,76514.0,30,51009.0,19128.0,31881.0,21,No Active Loan,High,51.56,29.59,HIGH,Every 7 Days,7,Priority Offer / Call
52,technician,married,secondary,no,0,no,no,cellular,2,jun,541,3,-1,0,unknown,yes,C02031,High Money,136400.0,81840.0,30,54560.0,20460.0,34100.0,21,No Active Loan,High,51.56,25.78,HIGH,Every 7 Days,7,Priority Offer / Call
43,management,single,tertiary,no,1806,yes,no,cellular,12,aug,161,2,-1,0,unknown,no,C02032,High Money,130371.0,78223.0,30,52148.0,19556.0,32592.0,21,No Active Loan,High,51.56,26.22,HIGH,Every 7 Days,7,Priority Offer / Call
32,technician,divorced,tertiary,no,267,no,no,cellular,26,may,128,1,-1,0,unknown,no,C02033,High Money,122440.0,73464.0,30,48976.0,18366.0,30610.0,21,No Active Loan,High,51.56,25.85,HIGH,Every 7 Days,7,Priority Offer / Call
66,retired,married,secondary,no,203,no,no,cellular,7,jul,376,1,-1,0,unknown,yes,C02034,High Money,146230.0,87738.0,30,58492.0,21934.0,36558.0,21,No Active Loan,High,51.56,25.83,HIGH,Every 7 Days,7,Priority Offer / Call
43,management,divorced,tertiary,no,580,yes,no,cellular,11,may,1514,1,284,2,failure,yes,C02035,High Money,130187.0,78112.0,30,52075.0,19528.0,32547.0,21,No Active Loan,High,51.56,25.92,HIGH,Every 7 Days,7,Priority Offer / Call
49,blue-collar,married,secondary,no,553,no,no,cellular,12,aug,645,8,-1,0,unknown,yes,C02036,High Money,134383.0,80630.0,30,53753.0,20157.0,33596.0,21,No Active Loan,High,51.56,25.92,HIGH,Every 7 Days,7,Priority Offer / Call
43,blue-collar,married,secondary,no,413,yes,no,cellular,12,aug,235,2,182,4,success,yes,C02037,High Money,130162.0,78097.0,30,52065.0,19524.0,32541.0,21,No Active Loan,High,51.56,25.88,HIGH,Every 7 Days,7,Priority Offer / Call
27,technician,single,secondary,no,42,no,no,cellular,28,jan,251,1,-1,0,unknown,no,C02038,High Money,118906.0,71344.0,30,47562.0,17836.0,29726.0,21,No Active Loan,High,51.56,25.79,HIGH,Every 7 Days,7,Priority Offer / Call
56,admin.,divorced,secondary,no,1693,no,no,cellular,26,oct,238,4,442,4,failure,yes,C02039,High Money,139454.0,83672.0,30,55782.0,20918.0,34864.0,21,No Active Loan,High,51.56,26.2,HIGH,Every 7 Days,7,Priority Offer / Call
48,management,married,unknown,no,0,yes,no,cellular,8,may,612,1,344,1,other,no,C02040,High Money,133600.0,80160.0,30,53440.0,20040.0,33400.0,21,No Active Loan,High,51.56,25.78,HIGH,Every 7 Days,7,Priority Offer / Call
49,technician,single,unknown,no,443,no,no,unknown,20,jun,25,11,-1,0,unknown,no,C02041,High Money,134366.0,80620.0,33,53746.0,20155.0,33591.0,23,No Active Loan,High,52.3,26.26,HIGH,Every 7 Days,7,Priority Offer / Call
30,management,married,tertiary,no,1239,no,no,cellular,28,aug,125,5,-1,0,unknown,no,C02042,High Money,121186.0,72712.0,30,48474.0,18178.0,30296.0,21,No Active Loan,High,51.56,26.09,HIGH,Every 7 Days,7,Priority Offer / Call
38,technician,married,tertiary,no,1042,yes,no,cellular,4,feb,419,2,-1,0,unknown,no,C02043,High Money,126756.0,76054.0,30,50702.0,19013.0,31689.0,21,No Active Loan,High,51.56,26.04,HIGH,Every 7 Days,7,Priority Offer / Call
42,management,married,tertiary,no,3713,no,no,cellular,19,nov,709,2,-1,0,unknown,yes,C02044,High Money,129957.0,77974.0,30,51983.0,19494.0,32489.0,21,No Active Loan,High,51.56,26.69,HIGH,Every 7 Days,7,Priority Offer / Call
34,technician,single,secondary,no,161,no,yes,cellular,8,aug,61,2,-1,0,unknown,no,C02045,High Money,123824.0,74294.0,30,49530.0,18574.0,30956.0,21,Regular,High,51.56,25.82,HIGH,Every 7 Days,7,Priority Offer / Call
30,technician,single,tertiary,no,0,no,no,cellular,15,sep,214,2,-1,0,unknown,no,C02046,High Money,121000.0,72600.0,30,48400.0,18150.0,30250.0,21,No Active Loan,High,51.56,25.78,HIGH,Every 7 Days,7,Priority Offer / Call
38,entrepreneur,married,secondary,no,65,no,no,cellular,5,feb,173,1,-1,0,unknown,no,C02047,High Money,126610.0,75966.0,30,50644.0,18992.0,31652.0,21,No Active Loan,High,51.56,25.8,HIGH,Every 7 Days,7,Priority Offer / Call
56,admin.,married,secondary,no,1554,yes,yes,cellular,6,feb,15,6,190,27,other,no,C02048,High Money,139433.0,83660.0,45,55773.0,20915.0,34858.0,31,Regular,High,55.32,28.04,HIGH,Every 7 Days,7,Priority Offer / Call
37,admin.,divorced,secondary,no,1573,yes,no,cellular,12,may,639,3,326,10,failure,no,C02049,High Money,126136.0,75682.0,30,50454.0,18920.0,31534.0,21,No Active Loan,High,51.56,26.17,HIGH,Every 7 Days,7,Priority Offer / Call
60,admin.,divorced,secondary,no,12039,no,no,telephone,12,oct,261,1,187,1,success,yes,C02050,High Money,143806.0,86284.0,30,57522.0,21571.0,35951.0,21,No Active Loan,High,51.56,28.75,HIGH,Every 7 Days,7,Priority Offer / Call
50,services,married,secondary,no,1134,no,no,unknown,18,jun,53,2,-1,0,unknown,no,C02051,High Money,135170.0,81102.0,30,54068.0,20276.0,33792.0,21,No Active Loan,High,51.56,26.06,HIGH,Every 7 Days,7,Priority Offer / Call
38,technician,single,secondary,no,1655,no,no,cellular,29,jul,392,2,-1,0,unknown,no,C02052,High Money,126848.0,76109.0,30,50739.0,19027.0,31712.0,21,No Active Loan,High,51.56,26.19,HIGH,Every 7 Days,7,Priority Offer / Call
51,blue-collar,married,primary,no,1869,no,no,unknown,17,jun,30,3,-1,0,unknown,no,C02053,High Money,135980.0,81588.0,30,54392.0,20397.0,33995.0,21,No Active Loan,High,51.56,26.24,HIGH,Every 7 Days,7,Priority Offer / Call
55,technician,divorced,tertiary,no,0,no,no,cellular,18,aug,237,1,-1,0,unknown,yes,C02054,High Money,138500.0,83100.0,30,55400.0,20775.0,34625.0,21,No Active Loan,High,51.56,25.78,HIGH,Every 7 Days,7,Priority Offer / Call
44,entrepreneur,single,unknown,no,323,no,no,cellular,28,jul,332,2,181,2,failure,yes,C02055,High Money,130848.0,78509.0,30,52339.0,19627.0,32712.0,21,No Active Loan,High,51.56,25.86,HIGH,Every 7 Days,7,Priority Offer / Call
33,management,divorced,tertiary,no,990,yes,no,cellular,24,jul,1491,2,-1,0,unknown,yes,C02056,High Money,123248.0,73949.0,30,49299.0,18487.0,30812.0,21,No Active Loan,High,51.56,26.02,HIGH,Every 7 Days,7,Priority Offer / Call
24,blue-collar,single,secondary,no,476,yes,no,unknown,4,jun,161,1,-1,0,unknown,no,C02057,High Money,116871.0,70123.0,30,46748.0,17531.0,29217.0,21,No Active Loan,High,51.56,25.9,HIGH,Every 7 Days,7,Priority Offer / Call
45,management,married,tertiary,no,3643,no,no,cellular,21,nov,162,1,-1,0,unknown,no,C02058,High Money,132046.0,79228.0,30,52818.0,19807.0,33011.0,21,No Active Loan,High,51.56,26.68,HIGH,Every 7 Days,7,Priority Offer / Call
54,technician,married,secondary,no,827,no,yes,unknown,20,jun,294,2,-1,0,unknown,no,C02059,High Money,137924.0,82754.0,30,55170.0,20689.0,34481.0,21,Regular,High,51.56,25.98,HIGH,Every 7 Days,7,Priority Offer / Call
41,unemployed,married,tertiary,no,0,no,no,cellular,29,apr,882,1,181,3,success,yes,C02060,High Money,128700.0,77220.0,30,51480.0,19305.0,32175.0,21,No Active Loan,High,51.56,25.78,HIGH,Every 7 Days,7,Priority Offer / Call
35,admin.,married,secondary,no,-203,yes,no,cellular,11,jul,1649,2,-1,0,unknown,yes,C02061,High Money,124500.0,74700.0,30,49800.0,18675.0,31125.0,21,No Active Loan,High,51.56,25.78,HIGH,Every 7 Days,7,Priority Offer / Call
39,entrepreneur,married,secondary,no,2139,yes,no,cellular,15,may,576,4,371,1,failure,yes,C02062,High Money,127621.0,76573.0,30,51048.0,19143.0,31905.0,21,No Active Loan,High,51.56,26.31,HIGH,Every 7 Days,7,Priority Offer / Call
49,self-employed,divorced,secondary,no,6116,yes,no,cellular,21,nov,43,1,-1,0,unknown,no,C02063,High Money,135217.0,81130.0,30,54087.0,20283.0,33804.0,21,No Active Loan,High,51.56,27.29,HIGH,Every 7 Days,7,Priority Offer / Call
56,retired,married,tertiary,no,5769,no,no,unknown,20,jun,15,3,-1,0,unknown,no,C02064,High Money,140065.0,84039.0,30,56026.0,21010.0,35016.0,21,No Active Loan,High,51.56,27.2,HIGH,Every 7 Days,7,Priority Offer / Call
34,management,married,tertiary,no,402,no,no,cellular,26,may,147,1,-1,0,unknown,no,C02065,High Money,123860.0,74316.0,30,49544.0,18579.0,30965.0,21,No Active Loan,High,51.56,25.88,HIGH,Every 7 Days,7,Priority Offer / Call
35,management,single,tertiary,no,538,no,no,cellular,22,dec,410,3,165,2,other,yes,C02066,High Money,124581.0,74749.0,30,49832.0,18687.0,31145.0,21,No Active Loan,High,51.56,25.91,HIGH,Every 7 Days,7,Priority Offer / Call
39,technician,married,secondary,no,8,no,yes,cellular,17,nov,333,2,96,2,failure,no,C02067,High Money,127301.0,76381.0,30,50920.0,19095.0,31825.0,21,Regular,High,51.56,25.78,HIGH,Every 7 Days,7,Priority Offer / Call
61,retired,married,tertiary,no,1257,no,no,cellular,10,feb,503,1,-1,0,unknown,yes,C02068,High Money,142889.0,85733.0,30,57156.0,21433.0,35723.0,21,No Active Loan,High,51.56,26.09,HIGH,Every 7 Days,7,Priority Offer / Call
36,blue-collar,married,secondary,no,0,no,no,cellular,4,feb,235,1,244,1,failure,no,C02069,High Money,125200.0,75120.0,30,50080.0,18780.0,31300.0,21,No Active Loan,High,51.56,25.78,HIGH,Every 7 Days,7,Priority Offer / Call
33,admin.,married,tertiary,no,69,no,yes,cellular,4,may,77,2,-1,0,unknown,no,C02070,High Money,123110.0,73866.0,30,49244.0,18466.0,30778.0,21,Regular,High,51.56,25.8,HIGH,Every 7 Days,7,Priority Offer / Call
49,technician,married,secondary,no,5244,no,no,cellular,25,aug,60,4,-1,0,unknown,no,C02071,High Money,135087.0,81052.0,30,54035.0,20263.0,33772.0,21,No Active Loan,High,51.56,27.07,HIGH,Every 7 Days,7,Priority Offer / Call
35,blue-collar,married,primary,no,414,no,no,unknown,13,may,504,4,-1,0,unknown,yes,C02072,High Money,124562.0,74737.0,30,49825.0,18684.0,31141.0,21,No Active Loan,High,51.56,25.88,HIGH,Every 7 Days,7,Priority Offer / Call
26,blue-collar,single,secondary,no,2669,yes,no,cellular,16,apr,242,1,-1,0,unknown,no,C02073,High Money,118600.0,71160.0,30,47440.0,17790.0,29650.0,21,No Active Loan,High,51.56,26.44,HIGH,Every 7 Days,7,Priority Offer / Call
30,management,single,tertiary,no,349,no,no,cellular,12,aug,180,3,-1,0,unknown,no,C02074,High Money,121052.0,72631.0,30,48421.0,18158.0,30263.0,21,No Active Loan,High,51.56,25.87,HIGH,Every 7 Days,7,Priority Offer / Call
30,blue-collar,married,secondary,no,282,yes,yes,unknown,23,may,148,2,-1,0,unknown,no,C02075,High Money,121042.0,72625.0,30,48417.0,18156.0,30261.0,21,Regular,High,51.56,25.85,HIGH,Every 7 Days,7,Priority Offer / Call
45,admin.,single,secondary,no,375,no,yes,unknown,22,sep,10,1,594,6,failure,no,C02076,High Money,131556.0,78934.0,30,52622.0,19733.0,32889.0,21,Regular,High,51.56,25.87,HIGH,Every 7 Days,7,Priority Offer / Call
36,management,married,tertiary,no,806,yes,no,cellular,3,feb,106,2,259,1,failure,no,C02077,High Money,125321.0,75193.0,30,50128.0,18798.0,31330.0,21,No Active Loan,High,51.56,25.98,HIGH,Every 7 Days,7,Priority Offer / Call
23,student,single,secondary,no,431,no,no,cellular,13,aug,496,2,-1,0,unknown,yes,C02078,High Money,116165.0,69699.0,30,46466.0,17425.0,29041.0,21,No Active Loan,High,51.56,25.89,HIGH,Every 7 Days,7,Priority Offer / Call
42,services,single,unknown,no,410,no,no,cellular,21,nov,34,2,-1,0,unknown,no,C02079,High Money,129462.0,77677.0,30,51785.0,19419.0,32366.0,21,No Active Loan,High,51.56,25.88,HIGH,Every 7 Days,7,Priority Offer / Call
50,admin.,divorced,secondary,no,0,yes,no,unknown,20,jun,174,1,-1,0,unknown,no,C02080,High Money,135000.0,81000.0,30,54000.0,20250.0,33750.0,21,No Active Loan,High,51.56,25.78,HIGH,Every 7 Days,7,Priority Offer / Call
23,services,married,secondary,no,1309,yes,no,unknown,3,jun,349,2,-1,0,unknown,no,C02081,High Money,116296.0,69778.0,30,46518.0,17444.0,29074.0,21,No Active Loan,High,51.56,26.1,HIGH,Every 7 Days,7,Priority Offer / Call
35,entrepreneur,single,tertiary,no,1800,yes,no,unknown,5,jun,53,1,-1,0,unknown,no,C02082,High Money,124770.0,74862.0,30,49908.0,18716.0,31192.0,21,No Active Loan,High,51.56,26.22,HIGH,Every 7 Days,7,Priority Offer / Call
30,management,married,tertiary,no,8089,yes,no,cellular,18,mar,232,2,294,2,failure,yes,C02083,High Money,122213.0,73328.0,30,48885.0,18332.0,30553.0,21,No Active Loan,High,51.56,27.77,HIGH,Every 7 Days,7,Priority Offer / Call
40,technician,single,secondary,no,822,yes,yes,cellular,29,jan,155,2,245,3,failure,no,C02084,High Money,128123.0,76874.0,30,51249.0,19218.0,32031.0,21,Regular,High,51.56,25.98,HIGH,Every 7 Days,7,Priority Offer / Call
26,services,single,secondary,no,-189,no,yes,cellular,17,jul,538,2,-1,0,unknown,yes,C02085,High Money,118200.0,70920.0,30,47280.0,17730.0,29550.0,21,Regular,High,51.56,25.78,HIGH,Every 7 Days,7,Priority Offer / Call
34,management,married,tertiary,no,158,no,no,cellular,9,jun,190,1,92,9,success,yes,C02086,High Money,123824.0,74294.0,30,49530.0,18574.0,30956.0,21,No Active Loan,High,51.56,25.82,HIGH,Every 7 Days,7,Priority Offer / Call
31,services,married,unknown,no,-82,yes,no,cellular,31,jul,543,31,-1,0,unknown,no,C02087,High Money,121700.0,73020.0,93,48680.0,18255.0,30425.0,65,No Active Loan,High,68.47,34.24,HIGH,Every 7 Days,7,Priority Offer / Call
23,student,single,secondary,no,107,no,no,cellular,13,apr,256,5,181,2,success,yes,C02088,High Money,116116.0,69670.0,30,46446.0,17417.0,29029.0,21,No Active Loan,High,51.56,25.81,HIGH,Every 7 Days,7,Priority Offer / Call
59,housemaid,divorced,primary,no,2518,no,no,cellular,30,jul,675,3,-1,0,unknown,yes,C02089,High Money,141678.0,85007.0,30,56671.0,21252.0,35419.0,21,No Active Loan,High,51.56,26.4,HIGH,Every 7 Days,7,Priority Offer / Call
42,blue-collar,married,secondary,no,351,yes,no,unknown,16,may,76,21,-1,0,unknown,no,C02090,High Money,129453.0,77672.0,63,51781.0,19418.0,32363.0,44,No Active Loan,High,60.4,30.29,HIGH,Every 7 Days,7,Priority Offer / Call
40,admin.,married,secondary,no,-253,yes,no,cellular,9,jul,177,1,-1,0,unknown,no,C02091,High Money,128000.0,76800.0,30,51200.0,19200.0,32000.0,21,No Active Loan,High,51.56,25.78,HIGH,Every 7 Days,7,Priority Offer / Call
43,management,divorced,tertiary,no,-410,no,yes,cellular,9,jul,189,1,-1,0,unknown,no,C02092,High Money,130100.0,78060.0,30,52040.0,19515.0,32525.0,21,Regular,High,51.56,25.78,HIGH,Every 7 Days,7,Priority Offer / Call
33,admin.,married,tertiary,no,79,yes,no,cellular,5,may,389,1,195,4,success,yes,C02093,High Money,123112.0,73867.0,30,49245.0,18467.0,30778.0,21,No Active Loan,High,51.56,25.8,HIGH,Every 7 Days,7,Priority Offer / Call
32,technician,single,secondary,no,-1,yes,no,cellular,12,may,37,1,-1,0,unknown,no,C02094,High Money,122400.0,73440.0,30,48960.0,18360.0,30600.0,21,No Active Loan,High,51.56,25.78,HIGH,Every 7 Days,7,Priority Offer / Call
37,management,married,tertiary,no,1594,yes,no,cellular,17,apr,110,1,260,5,failure,no,C02095,High Money,126139.0,75683.0,30,50456.0,18921.0,31535.0,21,No Active Loan,High,51.56,26.17,HIGH,Every 7 Days,7,Priority Offer / Call
45,admin.,married,secondary,no,25,yes,no,unknown,28,may,82,4,-1,0,unknown,no,C02096,High Money,131504.0,78902.0,30,52602.0,19726.0,32876.0,21,No Active Loan,High,51.56,25.79,HIGH,Every 7 Days,7,Priority Offer / Call
36,technician,divorced,tertiary,no,119,no,no,cellular,23,jul,127,8,-1,0,unknown,no,C02097,High Money,125218.0,75131.0,30,50087.0,18783.0,31304.0,21,No Active Loan,High,51.56,25.81,HIGH,Every 7 Days,7,Priority Offer / Call
32,management,married,tertiary,no,2667,yes,no,cellular,4,mar,251,1,181,4,failure,yes,C02098,High Money,122800.0,73680.0,30,49120.0,18420.0,30700.0,21,No Active Loan,High,51.56,26.44,HIGH,Every 7 Days,7,Priority Offer / Call
45,unemployed,divorced,secondary,no,3354,yes,no,unknown,29,may,746,1,-1,0,unknown,yes,C02099,High Money,132003.0,79202.0,30,52801.0,19800.0,33001.0,21,No Active Loan,High,51.56,26.61,HIGH,Every 7 Days,7,Priority Offer / Call
36,blue-collar,married,primary,no,319,yes,no,cellular,13,may,774,2,301,1,failure,yes,C02100,High Money,125248.0,75149.0,30,50099.0,18787.0,31312.0,21,No Active Loan,High,51.56,25.86,HIGH,Every 7 Days,7,Priority Offer / Call
32,blue-collar,married,primary,no,-94,yes,yes,cellular,11,may,308,1,-1,0,unknown,no,C02101,High Money,122400.0,73440.0,30,48960.0,18360.0,30600.0,21,Regular,High,51.56,25.78,HIGH,Every 7 Days,7,Priority Offer / Call
34,management,single,tertiary,no,2159,no,no,unknown,18,feb,386,1,-1,0,unknown,yes,C02102,High Money,124124.0,74474.0,30,49650.0,18619.0,31031.0,21,No Active Loan,High,51.56,26.31,HIGH,Every 7 Days,7,Priority Offer / Call
45,technician,married,secondary,no,-312,yes,no,cellular,16,jul,268,1,-1,0,unknown,no,C02103,High Money,131500.0,78900.0,30,52600.0,19725.0,32875.0,21,No Active Loan,High,51.56,25.78,HIGH,Every 7 Days,7,Priority Offer / Call
30,housemaid,single,tertiary,no,19,no,no,cellular,4,aug,139,1,92,5,success,yes,C02104,High Money,121003.0,72602.0,30,48401.0,18150.0,30251.0,21,No Active Loan,High,51.56,25.78,HIGH,Every 7 Days,7,Priority Offer / Call
26,management,single,tertiary,no,47,yes,no,cellular,18,may,63,1,-1,0,unknown,no,C02105,High Money,118207.0,70924.0,30,47283.0,17731.0,29552.0,21,No Active Loan,High,51.56,25.79,HIGH,Every 7 Days,7,Priority Offer / Call
52,management,married,tertiary,no,576,no,no,cellular,18,aug,762,3,-1,0,unknown,yes,C02106,High Money,136486.0,81892.0,30,54594.0,20473.0,34121.0,21,No Active Loan,High,51.56,25.92,HIGH,Every 7 Days,7,Priority Offer / Call
56,retired,divorced,primary,no,48,yes,no,cellular,14,may,132,2,-1,0,unknown,no,C02107,High Money,139207.0,83524.0,30,55683.0,20881.0,34802.0,21,No Active Loan,High,51.56,25.79,HIGH,Every 7 Days,7,Priority Offer / Call
24,management,single,tertiary,no,507,no,no,cellular,3,jul,257,1,-1,0,unknown,yes,C02108,High Money,116876.0,70126.0,30,46750.0,17531.0,29219.0,21,No Active Loan,High,51.56,25.9,HIGH,Every 7 Days,7,Priority Offer / Call
35,technician,single,secondary,no,354,no,no,cellular,11,aug,444,3,-1,0,unknown,yes,C02109,High Money,124553.0,74732.0,30,49821.0,18683.0,31138.0,21,No Active Loan,High,51.56,25.87,HIGH,Every 7 Days,7,Priority Offer / Call
25,technician,single,tertiary,no,640,yes,no,unknown,13,may,492,2,-1,0,unknown,no,C02110,High Money,117596.0,70558.0,30,47038.0,17639.0,29399.0,21,No Active Loan,High,51.56,25.94,HIGH,Every 7 Days,7,Priority Offer / Call
36,management,married,tertiary,no,3839,no,no,cellular,19,nov,146,1,-1,0,unknown,no,C02111,High Money,125776.0,75466.0,30,50310.0,18866.0,31444.0,21,No Active Loan,High,51.56,26.73,HIGH,Every 7 Days,7,Priority Offer / Call
43,blue-collar,single,primary,no,-399,no,yes,cellular,28,jul,662,3,-1,0,unknown,yes,C02112,High Money,130100.0,78060.0,30,52040.0,19515.0,32525.0,21,Regular,High,51.56,25.78,HIGH,Every 7 Days,7,Priority Offer / Call
76,retired,married,primary,no,3324,no,no,cellular,13,aug,227,2,192,1,failure,yes,C02113,High Money,153699.0,92219.0,30,61480.0,23055.0,38425.0,21,No Active Loan,High,51.56,26.6,HIGH,Every 7 Days,7,Priority Offer / Call
58,retired,divorced,secondary,no,0,no,no,unknown,17,jun,436,5,-1,0,unknown,no,C02114,High Money,140600.0,84360.0,30,56240.0,21090.0,35150.0,21,No Active Loan,High,51.56,25.78,HIGH,Every 7 Days,7,Priority Offer / Call
77,retired,married,secondary,no,638,no,no,cellular,11,feb,288,1,188,1,success,yes,C02115,High Money,153996.0,92398.0,30,61598.0,23099.0,38499.0,21,No Active Loan,High,51.56,25.94,HIGH,Every 7 Days,7,Priority Offer / Call
36,admin.,divorced,tertiary,no,4708,no,no,cellular,15,jun,104,1,-1,0,unknown,no,C02116,High Money,125906.0,75544.0,30,50362.0,18886.0,31476.0,21,No Active Loan,High,51.56,26.94,HIGH,Every 7 Days,7,Priority Offer / Call
31,management,married,tertiary,no,3,yes,yes,cellular,11,feb,331,1,-1,0,unknown,yes,C02117,High Money,121700.0,73020.0,30,48680.0,18255.0,30425.0,21,Regular,High,51.56,25.78,HIGH,Every 7 Days,7,Priority Offer / Call
33,technician,divorced,secondary,no,801,no,no,cellular,7,aug,341,5,-1,0,unknown,yes,C02118,High Money,123220.0,73932.0,30,49288.0,18483.0,30805.0,21,No Active Loan,High,51.56,25.98,HIGH,Every 7 Days,7,Priority Offer / Call
60,management,married,secondary,no,544,no,no,cellular,12,jun,95,7,357,2,failure,yes,C02119,High Money,142082.0,85249.0,30,56833.0,21312.0,35521.0,21,No Active Loan,High,51.56,25.91,HIGH,Every 7 Days,7,Priority Offer / Call
60,retired,divorced,tertiary,no,2,no,no,cellular,2,mar,228,4,390,2,other,yes,C02120,High Money,142000.0,85200.0,30,56800.0,21300.0,35500.0,21,No Active Loan,High,51.56,25.78,HIGH,Every 7 Days,7,Priority Offer / Call
39,housemaid,married,tertiary,no,2990,no,no,telephone,30,apr,127,4,-1,0,unknown,no,C02121,High Money,127748.0,76649.0,30,51099.0,19162.0,31937.0,21,No Active Loan,High,51.56,26.52,HIGH,Every 7 Days,7,Priority Offer / Call
47,management,single,tertiary,no,334,yes,no,cellular,28,jun,614,3,94,9,success,yes,C02122,High Money,132950.0,79770.0,30,53180.0,19942.0,33238.0,21,No Active Loan,High,51.56,25.86,HIGH,Every 7 Days,7,Priority Offer / Call
34,admin.,single,secondary,no,66,yes,no,unknown,26,may,237,1,-1,0,unknown,no,C02123,High Money,123810.0,74286.0,30,49524.0,18572.0,30952.0,21,No Active Loan,High,51.56,25.8,HIGH,Every 7 Days,7,Priority Offer / Call
31,technician,married,tertiary,no,15,no,no,unknown,2,jun,389,1,-1,0,unknown,no,C02124,High Money,121702.0,73021.0,30,48681.0,18255.0,30426.0,21,No Active Loan,High,51.56,25.78,HIGH,Every 7 Days,7,Priority Offer / Call
20,blue-collar,single,secondary,no,76,yes,no,cellular,18,may,639,2,-1,0,unknown,yes,C02125,High Money,114011.0,68407.0,30,45604.0,17102.0,28502.0,21,No Active Loan,High,51.56,25.8,HIGH,Every 7 Days,7,Priority Offer / Call
46,housemaid,married,primary,no,296,yes,no,unknown,20,jun,205,4,-1,0,unknown,no,C02126,High Money,132244.0,79346.0,30,52898.0,19837.0,33061.0,21,No Active Loan,High,51.56,25.85,HIGH,Every 7 Days,7,Priority Offer / Call
35,technician,married,secondary,no,1067,no,yes,cellular,12,aug,179,6,-1,0,unknown,no,C02127,High Money,124660.0,74796.0,30,49864.0,18699.0,31165.0,21,Regular,High,51.56,26.04,HIGH,Every 7 Days,7,Priority Offer / Call
34,admin.,single,secondary,no,557,no,no,cellular,17,nov,224,1,-1,0,unknown,yes,C02128,High Money,123884.0,74330.0,30,49554.0,18583.0,30971.0,21,No Active Loan,High,51.56,25.92,HIGH,Every 7 Days,7,Priority Offer / Call
21,student,single,secondary,no,123,no,no,telephone,11,nov,513,1,91,1,success,yes,C02129,High Money,114718.0,68831.0,30,45887.0,17208.0,28679.0,21,No Active Loan,High,51.56,25.81,HIGH,Every 7 Days,7,Priority Offer / Call
44,blue-collar,married,primary,no,4031,yes,no,cellular,7,may,983,4,-1,0,unknown,yes,C02130,High Money,131405.0,78843.0,30,52562.0,19711.0,32851.0,21,No Active Loan,High,51.56,26.77,HIGH,Every 7 Days,7,Priority Offer / Call
31,admin.,single,secondary,no,-302,yes,yes,unknown,27,may,235,5,-1,0,unknown,no,C02131,High Money,121700.0,73020.0,30,48680.0,18255.0,30425.0,21,Regular,High,51.56,25.78,HIGH,Every 7 Days,7,Priority Offer / Call
41,entrepreneur,married,primary,no,0,no,no,unknown,16,jun,630,2,-1,0,unknown,no,C02132,High Money,128700.0,77220.0,30,51480.0,19305.0,32175.0,21,No Active Loan,High,51.56,25.78,HIGH,Every 7 Days,7,Priority Offer / Call
35,management,married,secondary,no,53,yes,no,cellular,18,nov,378,1,-1,0,unknown,no,C02133,High Money,124508.0,74705.0,30,49803.0,18676.0,31127.0,21,No Active Loan,High,51.56,25.79,HIGH,Every 7 Days,7,Priority Offer / Call
50,technician,married,secondary,no,3654,no,no,cellular,29,oct,215,2,78,2,other,yes,C02134,High Money,135548.0,81329.0,30,54219.0,20332.0,33887.0,21,No Active Loan,High,51.56,26.68,HIGH,Every 7 Days,7,Priority Offer / Call
61,retired,married,secondary,no,569,no,no,cellular,4,aug,219,1,-1,0,unknown,yes,C02135,High Money,142785.0,85671.0,30,57114.0,21418.0,35696.0,21,No Active Loan,High,51.56,25.92,HIGH,Every 7 Days,7,Priority Offer / Call
48,entrepreneur,single,secondary,no,315,no,no,unknown,11,feb,271,1,-1,0,unknown,yes,C02136,High Money,133647.0,80188.0,30,53459.0,20047.0,33412.0,21,No Active Loan,High,51.56,25.86,HIGH,Every 7 Days,7,Priority Offer / Call
45,blue-collar,married,primary,no,-66,yes,no,unknown,6,may,263,2,-1,0,unknown,no,C02137,High Money,131500.0,78900.0,30,52600.0,19725.0,32875.0,21,No Active Loan,High,51.56,25.78,HIGH,Every 7 Days,7,Priority Offer / Call
49,entrepreneur,divorced,secondary,no,2908,no,no,unknown,6,jun,322,1,-1,0,unknown,no,C02138,High Money,134736.0,80842.0,30,53894.0,20210.0,33684.0,21,No Active Loan,High,51.56,26.5,HIGH,Every 7 Days,7,Priority Offer / Call
37,admin.,single,tertiary,no,1000,yes,no,cellular,15,jun,322,1,90,1,success,yes,C02139,High Money,126050.0,75630.0,30,50420.0,18908.0,31512.0,21,No Active Loan,High,51.56,26.03,HIGH,Every 7 Days,7,Priority Offer / Call
31,admin.,married,secondary,no,2,yes,yes,cellular,12,may,703,4,-1,0,unknown,yes,C02140,High Money,121700.0,73020.0,30,48680.0,18255.0,30425.0,21,Regular,High,51.56,25.78,HIGH,Every 7 Days,7,Priority Offer / Call
43,blue-collar,married,primary,no,-192,yes,no,unknown,8,may,1120,2,-1,0,unknown,yes,C02141,High Money,130100.0,78060.0,30,52040.0,19515.0,32525.0,21,No Active Loan,High,51.56,25.78,HIGH,Every 7 Days,7,Priority Offer / Call
39,services,married,secondary,no,-971,yes,yes,unknown,28,may,104,2,-1,0,unknown,no,C02142,High Money,127300.0,76380.0,30,50920.0,19095.0,31825.0,21,Regular,High,51.56,25.78,HIGH,Every 7 Days,7,Priority Offer / Call
41,management,married,tertiary,no,1897,yes,no,unknown,19,may,335,3,-1,0,unknown,no,C02143,High Money,128985.0,77391.0,30,51594.0,19348.0,32246.0,21,No Active Loan,High,51.56,26.25,HIGH,Every 7 Days,7,Priority Offer / Call
33,admin.,married,tertiary,no,205,no,no,unknown,1,jul,156,2,-1,0,unknown,no,C02144,High Money,123131.0,73879.0,30,49252.0,18470.0,30782.0,21,No Active Loan,High,51.56,25.83,HIGH,Every 7 Days,7,Priority Offer / Call
60,admin.,married,secondary,no,-396,yes,no,cellular,11,may,443,1,350,1,failure,no,C02145,High Money,142000.0,85200.0,30,56800.0,21300.0,35500.0,21,No Active Loan,High,51.56,25.78,HIGH,Every 7 Days,7,Priority Offer / Call
55,retired,married,primary,no,3334,no,no,cellular,14,aug,632,4,-1,0,unknown,yes,C02146,High Money,139000.0,83400.0,30,55600.0,20850.0,34750.0,21,No Active Loan,High,51.56,26.6,HIGH,Every 7 Days,7,Priority Offer / Call
41,blue-collar,married,secondary,no,140,yes,no,cellular,3,jun,96,1,125,2,failure,no,C02147,High Money,128721.0,77233.0,30,51488.0,19308.0,32180.0,21,No Active Loan,High,51.56,25.81,HIGH,Every 7 Days,7,Priority Offer / Call
30,services,married,secondary,no,1256,yes,no,cellular,18,may,123,3,-1,0,unknown,no,C02148,High Money,121188.0,72713.0,30,48475.0,18178.0,30297.0,21,No Active Loan,High,51.56,26.09,HIGH,Every 7 Days,7,Priority Offer / Call
50,entrepreneur,married,secondary,no,2731,no,no,cellular,8,aug,111,2,-1,0,unknown,no,C02149,High Money,135410.0,81246.0,30,54164.0,20312.0,33852.0,21,No Active Loan,High,51.56,26.45,HIGH,Every 7 Days,7,Priority Offer / Call
34,blue-collar,married,primary,no,267,yes,no,unknown,7,may,362,1,-1,0,unknown,no,C02150,High Money,123840.0,74304.0,30,49536.0,18576.0,30960.0,21,No Active Loan,High,51.56,25.85,HIGH,Every 7 Days,7,Priority Offer / Call
33,unemployed,married,secondary,no,438,yes,yes,unknown,21,may,129,1,-1,0,unknown,no,C02151,High Money,123166.0,73900.0,30,49266.0,18475.0,30791.0,21,Regular,High,51.56,25.89,HIGH,Every 7 Days,7,Priority Offer / Call
67,retired,married,secondary,no,203,no,no,cellular,11,oct,405,1,266,2,success,yes,C02152,High Money,146930.0,88158.0,30,58772.0,22040.0,36732.0,21,No Active Loan,High,51.56,25.83,HIGH,Every 7 Days,7,Priority Offer / Call
26,blue-collar,single,secondary,no,1006,yes,no,cellular,14,may,667,1,-1,0,unknown,yes,C02153,High Money,118351.0,71011.0,30,47340.0,17753.0,29587.0,21,No Active Loan,High,51.56,26.03,HIGH,Every 7 Days,7,Priority Offer / Call
54,unknown,married,unknown,no,390,no,no,cellular,20,aug,68,5,-1,0,unknown,no,C02154,High Money,137858.0,82715.0,30,55143.0,20679.0,34464.0,21,No Active Loan,High,51.56,25.88,HIGH,Every 7 Days,7,Priority Offer / Call
28,blue-collar,single,secondary,no,1348,yes,no,cellular,6,aug,221,2,-1,0,unknown,yes,C02155,High Money,119802.0,71881.0,30,47921.0,17970.0,29951.0,21,No Active Loan,High,51.56,26.11,HIGH,Every 7 Days,7,Priority Offer / Call
38,management,divorced,tertiary,no,441,yes,no,cellular,30,jan,67,1,-1,0,unknown,no,C02156,High Money,126666.0,76000.0,30,50666.0,19000.0,31666.0,21,No Active Loan,High,51.56,25.89,HIGH,Every 7 Days,7,Priority Offer / Call
29,management,married,tertiary,no,205,no,no,cellular,4,jun,787,1,-1,0,unknown,yes,C02157,High Money,120331.0,72199.0,30,48132.0,18050.0,30082.0,21,No Active Loan,High,51.56,25.83,HIGH,Every 7 Days,7,Priority Offer / Call
54,management,divorced,tertiary,no,129,yes,no,unknown,30,may,132,1,-1,0,unknown,no,C02158,High Money,137819.0,82691.0,30,55128.0,20673.0,34455.0,21,No Active Loan,High,51.56,25.81,HIGH,Every 7 Days,7,Priority Offer / Call
63,retired,married,secondary,no,474,no,no,cellular,25,jan,423,1,-1,0,unknown,yes,C02159,High Money,144171.0,86503.0,30,57668.0,21626.0,36042.0,21,No Active Loan,High,51.56,25.9,HIGH,Every 7 Days,7,Priority Offer / Call
26,blue-collar,single,secondary,no,972,yes,no,unknown,20,may,177,10,-1,0,unknown,no,C02160,High Money,118346.0,71008.0,30,47338.0,17752.0,29586.0,21,No Active Loan,High,51.56,26.02,HIGH,Every 7 Days,7,Priority Offer / Call
31,technician,married,tertiary,no,11,no,no,cellular,27,aug,651,2,-1,0,unknown,no,C02161,High Money,121702.0,73021.0,30,48681.0,18255.0,30426.0,21,No Active Loan,High,51.56,25.78,HIGH,Every 7 Days,7,Priority Offer / Call
33,management,married,tertiary,no,5,yes,no,unknown,7,aug,12,1,-1,0,unknown,no,C02162,High Money,123101.0,73861.0,30,49240.0,18465.0,30775.0,21,No Active Loan,High,51.56,25.78,HIGH,Every 7 Days,7,Priority Offer / Call
32,technician,married,secondary,no,235,yes,no,telephone,28,aug,688,6,-1,0,unknown,no,C02163,High Money,122435.0,73461.0,30,48974.0,18365.0,30609.0,21,No Active Loan,High,51.56,25.84,HIGH,Every 7 Days,7,Priority Offer / Call
26,blue-collar,single,secondary,no,191,yes,no,cellular,6,may,550,1,-1,0,unknown,yes,C02164,High Money,118229.0,70937.0,30,47292.0,17734.0,29558.0,21,No Active Loan,High,51.56,25.83,HIGH,Every 7 Days,7,Priority Offer / Call
21,blue-collar,married,primary,no,-172,yes,yes,cellular,15,may,409,1,361,3,failure,yes,C02165,High Money,114700.0,68820.0,30,45880.0,17205.0,28675.0,21,Regular,High,51.56,25.78,HIGH,Every 7 Days,7,Priority Offer / Call
36,management,married,tertiary,no,871,no,no,cellular,18,nov,170,1,-1,0,unknown,no,C02166,High Money,125331.0,75199.0,30,50132.0,18800.0,31332.0,21,No Active Loan,High,51.56,25.99,HIGH,Every 7 Days,7,Priority Offer / Call
37,technician,married,secondary,no,2707,yes,no,telephone,16,jul,109,1,-1,0,unknown,no,C02167,High Money,126306.0,75784.0,30,50522.0,18946.0,31576.0,21,No Active Loan,High,51.56,26.45,HIGH,Every 7 Days,7,Priority Offer / Call
35,management,married,tertiary,no,62,no,no,cellular,7,may,226,2,88,4,success,yes,C02168,High Money,124509.0,74705.0,30,49804.0,18676.0,31128.0,21,No Active Loan,High,51.56,25.8,HIGH,Every 7 Days,7,Priority Offer / Call
41,admin.,single,secondary,no,224,yes,no,cellular,12,may,22,8,-1,0,unknown,no,C02169,High Money,128734.0,77240.0,30,51494.0,19310.0,32184.0,21,No Active Loan,High,51.56,25.84,HIGH,Every 7 Days,7,Priority Offer / Call
43,blue-collar,married,secondary,no,917,yes,no,cellular,8,may,87,2,-1,0,unknown,no,C02170,High Money,130238.0,78143.0,30,52095.0,19536.0,32559.0,21,No Active Loan,High,51.56,26.01,HIGH,Every 7 Days,7,Priority Offer / Call
31,admin.,single,secondary,no,0,no,no,cellular,17,apr,188,3,-1,0,unknown,yes,C02171,High Money,121700.0,73020.0,30,48680.0,18255.0,30425.0,21,No Active Loan,High,51.56,25.78,HIGH,Every 7 Days,7,Priority Offer / Call
31,technician,married,tertiary,no,3338,yes,no,cellular,21,dec,264,2,-1,0,unknown,yes,C02172,High Money,122201.0,73321.0,30,48880.0,18330.0,30550.0,21,No Active Loan,High,51.56,26.6,HIGH,Every 7 Days,7,Priority Offer / Call
38,blue-collar,single,tertiary,no,2885,yes,no,unknown,20,jun,1422,10,-1,0,unknown,yes,C02173,High Money,127033.0,76220.0,30,50813.0,19055.0,31758.0,21,No Active Loan,High,51.56,26.49,HIGH,Every 7 Days,7,Priority Offer / Call
39,blue-collar,single,primary,no,24277,no,no,cellular,28,aug,261,1,-1,0,unknown,yes,C02174,High Money,130942.0,78565.0,30,52377.0,19641.0,32736.0,21,No Active Loan,High,51.56,31.76,HIGH,Every 7 Days,7,Priority Offer / Call
55,unemployed,divorced,secondary,no,309,no,no,cellular,21,oct,467,2,184,1,success,yes,C02175,High Money,138546.0,83128.0,30,55418.0,20782.0,34636.0,21,No Active Loan,High,51.56,25.86,HIGH,Every 7 Days,7,Priority Offer / Call
25,self-employed,single,tertiary,no,42,yes,no,cellular,3,mar,320,1,-1,0,unknown,yes,C02176,High Money,117506.0,70504.0,30,47002.0,17626.0,29376.0,21,No Active Loan,High,51.56,25.79,HIGH,Every 7 Days,7,Priority Offer / Call
43,admin.,married,secondary,no,877,yes,no,cellular,2,feb,135,1,-1,0,unknown,no,C02177,High Money,130232.0,78139.0,30,52093.0,19535.0,32558.0,21,No Active Loan,High,51.56,26.0,HIGH,Every 7 Days,7,Priority Offer / Call
29,admin.,married,secondary,no,500,yes,no,cellular,8,may,8,8,-1,0,unknown,no,C02178,High Money,120375.0,72225.0,30,48150.0,18056.0,30094.0,21,No Active Loan,High,51.56,25.9,HIGH,Every 7 Days,7,Priority Offer / Call
54,technician,married,tertiary,no,876,no,no,cellular,27,oct,269,3,541,3,success,yes,C02179,High Money,137931.0,82759.0,30,55172.0,20690.0,34482.0,21,No Active Loan,High,51.56,26.0,HIGH,Every 7 Days,7,Priority Offer / Call
55,unemployed,married,tertiary,no,5345,no,no,unknown,6,may,278,1,-1,0,unknown,no,C02180,High Money,139302.0,83581.0,30,55721.0,20895.0,34826.0,21,No Active Loan,High,51.56,27.1,HIGH,Every 7 Days,7,Priority Offer / Call
58,admin.,married,secondary,no,169,no,no,cellular,13,may,336,3,87,5,success,yes,C02181,High Money,140625.0,84375.0,30,56250.0,21094.0,35156.0,21,No Active Loan,High,51.56,25.82,HIGH,Every 7 Days,7,Priority Offer / Call
25,blue-collar,married,secondary,no,1782,yes,no,unknown,19,jun,549,1,-1,0,unknown,no,C02182,High Money,117767.0,70660.0,30,47107.0,17665.0,29442.0,21,No Active Loan,High,51.56,26.22,HIGH,Every 7 Days,7,Priority Offer / Call
29,management,single,tertiary,no,265,no,no,cellular,24,aug,130,2,94,1,success,yes,C02183,High Money,120340.0,72204.0,30,48136.0,18051.0,30085.0,21,No Active Loan,High,51.56,25.85,HIGH,Every 7 Days,7,Priority Offer / Call
32,management,married,tertiary,no,2458,yes,no,cellular,4,may,77,2,-1,0,unknown,no,C02184,High Money,122769.0,73661.0,30,49108.0,18415.0,30693.0,21,No Active Loan,High,51.56,26.39,HIGH,Every 7 Days,7,Priority Offer / Call
39,services,married,secondary,no,636,yes,no,telephone,12,may,15,1,-1,0,unknown,no,C02185,High Money,127395.0,76437.0,30,50958.0,19109.0,31849.0,21,No Active Loan,High,51.56,25.94,HIGH,Every 7 Days,7,Priority Offer / Call
56,retired,married,tertiary,no,281,no,no,cellular,3,mar,96,2,-1,0,unknown,yes,C02186,High Money,139242.0,83545.0,30,55697.0,20886.0,34811.0,21,No Active Loan,High,51.56,25.85,HIGH,Every 7 Days,7,Priority Offer / Call
48,housemaid,married,tertiary,no,5473,no,no,cellular,24,aug,232,2,-1,0,unknown,yes,C02187,High Money,134421.0,80653.0,30,53768.0,20163.0,33605.0,21,No Active Loan,High,51.56,27.13,HIGH,Every 7 Days,7,Priority Offer / Call
30,technician,married,secondary,no,418,yes,no,unknown,3,jun,112,1,-1,0,unknown,no,C02188,High Money,121063.0,72638.0,30,48425.0,18159.0,30266.0,21,No Active Loan,High,51.56,25.88,HIGH,Every 7 Days,7,Priority Offer / Call
33,housemaid,married,primary,no,0,no,no,cellular,11,aug,237,2,-1,0,unknown,no,C02189,High Money,123100.0,73860.0,30,49240.0,18465.0,30775.0,21,No Active Loan,High,51.56,25.78,HIGH,Every 7 Days,7,Priority Offer / Call
36,technician,single,secondary,no,35,no,no,cellular,29,aug,493,2,-1,0,unknown,no,C02190,High Money,125205.0,75123.0,30,50082.0,18781.0,31301.0,21,No Active Loan,High,51.56,25.79,HIGH,Every 7 Days,7,Priority Offer / Call
28,management,single,secondary,no,171,no,no,cellular,10,mar,93,1,-1,0,unknown,yes,C02191,High Money,119626.0,71776.0,30,47850.0,17944.0,29906.0,21,No Active Loan,High,51.56,25.82,HIGH,Every 7 Days,7,Priority Offer / Call
35,technician,married,secondary,no,13658,yes,no,telephone,9,dec,220,2,-1,0,unknown,no,C02192,High Money,126549.0,75929.0,30,50620.0,18982.0,31638.0,21,No Active Loan,High,51.56,29.14,HIGH,Every 7 Days,7,Priority Offer / Call
53,management,married,tertiary,no,0,no,no,cellular,11,aug,608,2,-1,0,unknown,yes,C02193,High Money,137100.0,82260.0,30,54840.0,20565.0,34275.0,21,No Active Loan,High,51.56,25.78,HIGH,Every 7 Days,7,Priority Offer / Call
54,management,divorced,tertiary,no,2171,yes,yes,telephone,18,nov,1034,1,-1,0,unknown,yes,C02194,High Money,138126.0,82876.0,30,55250.0,20719.0,34531.0,21,Regular,High,51.56,26.31,HIGH,Every 7 Days,7,Priority Offer / Call
45,blue-collar,divorced,primary,no,844,no,no,unknown,5,jun,1018,3,-1,0,unknown,yes,C02195,High Money,131627.0,78976.0,30,52651.0,19744.0,32907.0,21,No Active Loan,High,51.56,25.99,HIGH,Every 7 Days,7,Priority Offer / Call
43,services,married,secondary,no,2145,no,no,cellular,22,may,271,1,183,3,failure,yes,C02196,High Money,130422.0,78253.0,30,52169.0,19563.0,32606.0,21,No Active Loan,High,51.56,26.31,HIGH,Every 7 Days,7,Priority Offer / Call
44,management,married,tertiary,no,1138,no,no,cellular,27,aug,523,3,-1,0,unknown,yes,C02197,High Money,130971.0,78583.0,30,52388.0,19646.0,32742.0,21,No Active Loan,High,51.56,26.06,HIGH,Every 7 Days,7,Priority Offer / Call
55,admin.,divorced,secondary,no,1872,no,no,cellular,28,aug,155,2,93,8,failure,yes,C02198,High Money,138781.0,83269.0,30,55512.0,20817.0,34695.0,21,No Active Loan,High,51.56,26.24,HIGH,Every 7 Days,7,Priority Offer / Call
53,management,married,secondary,no,2895,yes,no,unknown,29,may,74,1,-1,0,unknown,no,C02199,High Money,137534.0,82520.0,30,55014.0,20630.0,34384.0,21,No Active Loan,High,51.56,26.49,HIGH,Every 7 Days,7,Priority Offer / Call
38,technician,married,secondary,no,0,yes,yes,cellular,15,jul,146,4,-1,0,unknown,no,C02200,High Money,126600.0,75960.0,30,50640.0,18990.0,31650.0,21,Regular,High,51.56,25.78,HIGH,Every 7 Days,7,Priority Offer / Call
49,blue-collar,married,primary,no,6215,yes,no,cellular,11,may,549,1,-1,0,unknown,no,C02201,High Money,135232.0,81139.0,30,54093.0,20285.0,33808.0,21,No Active Loan,High,51.56,27.31,HIGH,Every 7 Days,7,Priority Offer / Call
34,admin.,single,secondary,no,601,no,no,cellular,17,nov,184,3,-1,0,unknown,no,C02202,High Money,123890.0,74334.0,30,49556.0,18584.0,30972.0,21,No Active Loan,High,51.56,25.93,HIGH,Every 7 Days,7,Priority Offer / Call
46,blue-collar,married,primary,no,7934,yes,no,unknown,19,may,123,1,-1,0,unknown,no,C02203,High Money,133390.0,80034.0,30,53356.0,20008.0,33348.0,21,No Active Loan,High,51.56,27.73,HIGH,Every 7 Days,7,Priority Offer / Call
27,technician,single,secondary,no,643,no,no,cellular,13,jul,317,1,-1,0,unknown,yes,C02204,High Money,118996.0,71398.0,30,47598.0,17849.0,29749.0,21,No Active Loan,High,51.56,25.94,HIGH,Every 7 Days,7,Priority Offer / Call
37,blue-collar,married,primary,no,106,yes,no,cellular,25,aug,511,1,392,13,failure,yes,C02205,High Money,125916.0,75550.0,30,50366.0,18887.0,31479.0,21,No Active Loan,High,51.56,25.81,HIGH,Every 7 Days,7,Priority Offer / Call
29,services,married,tertiary,no,6,yes,no,unknown,28,may,143,2,-1,0,unknown,no,C02206,High Money,120301.0,72181.0,30,48120.0,18045.0,30075.0,21,No Active Loan,High,51.56,25.78,HIGH,Every 7 Days,7,Priority Offer / Call
39,services,married,secondary,no,0,yes,no,cellular,8,may,503,1,-1,0,unknown,no,C02207,High Money,127300.0,76380.0,30,50920.0,19095.0,31825.0,21,No Active Loan,High,51.56,25.78,HIGH,Every 7 Days,7,Priority Offer / Call
48,blue-collar,married,secondary,no,48,yes,yes,unknown,29,may,144,1,-1,0,unknown,no,C02208,High Money,133607.0,80164.0,30,53443.0,20041.0,33402.0,21,Regular,High,51.56,25.79,HIGH,Every 7 Days,7,Priority Offer / Call
35,management,married,tertiary,no,1380,no,no,cellular,23,feb,155,1,-1,0,unknown,yes,C02209,High Money,124707.0,74824.0,30,49883.0,18706.0,31177.0,21,No Active Loan,High,51.56,26.12,HIGH,Every 7 Days,7,Priority Offer / Call
31,unemployed,single,tertiary,no,140,yes,no,telephone,7,may,11,2,-1,0,unknown,no,C02210,High Money,121721.0,73033.0,30,48688.0,18258.0,30430.0,21,No Active Loan,High,51.56,25.81,HIGH,Every 7 Days,7,Priority Offer / Call
33,blue-collar,divorced,unknown,yes,-274,yes,yes,cellular,17,apr,715,2,329,2,failure,yes,C02211,High Money,123100.0,73860.0,30,49240.0,18465.0,30775.0,21,Regular,High,51.56,25.78,HIGH,Every 7 Days,7,Priority Offer / Call
39,technician,married,secondary,no,2983,no,no,cellular,3,dec,472,1,-1,0,unknown,yes,C02212,High Money,127747.0,76648.0,30,51099.0,19162.0,31937.0,21,No Active Loan,High,51.56,26.51,HIGH,Every 7 Days,7,Priority Offer / Call
39,technician,divorced,secondary,no,1270,yes,no,unknown,29,may,245,4,-1,0,unknown,no,C02213,High Money,127490.0,76494.0,30,50996.0,19124.0,31872.0,21,No Active Loan,High,51.56,26.09,HIGH,Every 7 Days,7,Priority Offer / Call
51,services,divorced,secondary,no,242,no,yes,cellular,14,jul,1336,4,-1,0,unknown,yes,C02214,High Money,135736.0,81442.0,30,54294.0,20360.0,33934.0,21,Regular,High,51.56,25.84,HIGH,Every 7 Days,7,Priority Offer / Call
32,management,married,tertiary,no,578,no,yes,cellular,22,jul,29,2,-1,0,unknown,no,C02215,High Money,122487.0,73492.0,30,48995.0,18373.0,30622.0,21,Regular,High,51.56,25.92,HIGH,Every 7 Days,7,Priority Offer / Call
48,blue-collar,married,secondary,no,1596,yes,no,unknown,14,may,760,1,-1,0,unknown,yes,C02216,High Money,133839.0,80303.0,30,53536.0,20076.0,33460.0,21,No Active Loan,High,51.56,26.17,HIGH,Every 7 Days,7,Priority Offer / Call
32,technician,single,tertiary,no,6746,no,no,cellular,11,nov,199,1,-1,0,unknown,yes,C02217,High Money,123412.0,74047.0,30,49365.0,18512.0,30853.0,21,No Active Loan,High,51.56,27.44,HIGH,Every 7 Days,7,Priority Offer / Call
32,blue-collar,married,secondary,no,1905,yes,no,cellular,16,jul,709,2,-1,0,unknown,yes,C02218,High Money,122686.0,73612.0,30,49074.0,18403.0,30671.0,21,No Active Loan,High,51.56,26.25,HIGH,Every 7 Days,7,Priority Offer / Call
31,technician,single,tertiary,no,985,yes,no,cellular,17,apr,997,1,57,2,failure,yes,C02219,High Money,121848.0,73109.0,30,48739.0,18277.0,30462.0,21,No Active Loan,High,51.56,26.02,HIGH,Every 7 Days,7,Priority Offer / Call
34,entrepreneur,single,tertiary,no,714,yes,no,unknown,12,may,166,4,-1,0,unknown,no,C02220,High Money,123907.0,74344.0,30,49563.0,18586.0,30977.0,21,No Active Loan,High,51.56,25.96,HIGH,Every 7 Days,7,Priority Offer / Call
40,services,married,secondary,no,0,yes,no,cellular,21,nov,43,1,185,2,failure,no,C02221,High Money,128000.0,76800.0,30,51200.0,19200.0,32000.0,21,No Active Loan,High,51.56,25.78,HIGH,Every 7 Days,7,Priority Offer / Call
40,blue-collar,married,primary,yes,-509,yes,no,unknown,23,may,298,1,-1,0,unknown,no,C02222,High Money,128000.0,76800.0,30,51200.0,19200.0,32000.0,21,No Active Loan,High,51.56,25.78,HIGH,Every 7 Days,7,Priority Offer / Call
27,management,single,tertiary,no,1720,no,no,cellular,3,nov,284,2,273,1,failure,yes,C02223,High Money,119158.0,71495.0,30,47663.0,17874.0,29789.0,21,No Active Loan,High,51.56,26.2,HIGH,Every 7 Days,7,Priority Offer / Call
38,management,single,tertiary,no,427,yes,no,cellular,6,may,17,3,169,2,failure,no,C02224,High Money,126664.0,75998.0,30,50666.0,19000.0,31666.0,21,No Active Loan,High,51.56,25.89,HIGH,Every 7 Days,7,Priority Offer / Call
31,technician,single,tertiary,no,208,no,no,cellular,12,aug,1344,7,-1,0,unknown,yes,C02225,High Money,121731.0,73039.0,30,48692.0,18260.0,30432.0,21,No Active Loan,High,51.56,25.83,HIGH,Every 7 Days,7,Priority Offer / Call
36,unemployed,divorced,secondary,no,871,no,no,cellular,12,aug,396,3,-1,0,unknown,yes,C02226,High Money,125331.0,75199.0,30,50132.0,18800.0,31332.0,21,No Active Loan,High,51.56,25.99,HIGH,Every 7 Days,7,Priority Offer / Call
49,technician,divorced,unknown,no,387,no,no,cellular,28,jan,325,1,-1,0,unknown,yes,C02227,High Money,134358.0,80615.0,30,53743.0,20154.0,33589.0,21,No Active Loan,High,51.56,25.88,HIGH,Every 7 Days,7,Priority Offer / Call
42,management,married,unknown,no,1519,no,no,cellular,19,jul,268,1,-1,0,unknown,yes,C02228,High Money,129628.0,77777.0,30,51851.0,19444.0,32407.0,21,No Active Loan,High,51.56,26.15,HIGH,Every 7 Days,7,Priority Offer / Call
46,unemployed,married,secondary,no,926,no,no,cellular,7,jul,385,5,-1,0,unknown,yes,C02229,High Money,132339.0,79403.0,30,52936.0,19851.0,33085.0,21,No Active Loan,High,51.56,26.01,HIGH,Every 7 Days,7,Priority Offer / Call
49,technician,married,primary,no,230,yes,no,unknown,8,may,96,1,-1,0,unknown,no,C02230,High Money,134334.0,80600.0,30,53734.0,20150.0,33584.0,21,No Active Loan,High,51.56,25.84,HIGH,Every 7 Days,7,Priority Offer / Call
53,technician,married,tertiary,no,431,yes,no,cellular,5,may,55,1,328,1,failure,no,C02231,High Money,137165.0,82299.0,30,54866.0,20575.0,34291.0,21,No Active Loan,High,51.56,25.89,HIGH,Every 7 Days,7,Priority Offer / Call
48,unemployed,married,secondary,no,926,no,no,cellular,12,aug,504,2,178,10,success,yes,C02232,High Money,133739.0,80243.0,30,53496.0,20061.0,33435.0,21,No Active Loan,High,51.56,26.01,HIGH,Every 7 Days,7,Priority Offer / Call
34,admin.,married,tertiary,no,1636,yes,yes,cellular,6,sep,136,1,521,2,failure,no,C02233,High Money,124045.0,74427.0,30,49618.0,18607.0,31011.0,21,Regular,High,51.56,26.18,HIGH,Every 7 Days,7,Priority Offer / Call
28,student,single,tertiary,no,5741,no,no,cellular,10,sep,1042,5,200,3,failure,yes,C02234,High Money,120461.0,72277.0,30,48184.0,18069.0,30115.0,21,No Active Loan,High,51.56,27.19,HIGH,Every 7 Days,7,Priority Offer / Call
34,management,married,secondary,no,355,no,no,cellular,21,aug,314,3,-1,0,unknown,no,C02235,High Money,123853.0,74312.0,30,49541.0,18578.0,30963.0,21,No Active Loan,High,51.56,25.87,HIGH,Every 7 Days,7,Priority Offer / Call
48,unemployed,divorced,secondary,no,201,no,no,cellular,10,nov,594,1,91,1,success,yes,C02236,High Money,133630.0,80178.0,30,53452.0,20044.0,33408.0,21,No Active Loan,High,51.56,25.83,HIGH,Every 7 Days,7,Priority Offer / Call
53,entrepreneur,married,tertiary,no,1961,no,no,cellular,15,dec,351,1,-1,0,unknown,yes,C02237,High Money,137394.0,82436.0,30,54958.0,20609.0,34349.0,21,No Active Loan,High,51.56,26.26,HIGH,Every 7 Days,7,Priority Offer / Call
53,management,married,tertiary,no,1624,no,no,cellular,11,nov,166,3,97,7,success,yes,C02238,High Money,137344.0,82406.0,30,54938.0,20602.0,34336.0,21,No Active Loan,High,51.56,26.18,HIGH,Every 7 Days,7,Priority Offer / Call
39,management,married,tertiary,no,51,no,no,cellular,20,aug,140,2,-1,0,unknown,no,C02239,High Money,127308.0,76385.0,30,50923.0,19096.0,31827.0,21,No Active Loan,High,51.56,25.79,HIGH,Every 7 Days,7,Priority Offer / Call
32,technician,married,secondary,no,465,yes,no,cellular,12,may,210,2,-1,0,unknown,no,C02240,High Money,122470.0,73482.0,30,48988.0,18370.0,30618.0,21,No Active Loan,High,51.56,25.89,HIGH,Every 7 Days,7,Priority Offer / Call
48,admin.,married,secondary,no,368,no,no,cellular,8,oct,363,2,140,7,success,yes,C02241,High Money,133655.0,80193.0,30,53462.0,20048.0,33414.0,21,No Active Loan,High,51.56,25.87,HIGH,Every 7 Days,7,Priority Offer / Call
31,unemployed,single,unknown,no,167,no,no,cellular,20,nov,316,1,-1,0,unknown,no,C02242,High Money,121725.0,73035.0,30,48690.0,18259.0,30431.0,21,No Active Loan,High,51.56,25.82,HIGH,Every 7 Days,7,Priority Offer / Call
55,housemaid,married,primary,no,4,no,no,cellular,21,nov,85,3,-1,0,unknown,no,C02243,High Money,138501.0,83101.0,30,55400.0,20775.0,34625.0,21,No Active Loan,High,51.56,25.78,HIGH,Every 7 Days,7,Priority Offer / Call
33,admin.,married,secondary,no,-370,yes,no,cellular,7,may,261,1,345,1,failure,yes,C02244,High Money,123100.0,73860.0,30,49240.0,18465.0,30775.0,21,No Active Loan,High,51.56,25.78,HIGH,Every 7 Days,7,Priority Offer / Call
42,admin.,divorced,secondary,no,153,yes,no,unknown,16,may,844,1,-1,0,unknown,yes,C02245,High Money,129423.0,77654.0,30,51769.0,19413.0,32356.0,21,No Active Loan,High,51.56,25.82,HIGH,Every 7 Days,7,Priority Offer / Call
30,services,divorced,secondary,no,341,yes,no,cellular,20,nov,478,1,-1,0,unknown,yes,C02246,High Money,121051.0,72631.0,30,48420.0,18158.0,30262.0,21,No Active Loan,High,51.56,25.86,HIGH,Every 7 Days,7,Priority Offer / Call
58,management,married,tertiary,no,1697,no,no,unknown,20,jun,55,2,-1,0,unknown,no,C02247,High Money,140855.0,84513.0,30,56342.0,21128.0,35214.0,21,No Active Loan,High,51.56,26.2,HIGH,Every 7 Days,7,Priority Offer / Call
30,admin.,divorced,secondary,no,377,yes,no,unknown,4,jun,524,15,-1,0,unknown,yes,C02248,High Money,121057.0,72634.0,45,48423.0,18159.0,30264.0,31,No Active Loan,High,55.32,27.75,HIGH,Every 7 Days,7,Priority Offer / Call
46,admin.,divorced,secondary,no,2196,no,no,cellular,28,jul,573,5,-1,0,unknown,yes,C02249,High Money,132529.0,79517.0,30,53012.0,19879.0,33133.0,21,No Active Loan,High,51.56,26.32,HIGH,Every 7 Days,7,Priority Offer / Call
35,services,married,secondary,no,437,yes,no,unknown,26,may,240,1,-1,0,unknown,no,C02250,High Money,124566.0,74740.0,30,49826.0,18685.0,31141.0,21,No Active Loan,High,51.56,25.89,HIGH,Every 7 Days,7,Priority Offer / Call
49,blue-collar,married,secondary,no,388,no,no,telephone,17,jul,265,2,-1,0,unknown,no,C02251,High Money,134358.0,80615.0,30,53743.0,20154.0,33589.0,21,No Active Loan,High,51.56,25.88,HIGH,Every 7 Days,7,Priority Offer / Call
42,technician,divorced,secondary,no,214,no,no,cellular,16,apr,127,1,-1,0,unknown,yes,C02252,High Money,129432.0,77659.0,30,51773.0,19415.0,32358.0,21,No Active Loan,High,51.56,25.83,HIGH,Every 7 Days,7,Priority Offer / Call
27,technician,single,tertiary,no,667,no,no,cellular,29,jan,866,2,-1,0,unknown,yes,C02253,High Money,119000.0,71400.0,30,47600.0,17850.0,29750.0,21,No Active Loan,High,51.56,25.94,HIGH,Every 7 Days,7,Priority Offer / Call
60,management,married,tertiary,no,315,no,no,cellular,1,sep,840,1,183,3,success,yes,C02254,High Money,142047.0,85228.0,30,56819.0,21307.0,35512.0,21,No Active Loan,High,51.56,25.86,HIGH,Every 7 Days,7,Priority Offer / Call
37,management,married,tertiary,no,5106,no,no,cellular,30,apr,244,1,-1,0,unknown,yes,C02255,High Money,126666.0,76000.0,30,50666.0,19000.0,31666.0,21,No Active Loan,High,51.56,27.04,HIGH,Every 7 Days,7,Priority Offer / Call
46,housemaid,divorced,primary,no,2084,yes,no,cellular,18,jul,1081,2,-1,0,unknown,yes,C02256,High Money,132513.0,79508.0,30,53005.0,19877.0,33128.0,21,No Active Loan,High,51.56,26.29,HIGH,Every 7 Days,7,Priority Offer / Call
30,self-employed,single,secondary,no,192,no,no,cellular,22,jul,423,1,-1,0,unknown,no,C02257,High Money,121029.0,72617.0,30,48412.0,18154.0,30258.0,21,No Active Loan,High,51.56,25.83,HIGH,Every 7 Days,7,Priority Offer / Call
44,services,married,primary,no,2557,yes,no,cellular,14,apr,250,1,181,8,success,yes,C02258,High Money,131184.0,78710.0,30,52474.0,19678.0,32796.0,21,No Active Loan,High,51.56,26.41,HIGH,Every 7 Days,7,Priority Offer / Call
39,blue-collar,married,secondary,no,785,yes,no,cellular,11,may,1232,2,-1,0,unknown,yes,C02259,High Money,127418.0,76451.0,30,50967.0,19113.0,31854.0,21,No Active Loan,High,51.56,25.97,HIGH,Every 7 Days,7,Priority Offer / Call
46,admin.,divorced,primary,no,429,yes,no,cellular,26,apr,465,2,369,2,success,yes,C02260,High Money,132264.0,79358.0,30,52906.0,19840.0,33066.0,21,No Active Loan,High,51.56,25.89,HIGH,Every 7 Days,7,Priority Offer / Call
35,entrepreneur,single,tertiary,no,145,yes,no,cellular,18,jul,799,2,-1,0,unknown,yes,C02261,High Money,124522.0,74713.0,30,49809.0,18678.0,31131.0,21,No Active Loan,High,51.56,25.82,HIGH,Every 7 Days,7,Priority Offer / Call
49,services,divorced,secondary,no,947,no,no,unknown,20,jun,808,2,-1,0,unknown,yes,C02262,High Money,134442.0,80665.0,30,53777.0,20166.0,33611.0,21,No Active Loan,High,51.56,26.01,HIGH,Every 7 Days,7,Priority Offer / Call
56,management,married,tertiary,no,1390,yes,no,cellular,18,nov,543,1,-1,0,unknown,yes,C02263,High Money,139408.0,83645.0,30,55763.0,20911.0,34852.0,21,No Active Loan,High,51.56,26.12,HIGH,Every 7 Days,7,Priority Offer / Call
37,blue-collar,single,unknown,no,2188,no,no,unknown,16,may,193,8,-1,0,unknown,no,C02264,High Money,126228.0,75737.0,30,50491.0,18934.0,31557.0,21,No Active Loan,High,51.56,26.32,HIGH,Every 7 Days,7,Priority Offer / Call
47,admin.,married,secondary,no,0,no,no,cellular,10,nov,213,1,190,1,other,yes,C02265,High Money,132900.0,79740.0,30,53160.0,19935.0,33225.0,21,No Active Loan,High,51.56,25.78,HIGH,Every 7 Days,7,Priority Offer / Call
38,technician,single,secondary,no,565,yes,no,cellular,30,apr,1143,1,-1,0,unknown,yes,C02266,High Money,126685.0,76011.0,30,50674.0,19003.0,31671.0,21,No Active Loan,High,51.56,25.92,HIGH,Every 7 Days,7,Priority Offer / Call
29,blue-collar,married,secondary,no,2870,yes,no,cellular,16,jul,988,1,-1,0,unknown,yes,C02267,High Money,120730.0,72438.0,30,48292.0,18110.0,30182.0,21,No Active Loan,High,51.56,26.49,HIGH,Every 7 Days,7,Priority Offer / Call
68,retired,divorced,primary,no,2027,no,no,cellular,14,sep,404,2,91,4,success,yes,C02268,High Money,147904.0,88742.0,30,59162.0,22186.0,36976.0,21,No Active Loan,High,51.56,26.28,HIGH,Every 7 Days,7,Priority Offer / Call
41,management,married,tertiary,no,4063,yes,no,cellular,12,may,14,5,172,2,failure,no,C02269,High Money,129309.0,77585.0,30,51724.0,19396.0,32328.0,21,No Active Loan,High,51.56,26.78,HIGH,Every 7 Days,7,Priority Offer / Call
56,technician,married,secondary,no,0,yes,yes,cellular,29,apr,152,1,223,3,other,no,C02270,High Money,139200.0,83520.0,30,55680.0,20880.0,34800.0,21,Regular,High,51.56,25.78,HIGH,Every 7 Days,7,Priority Offer / Call
54,technician,married,secondary,no,10185,no,no,cellular,10,aug,559,1,70,2,other,yes,C02271,High Money,139328.0,83597.0,30,55731.0,20899.0,34832.0,21,No Active Loan,High,51.56,28.29,HIGH,Every 7 Days,7,Priority Offer / Call
27,student,married,secondary,no,119,yes,no,cellular,16,jul,781,2,-1,0,unknown,yes,C02272,High Money,118918.0,71351.0,30,47567.0,17838.0,29729.0,21,No Active Loan,High,51.56,25.81,HIGH,Every 7 Days,7,Priority Offer / Call
33,management,single,tertiary,no,1962,no,no,cellular,13,jul,363,1,181,1,failure,yes,C02273,High Money,123394.0,74036.0,30,49358.0,18509.0,30849.0,21,No Active Loan,High,51.56,26.26,HIGH,Every 7 Days,7,Priority Offer / Call
43,unknown,married,unknown,no,1517,no,no,unknown,20,jun,45,1,-1,0,unknown,no,C02274,High Money,130328.0,78197.0,30,52131.0,19549.0,32582.0,21,No Active Loan,High,51.56,26.15,HIGH,Every 7 Days,7,Priority Offer / Call
51,entrepreneur,married,primary,no,805,yes,no,cellular,8,aug,132,4,-1,0,unknown,no,C02275,High Money,135821.0,81493.0,30,54328.0,20373.0,33955.0,21,No Active Loan,High,51.56,25.98,HIGH,Every 7 Days,7,Priority Offer / Call
44,services,single,secondary,no,618,no,no,cellular,12,may,193,1,-1,0,unknown,yes,C02276,High Money,130893.0,78536.0,30,52357.0,19634.0,32723.0,21,No Active Loan,High,51.56,25.93,HIGH,Every 7 Days,7,Priority Offer / Call
55,management,single,tertiary,no,0,no,no,cellular,3,nov,222,3,187,3,failure,no,C02277,High Money,138500.0,83100.0,30,55400.0,20775.0,34625.0,21,No Active Loan,High,51.56,25.78,HIGH,Every 7 Days,7,Priority Offer / Call
37,management,married,tertiary,no,1276,no,no,cellular,16,nov,146,1,94,2,success,yes,C02278,High Money,126091.0,75655.0,30,50436.0,18914.0,31522.0,21,No Active Loan,High,51.56,26.09,HIGH,Every 7 Days,7,Priority Offer / Call
59,management,divorced,tertiary,no,59,yes,no,unknown,5,may,273,1,-1,0,unknown,no,C02279,High Money,141309.0,84785.0,30,56524.0,21196.0,35328.0,21,No Active Loan,High,51.56,25.79,HIGH,Every 7 Days,7,Priority Offer / Call
51,management,married,tertiary,yes,0,no,yes,cellular,29,jul,204,6,-1,0,unknown,no,C02280,High Money,135700.0,81420.0,30,54280.0,20355.0,33925.0,21,Regular,High,51.56,25.78,HIGH,Every 7 Days,7,Priority Offer / Call
58,self-employed,married,tertiary,no,5810,no,no,cellular,12,mar,139,1,-1,0,unknown,yes,C02281,High Money,141472.0,84883.0,30,56589.0,21221.0,35368.0,21,No Active Loan,High,51.56,27.21,HIGH,Every 7 Days,7,Priority Offer / Call
28,self-employed,single,tertiary,no,1579,no,no,cellular,13,jan,163,1,91,3,failure,yes,C02282,High Money,119837.0,71902.0,30,47935.0,17976.0,29959.0,21,No Active Loan,High,51.56,26.17,HIGH,Every 7 Days,7,Priority Offer / Call
68,retired,married,secondary,no,0,no,no,cellular,22,jun,586,1,-1,0,unknown,yes,C02283,High Money,147600.0,88560.0,30,59040.0,22140.0,36900.0,21,No Active Loan,High,51.56,25.78,HIGH,Every 7 Days,7,Priority Offer / Call
40,services,single,secondary,no,65,yes,no,cellular,15,may,15,3,-1,0,unknown,no,C02284,High Money,128010.0,76806.0,30,51204.0,19202.0,32002.0,21,No Active Loan,High,51.56,25.8,HIGH,Every 7 Days,7,Priority Offer / Call
33,services,married,primary,no,0,yes,no,cellular,7,may,227,2,-1,0,unknown,no,C02285,High Money,123100.0,73860.0,30,49240.0,18465.0,30775.0,21,No Active Loan,High,51.56,25.78,HIGH,Every 7 Days,7,Priority Offer / Call
26,admin.,single,secondary,no,-326,yes,no,unknown,19,may,128,3,-1,0,unknown,no,C02286,High Money,118200.0,70920.0,30,47280.0,17730.0,29550.0,21,No Active Loan,High,51.56,25.78,HIGH,Every 7 Days,7,Priority Offer / Call
40,management,married,primary,no,395,yes,no,cellular,22,apr,232,4,-1,0,unknown,yes,C02287,High Money,128059.0,76835.0,30,51224.0,19209.0,32015.0,21,No Active Loan,High,51.56,25.88,HIGH,Every 7 Days,7,Priority Offer / Call
40,technician,married,secondary,no,-357,yes,no,cellular,16,jul,700,4,-1,0,unknown,yes,C02288,High Money,128000.0,76800.0,30,51200.0,19200.0,32000.0,21,No Active Loan,High,51.56,25.78,HIGH,Every 7 Days,7,Priority Offer / Call
29,services,married,primary,no,-102,no,no,unknown,4,jul,134,1,-1,0,unknown,no,C02289,High Money,120300.0,72180.0,30,48120.0,18045.0,30075.0,21,No Active Loan,High,51.56,25.78,HIGH,Every 7 Days,7,Priority Offer / Call
54,unemployed,single,tertiary,no,252,yes,no,cellular,21,jul,101,1,-1,0,unknown,no,C02290,High Money,137838.0,82703.0,30,55135.0,20676.0,34459.0,21,No Active Loan,High,51.56,25.84,HIGH,Every 7 Days,7,Priority Offer / Call
25,management,single,tertiary,no,943,no,no,cellular,30,apr,512,1,-1,0,unknown,yes,C02291,High Money,117641.0,70585.0,30,47056.0,17646.0,29410.0,21,No Active Loan,High,51.56,26.01,HIGH,Every 7 Days,7,Priority Offer / Call
20,student,single,secondary,no,1819,no,no,cellular,9,apr,245,3,-1,0,unknown,yes,C02292,High Money,114273.0,68564.0,30,45709.0,17141.0,28568.0,21,No Active Loan,High,51.56,26.23,HIGH,Every 7 Days,7,Priority Offer / Call
35,blue-collar,single,primary,no,-759,yes,no,cellular,31,jul,142,2,-1,0,unknown,no,C02293,High Money,124500.0,74700.0,30,49800.0,18675.0,31125.0,21,No Active Loan,High,51.56,25.78,HIGH,Every 7 Days,7,Priority Offer / Call
30,blue-collar,single,secondary,no,7773,yes,no,cellular,20,nov,705,1,-1,0,unknown,yes,C02294,High Money,122166.0,73300.0,30,48866.0,18325.0,30541.0,21,No Active Loan,High,51.56,27.69,HIGH,Every 7 Days,7,Priority Offer / Call
50,blue-collar,married,primary,no,4108,yes,no,cellular,7,aug,526,2,-1,0,unknown,yes,C02295,High Money,135616.0,81370.0,30,54246.0,20342.0,33904.0,21,No Active Loan,High,51.56,26.79,HIGH,Every 7 Days,7,Priority Offer / Call
60,retired,married,secondary,no,938,no,no,cellular,13,jan,380,3,-1,0,unknown,yes,C02296,High Money,142141.0,85285.0,30,56856.0,21321.0,35535.0,21,No Active Loan,High,51.56,26.01,HIGH,Every 7 Days,7,Priority Offer / Call
42,management,married,tertiary,no,-556,yes,yes,cellular,8,may,682,3,347,3,failure,yes,C02297,High Money,129400.0,77640.0,30,51760.0,19410.0,32350.0,21,Regular,High,51.56,25.78,HIGH,Every 7 Days,7,Priority Offer / Call
39,services,married,secondary,no,1179,no,no,cellular,25,may,284,1,-1,0,unknown,yes,C02298,High Money,127477.0,76486.0,30,50991.0,19122.0,31869.0,21,No Active Loan,High,51.56,26.07,HIGH,Every 7 Days,7,Priority Offer / Call
33,technician,single,tertiary,no,8097,no,yes,cellular,21,aug,500,2,-1,0,unknown,no,C02299,High Money,124315.0,74589.0,30,49726.0,18647.0,31079.0,21,Regular,High,51.56,27.77,HIGH,Every 7 Days,7,Priority Offer / Call
30,management,married,tertiary,no,1996,no,no,cellular,8,feb,1133,3,101,1,other,yes,C02300,High Money,121299.0,72779.0,30,48520.0,18195.0,30325.0,21,No Active Loan,High,51.56,26.27,HIGH,Every 7 Days,7,Priority Offer / Call
28,admin.,single,secondary,no,707,yes,no,cellular,25,may,226,1,-1,0,unknown,yes,C02301,High Money,119706.0,71824.0,30,47882.0,17956.0,29926.0,21,No Active Loan,High,51.56,25.95,HIGH,Every 7 Days,7,Priority Offer / Call
45,blue-collar,married,primary,no,1558,yes,no,cellular,6,may,179,1,-1,0,unknown,no,C02302,High Money,131734.0,79040.0,30,52694.0,19760.0,32934.0,21,No Active Loan,High,51.56,26.16,HIGH,Every 7 Days,7,Priority Offer / Call
38,blue-collar,married,primary,no,1401,no,no,cellular,13,may,516,1,-1,0,unknown,yes,C02303,High Money,126810.0,76086.0,30,50724.0,19022.0,31702.0,21,No Active Loan,High,51.56,26.13,HIGH,Every 7 Days,7,Priority Offer / Call
41,management,married,tertiary,no,0,yes,no,unknown,13,may,161,1,-1,0,unknown,no,C02304,High Money,128700.0,77220.0,30,51480.0,19305.0,32175.0,21,No Active Loan,High,51.56,25.78,HIGH,Every 7 Days,7,Priority Offer / Call
55,technician,married,unknown,no,574,yes,no,cellular,29,jan,243,2,-1,0,unknown,no,C02305,High Money,138586.0,83152.0,30,55434.0,20788.0,34646.0,21,No Active Loan,High,51.56,25.92,HIGH,Every 7 Days,7,Priority Offer / Call
58,blue-collar,married,secondary,no,1457,yes,no,cellular,8,jul,144,4,-1,0,unknown,no,C02306,High Money,140819.0,84491.0,30,56328.0,21123.0,35205.0,21,No Active Loan,High,51.56,26.14,HIGH,Every 7 Days,7,Priority Offer / Call
56,technician,married,secondary,no,2847,no,no,cellular,8,apr,327,1,-1,0,unknown,yes,C02307,High Money,139627.0,83776.0,30,55851.0,20944.0,34907.0,21,No Active Loan,High,51.56,26.48,HIGH,Every 7 Days,7,Priority Offer / Call
28,technician,single,secondary,no,3,no,no,telephone,18,may,40,8,349,6,failure,no,C02308,High Money,119600.0,71760.0,30,47840.0,17940.0,29900.0,21,No Active Loan,High,51.56,25.78,HIGH,Every 7 Days,7,Priority Offer / Call
29,admin.,single,secondary,no,488,yes,no,cellular,4,jun,105,1,-1,0,unknown,no,C02309,High Money,120373.0,72224.0,30,48149.0,18056.0,30093.0,21,No Active Loan,High,51.56,25.9,HIGH,Every 7 Days,7,Priority Offer / Call
36,management,married,tertiary,no,254,no,no,cellular,3,feb,303,2,-1,0,unknown,yes,C02310,High Money,125238.0,75143.0,30,50095.0,18786.0,31309.0,21,No Active Loan,High,51.56,25.84,HIGH,Every 7 Days,7,Priority Offer / Call
26,student,single,secondary,no,864,yes,no,cellular,15,may,659,1,-1,0,unknown,yes,C02311,High Money,118330.0,70998.0,30,47332.0,17750.0,29582.0,21,No Active Loan,High,51.56,25.99,HIGH,Every 7 Days,7,Priority Offer / Call
39,technician,married,secondary,no,10685,yes,no,cellular,25,jul,1369,9,-1,0,unknown,yes,C02312,High Money,128903.0,77342.0,30,51561.0,19335.0,32226.0,21,No Active Loan,High,51.56,28.41,HIGH,Every 7 Days,7,Priority Offer / Call
78,retired,married,primary,no,240,no,no,cellular,20,apr,325,1,-1,0,unknown,yes,C02313,High Money,154636.0,92782.0,30,61854.0,23195.0,38659.0,21,No Active Loan,High,51.56,25.84,HIGH,Every 7 Days,7,Priority Offer / Call
40,technician,married,tertiary,no,1063,yes,yes,cellular,19,aug,264,2,-1,0,unknown,no,C02314,High Money,128159.0,76895.0,30,51264.0,19224.0,32040.0,21,Regular,High,51.56,26.04,HIGH,Every 7 Days,7,Priority Offer / Call
54,management,divorced,tertiary,no,5475,no,no,cellular,22,jul,321,4,-1,0,unknown,yes,C02315,High Money,138621.0,83173.0,30,55448.0,20793.0,34655.0,21,No Active Loan,High,51.56,27.13,HIGH,Every 7 Days,7,Priority Offer / Call
28,services,single,secondary,no,3331,yes,no,unknown,28,may,229,2,-1,0,unknown,no,C02316,High Money,120100.0,72060.0,30,48040.0,18015.0,30025.0,21,No Active Loan,High,51.56,26.6,HIGH,Every 7 Days,7,Priority Offer / Call
24,blue-collar,single,secondary,no,174,yes,yes,cellular,18,may,487,1,-1,0,unknown,yes,C02317,High Money,116826.0,70096.0,30,46730.0,17524.0,29206.0,21,Regular,High,51.56,25.82,HIGH,Every 7 Days,7,Priority Offer / Call
37,technician,single,tertiary,no,147,no,no,unknown,7,may,416,2,-1,0,unknown,no,C02318,High Money,125922.0,75553.0,30,50369.0,18888.0,31481.0,21,No Active Loan,High,51.56,25.82,HIGH,Every 7 Days,7,Priority Offer / Call
29,student,single,unknown,no,2929,no,no,cellular,11,aug,91,1,-1,0,unknown,no,C02319,High Money,120739.0,72443.0,30,48296.0,18111.0,30185.0,21,No Active Loan,High,51.56,26.5,HIGH,Every 7 Days,7,Priority Offer / Call
34,management,married,tertiary,no,101,yes,no,cellular,13,aug,209,5,-1,0,unknown,no,C02320,High Money,123815.0,74289.0,30,49526.0,18572.0,30954.0,21,No Active Loan,High,51.56,25.8,HIGH,Every 7 Days,7,Priority Offer / Call
29,services,married,secondary,no,3748,no,no,cellular,28,may,322,3,-1,0,unknown,no,C02321,High Money,120862.0,72517.0,30,48345.0,18129.0,30216.0,21,No Active Loan,High,51.56,26.7,HIGH,Every 7 Days,7,Priority Offer / Call
51,management,married,tertiary,no,-15,no,no,cellular,25,jul,212,2,-1,0,unknown,no,C02322,High Money,135700.0,81420.0,30,54280.0,20355.0,33925.0,21,No Active Loan,High,51.56,25.78,HIGH,Every 7 Days,7,Priority Offer / Call
42,unemployed,divorced,secondary,no,759,no,no,cellular,28,jan,97,1,169,3,failure,no,C02323,High Money,129514.0,77708.0,30,51806.0,19427.0,32379.0,21,No Active Loan,High,51.56,25.97,HIGH,Every 7 Days,7,Priority Offer / Call
23,student,single,tertiary,no,691,no,no,cellular,27,may,1178,1,178,6,success,yes,C02324,High Money,116204.0,69722.0,30,46482.0,17431.0,29051.0,21,No Active Loan,High,51.56,25.95,HIGH,Every 7 Days,7,Priority Offer / Call
55,blue-collar,married,primary,no,3297,yes,yes,telephone,30,apr,96,1,-1,0,unknown,no,C02325,High Money,138995.0,83397.0,30,55598.0,20849.0,34749.0,21,Regular,High,51.56,26.59,HIGH,Every 7 Days,7,Priority Offer / Call
38,entrepreneur,married,tertiary,no,1438,no,no,cellular,13,nov,122,5,-1,0,unknown,no,C02326,High Money,126816.0,76090.0,30,50726.0,19022.0,31704.0,21,No Active Loan,High,51.56,26.13,HIGH,Every 7 Days,7,Priority Offer / Call
34,technician,single,tertiary,no,2838,yes,no,cellular,13,may,620,3,-1,0,unknown,yes,C02327,High Money,124226.0,74536.0,30,49690.0,18634.0,31056.0,21,No Active Loan,High,51.56,26.48,HIGH,Every 7 Days,7,Priority Offer / Call
33,admin.,married,tertiary,no,99,yes,yes,cellular,18,nov,55,2,-1,0,unknown,no,C02328,High Money,123115.0,73869.0,30,49246.0,18467.0,30779.0,21,Regular,High,51.56,25.8,HIGH,Every 7 Days,7,Priority Offer / Call
48,blue-collar,married,secondary,no,1000,yes,no,unknown,12,jun,1268,2,-1,0,unknown,yes,C02329,High Money,133750.0,80250.0,30,53500.0,20062.0,33438.0,21,No Active Loan,High,51.56,26.03,HIGH,Every 7 Days,7,Priority Offer / Call
48,blue-collar,married,primary,no,5154,yes,no,unknown,14,may,70,1,-1,0,unknown,no,C02330,High Money,134373.0,80624.0,30,53749.0,20156.0,33593.0,21,No Active Loan,High,51.56,27.05,HIGH,Every 7 Days,7,Priority Offer / Call
39,technician,single,secondary,no,556,yes,no,unknown,29,may,322,1,-1,0,unknown,no,C02331,High Money,127383.0,76430.0,30,50953.0,19107.0,31846.0,21,No Active Loan,High,51.56,25.92,HIGH,Every 7 Days,7,Priority Offer / Call
57,entrepreneur,married,secondary,yes,-525,no,yes,cellular,25,jul,337,1,-1,0,unknown,no,C02332,High Money,139900.0,83940.0,30,55960.0,20985.0,34975.0,21,Regular,High,51.56,25.78,HIGH,Every 7 Days,7,Priority Offer / Call
51,management,married,unknown,no,1708,no,no,telephone,29,jan,92,3,-1,0,unknown,no,C02333,High Money,135956.0,81574.0,30,54382.0,20393.0,33989.0,21,No Active Loan,High,51.56,26.2,HIGH,Every 7 Days,7,Priority Offer / Call
26,admin.,single,secondary,no,255,no,no,cellular,14,aug,209,2,106,2,success,yes,C02334,High Money,118238.0,70943.0,30,47295.0,17736.0,29559.0,21,No Active Loan,High,51.56,25.84,HIGH,Every 7 Days,7,Priority Offer / Call
55,retired,divorced,secondary,no,2204,no,no,cellular,22,feb,261,1,264,1,failure,yes,C02335,High Money,138831.0,83299.0,30,55532.0,20825.0,34707.0,21,No Active Loan,High,51.56,26.32,HIGH,Every 7 Days,7,Priority Offer / Call
60,retired,married,secondary,no,404,no,no,cellular,5,mar,308,2,196,2,failure,yes,C02336,High Money,142061.0,85237.0,30,56824.0,21309.0,35515.0,21,No Active Loan,High,51.56,25.88,HIGH,Every 7 Days,7,Priority Offer / Call
41,management,married,tertiary,no,1092,no,no,cellular,5,aug,736,1,-1,0,unknown,yes,C02337,High Money,128864.0,77318.0,30,51546.0,19330.0,32216.0,21,No Active Loan,High,51.56,26.05,HIGH,Every 7 Days,7,Priority Offer / Call
38,technician,single,secondary,no,211,yes,no,cellular,29,jan,236,2,-1,0,unknown,no,C02338,High Money,126632.0,75979.0,30,50653.0,18995.0,31658.0,21,No Active Loan,High,51.56,25.83,HIGH,Every 7 Days,7,Priority Offer / Call
50,blue-collar,single,primary,no,1743,yes,no,unknown,6,jun,49,5,-1,0,unknown,no,C02339,High Money,135261.0,81157.0,30,54104.0,20289.0,33815.0,21,No Active Loan,High,51.56,26.21,HIGH,Every 7 Days,7,Priority Offer / Call
28,blue-collar,married,secondary,no,0,yes,no,cellular,15,may,6,4,-1,0,unknown,no,C02340,High Money,119600.0,71760.0,30,47840.0,17940.0,29900.0,21,No Active Loan,High,51.56,25.78,HIGH,Every 7 Days,7,Priority Offer / Call
40,technician,married,secondary,no,0,yes,yes,cellular,26,jul,105,2,172,1,failure,no,C02341,High Money,128000.0,76800.0,30,51200.0,19200.0,32000.0,21,Regular,High,51.56,25.78,HIGH,Every 7 Days,7,Priority Offer / Call
52,blue-collar,married,secondary,no,-519,yes,no,unknown,9,jun,442,8,-1,0,unknown,yes,C02342,High Money,136400.0,81840.0,30,54560.0,20460.0,34100.0,21,No Active Loan,High,51.56,25.78,HIGH,Every 7 Days,7,Priority Offer / Call
27,services,married,secondary,no,1303,yes,yes,unknown,21,may,364,1,-1,0,unknown,no,C02343,High Money,119095.0,71457.0,30,47638.0,17864.0,29774.0,21,Regular,High,51.56,26.1,HIGH,Every 7 Days,7,Priority Offer / Call
43,services,married,secondary,no,122,yes,no,cellular,5,may,355,2,-1,0,unknown,no,C02344,High Money,130118.0,78071.0,30,52047.0,19518.0,32529.0,21,No Active Loan,High,51.56,25.81,HIGH,Every 7 Days,7,Priority Offer / Call
36,technician,divorced,secondary,no,2823,yes,no,cellular,8,jun,215,1,371,6,failure,yes,C02345,High Money,125623.0,75374.0,30,50249.0,18843.0,31406.0,21,No Active Loan,High,51.56,26.48,HIGH,Every 7 Days,7,Priority Offer / Call
40,management,single,secondary,no,10378,yes,no,cellular,17,nov,523,3,-1,0,unknown,no,C02346,High Money,129557.0,77734.0,30,51823.0,19434.0,32389.0,21,No Active Loan,High,51.56,28.34,HIGH,Every 7 Days,7,Priority Offer / Call
27,student,single,tertiary,no,311,no,no,telephone,2,mar,187,3,322,1,other,yes,C02347,High Money,118947.0,71368.0,30,47579.0,17842.0,29737.0,21,No Active Loan,High,51.56,25.86,HIGH,Every 7 Days,7,Priority Offer / Call
34,management,married,tertiary,no,123,no,no,cellular,3,feb,301,3,-1,0,unknown,yes,C02348,High Money,123818.0,74291.0,30,49527.0,18573.0,30954.0,21,No Active Loan,High,51.56,25.81,HIGH,Every 7 Days,7,Priority Offer / Call
36,admin.,single,tertiary,no,994,no,no,cellular,6,may,211,1,90,6,success,yes,C02349,High Money,125349.0,75209.0,30,50140.0,18802.0,31338.0,21,No Active Loan,High,51.56,26.02,HIGH,Every 7 Days,7,Priority Offer / Call
52,management,married,tertiary,no,-2712,yes,yes,cellular,2,apr,253,1,-1,0,unknown,no,C02350,High Money,136400.0,81840.0,30,54560.0,20460.0,34100.0,21,Regular,High,51.56,25.78,HIGH,Every 7 Days,7,Priority Offer / Call
37,management,single,tertiary,no,1449,no,no,unknown,3,jun,291,1,-1,0,unknown,no,C02351,High Money,126117.0,75670.0,30,50447.0,18918.0,31529.0,21,No Active Loan,High,51.56,26.14,HIGH,Every 7 Days,7,Priority Offer / Call
47,technician,married,secondary,no,1233,yes,no,unknown,11,sep,91,1,100,2,other,yes,C02352,High Money,133085.0,79851.0,30,53234.0,19963.0,33271.0,21,No Active Loan,High,51.56,26.08,HIGH,Every 7 Days,7,Priority Offer / Call
53,technician,divorced,tertiary,no,2228,no,no,cellular,17,nov,890,1,-1,0,unknown,yes,C02353,High Money,137434.0,82460.0,30,54974.0,20615.0,34359.0,21,No Active Loan,High,51.56,26.33,HIGH,Every 7 Days,7,Priority Offer / Call
35,admin.,married,secondary,no,-257,no,no,cellular,28,jan,117,3,-1,0,unknown,no,C02354,High Money,124500.0,74700.0,30,49800.0,18675.0,31125.0,21,No Active Loan,High,51.56,25.78,HIGH,Every 7 Days,7,Priority Offer / Call
56,admin.,married,secondary,no,1694,no,no,cellular,21,aug,793,10,-1,0,unknown,yes,C02355,High Money,139454.0,83672.0,30,55782.0,20918.0,34864.0,21,No Active Loan,High,51.56,26.2,HIGH,Every 7 Days,7,Priority Offer / Call
72,retired,married,primary,no,3856,no,no,cellular,10,dec,582,4,115,1,other,yes,C02356,High Money,150978.0,90587.0,30,60391.0,22647.0,37744.0,21,No Active Loan,High,51.56,26.73,HIGH,Every 7 Days,7,Priority Offer / Call
55,admin.,married,secondary,no,1633,no,no,cellular,11,jan,210,1,192,2,success,yes,C02357,High Money,138745.0,83247.0,30,55498.0,20812.0,34686.0,21,No Active Loan,High,51.56,26.18,HIGH,Every 7 Days,7,Priority Offer / Call
35,housemaid,married,tertiary,no,1265,yes,no,cellular,15,may,326,5,179,4,failure,yes,C02358,High Money,124690.0,74814.0,30,49876.0,18704.0,31172.0,21,No Active Loan,High,51.56,26.09,HIGH,Every 7 Days,7,Priority Offer / Call
37,services,married,secondary,no,4017,no,no,cellular,30,apr,665,2,196,1,success,yes,C02359,High Money,126503.0,75902.0,30,50601.0,18975.0,31626.0,21,No Active Loan,High,51.56,26.77,HIGH,Every 7 Days,7,Priority Offer / Call
32,management,single,tertiary,no,6542,yes,no,cellular,15,may,1598,4,175,5,failure,yes,C02360,High Money,123381.0,74029.0,30,49352.0,18507.0,30845.0,21,No Active Loan,High,51.56,27.39,HIGH,Every 7 Days,7,Priority Offer / Call
49,management,single,tertiary,no,370,no,no,cellular,19,aug,386,3,-1,0,unknown,no,C02361,High Money,134356.0,80614.0,30,53742.0,20153.0,33589.0,21,No Active Loan,High,51.56,25.87,HIGH,Every 7 Days,7,Priority Offer / Call
35,technician,single,tertiary,no,2658,yes,no,cellular,19,aug,768,2,141,3,failure,yes,C02362,High Money,124899.0,74939.0,30,49960.0,18735.0,31225.0,21,No Active Loan,High,51.56,26.43,HIGH,Every 7 Days,7,Priority Offer / Call
32,technician,single,secondary,no,324,no,yes,cellular,23,feb,432,1,-1,0,unknown,yes,C02363,High Money,122449.0,73469.0,30,48980.0,18367.0,30613.0,21,Regular,High,51.56,25.86,HIGH,Every 7 Days,7,Priority Offer / Call
32,blue-collar,married,unknown,no,1267,yes,no,cellular,18,may,66,2,-1,0,unknown,no,C02364,High Money,122590.0,73554.0,30,49036.0,18388.0,30648.0,21,No Active Loan,High,51.56,26.09,HIGH,Every 7 Days,7,Priority Offer / Call
43,blue-collar,married,primary,no,-120,yes,no,unknown,3,jun,46,1,-1,0,unknown,no,C02365,High Money,130100.0,78060.0,30,52040.0,19515.0,32525.0,21,No Active Loan,High,51.56,25.78,HIGH,Every 7 Days,7,Priority Offer / Call
28,admin.,married,secondary,no,157,yes,yes,cellular,28,jul,164,2,-1,0,unknown,no,C02366,High Money,119624.0,71774.0,30,47850.0,17944.0,29906.0,21,Regular,High,51.56,25.82,HIGH,Every 7 Days,7,Priority Offer / Call
28,admin.,single,secondary,no,25,yes,no,unknown,5,jun,109,2,-1,0,unknown,no,C02367,High Money,119604.0,71762.0,30,47842.0,17941.0,29901.0,21,No Active Loan,High,51.56,25.79,HIGH,Every 7 Days,7,Priority Offer / Call
27,services,single,secondary,no,54,yes,no,unknown,28,may,543,2,-1,0,unknown,yes,C02368,High Money,118908.0,71345.0,30,47563.0,17836.0,29727.0,21,No Active Loan,High,51.56,25.79,HIGH,Every 7 Days,7,Priority Offer / Call
42,blue-collar,married,secondary,no,681,yes,no,cellular,18,nov,203,1,-1,0,unknown,no,C02369,High Money,129502.0,77701.0,30,51801.0,19425.0,32376.0,21,No Active Loan,High,51.56,25.95,HIGH,Every 7 Days,7,Priority Offer / Call
51,blue-collar,married,secondary,no,568,yes,no,unknown,4,jun,37,1,-1,0,unknown,no,C02370,High Money,135785.0,81471.0,30,54314.0,20368.0,33946.0,21,No Active Loan,High,51.56,25.92,HIGH,Every 7 Days,7,Priority Offer / Call
41,services,married,secondary,no,803,yes,no,cellular,9,apr,592,4,316,3,failure,yes,C02371,High Money,128820.0,77292.0,30,51528.0,19323.0,32205.0,21,No Active Loan,High,51.56,25.98,HIGH,Every 7 Days,7,Priority Offer / Call
34,technician,married,secondary,no,47,no,no,cellular,25,aug,132,6,-1,0,unknown,no,C02372,High Money,123807.0,74284.0,30,49523.0,18571.0,30952.0,21,No Active Loan,High,51.56,25.79,HIGH,Every 7 Days,7,Priority Offer / Call
33,management,married,tertiary,no,334,no,no,cellular,25,nov,87,1,-1,0,unknown,no,C02373,High Money,123150.0,73890.0,30,49260.0,18472.0,30788.0,21,No Active Loan,High,51.56,25.86,HIGH,Every 7 Days,7,Priority Offer / Call
32,admin.,married,secondary,no,56,yes,no,cellular,2,feb,275,1,258,1,other,no,C02374,High Money,122408.0,73445.0,30,48963.0,18361.0,30602.0,21,No Active Loan,High,51.56,25.79,HIGH,Every 7 Days,7,Priority Offer / Call
28,management,married,tertiary,no,22,yes,no,cellular,31,jul,59,3,-1,0,unknown,no,C02375,High Money,119603.0,71762.0,30,47841.0,17940.0,29901.0,21,No Active Loan,High,51.56,25.79,HIGH,Every 7 Days,7,Priority Offer / Call
62,management,divorced,tertiary,no,5943,no,no,telephone,17,feb,196,4,-1,0,unknown,yes,C02376,High Money,144291.0,86575.0,30,57716.0,21644.0,36072.0,21,No Active Loan,High,51.56,27.24,HIGH,Every 7 Days,7,Priority Offer / Call
37,services,married,secondary,no,775,no,no,cellular,14,aug,150,2,-1,0,unknown,yes,C02377,High Money,126016.0,75610.0,30,50406.0,18902.0,31504.0,21,No Active Loan,High,51.56,25.97,HIGH,Every 7 Days,7,Priority Offer / Call
49,unemployed,married,secondary,no,769,yes,no,unknown,14,may,257,1,-1,0,unknown,no,C02378,High Money,134415.0,80649.0,30,53766.0,20162.0,33604.0,21,No Active Loan,High,51.56,25.97,HIGH,Every 7 Days,7,Priority Offer / Call
35,entrepreneur,single,tertiary,no,1416,yes,no,cellular,6,may,100,1,169,12,other,no,C02379,High Money,124712.0,74827.0,30,49885.0,18707.0,31178.0,21,No Active Loan,High,51.56,26.13,HIGH,Every 7 Days,7,Priority Offer / Call
35,services,married,secondary,no,341,yes,no,cellular,14,may,345,1,-1,0,unknown,yes,C02380,High Money,124551.0,74731.0,30,49820.0,18683.0,31137.0,21,No Active Loan,High,51.56,25.86,HIGH,Every 7 Days,7,Priority Offer / Call
44,admin.,single,secondary,no,985,yes,yes,cellular,11,may,9,7,325,19,failure,no,C02381,High Money,130948.0,78569.0,40,52379.0,19642.0,32737.0,28,Regular,High,54.25,27.37,HIGH,Every 7 Days,7,Priority Offer / Call
30,technician,single,secondary,no,148,yes,yes,cellular,15,may,115,5,-1,0,unknown,no,C02382,High Money,121022.0,72613.0,30,48409.0,18153.0,30256.0,21,Regular,High,51.56,25.82,HIGH,Every 7 Days,7,Priority Offer / Call
36,technician,married,tertiary,no,202,no,no,cellular,29,jan,313,1,120,3,failure,yes,C02383,High Money,125230.0,75138.0,30,50092.0,18784.0,31308.0,21,No Active Loan,High,51.56,25.83,HIGH,Every 7 Days,7,Priority Offer / Call
37,management,divorced,secondary,no,1655,yes,no,cellular,12,may,178,1,175,2,failure,no,C02384,High Money,126148.0,75689.0,30,50459.0,18922.0,31537.0,21,No Active Loan,High,51.56,26.19,HIGH,Every 7 Days,7,Priority Offer / Call
30,management,single,tertiary,no,168,no,no,cellular,27,aug,35,13,-1,0,unknown,no,C02385,High Money,121025.0,72615.0,39,48410.0,18154.0,30256.0,27,No Active Loan,High,53.79,26.94,HIGH,Every 7 Days,7,Priority Offer / Call
48,unemployed,married,secondary,no,817,no,no,cellular,14,jan,517,1,282,4,success,yes,C02386,High Money,133723.0,80234.0,30,53489.0,20058.0,33431.0,21,No Active Loan,High,51.56,25.98,HIGH,Every 7 Days,7,Priority Offer / Call
28,admin.,single,secondary,no,144,no,yes,cellular,8,jul,136,1,-1,0,unknown,no,C02387,High Money,119622.0,71773.0,30,47849.0,17943.0,29906.0,21,Regular,High,51.56,25.82,HIGH,Every 7 Days,7,Priority Offer / Call
38,admin.,married,secondary,no,11303,no,no,cellular,28,dec,473,2,216,2,failure,yes,C02388,High Money,128295.0,76977.0,30,51318.0,19244.0,32074.0,21,No Active Loan,High,51.56,28.56,HIGH,Every 7 Days,7,Priority Offer / Call
32,entrepreneur,married,secondary,no,-242,yes,no,cellular,20,apr,1202,3,-1,0,unknown,yes,C02389,High Money,122400.0,73440.0,30,48960.0,18360.0,30600.0,21,No Active Loan,High,51.56,25.78,HIGH,Every 7 Days,7,Priority Offer / Call
73,retired,married,primary,no,796,no,no,cellular,23,oct,427,1,182,2,failure,yes,C02390,High Money,151219.0,90731.0,30,60488.0,22683.0,37805.0,21,No Active Loan,High,51.56,25.98,HIGH,Every 7 Days,7,Priority Offer / Call
35,services,married,tertiary,no,0,yes,no,unknown,2,jun,312,2,-1,0,unknown,no,C02391,High Money,124500.0,74700.0,30,49800.0,18675.0,31125.0,21,No Active Loan,High,51.56,25.78,HIGH,Every 7 Days,7,Priority Offer / Call
35,blue-collar,married,secondary,no,563,no,yes,cellular,4,jun,147,1,119,3,failure,yes,C02392,High Money,124584.0,74750.0,30,49834.0,18688.0,31146.0,21,Regular,High,51.56,25.92,HIGH,Every 7 Days,7,Priority Offer / Call
31,entrepreneur,married,secondary,no,10,yes,yes,cellular,29,jan,161,3,188,9,failure,no,C02393,High Money,121702.0,73021.0,30,48681.0,18255.0,30426.0,21,Regular,High,51.56,25.78,HIGH,Every 7 Days,7,Priority Offer / Call
39,technician,married,primary,no,1846,no,no,cellular,5,feb,306,5,-1,0,unknown,no,C02394,High Money,127577.0,76546.0,30,51031.0,19137.0,31894.0,21,No Active Loan,High,51.56,26.23,HIGH,Every 7 Days,7,Priority Offer / Call
31,management,married,tertiary,no,877,no,no,cellular,9,sep,209,1,92,8,success,yes,C02395,High Money,121832.0,73099.0,30,48733.0,18275.0,30458.0,21,No Active Loan,High,51.56,26.0,HIGH,Every 7 Days,7,Priority Offer / Call
36,management,married,tertiary,no,3770,yes,no,cellular,31,jul,150,4,-1,0,unknown,no,C02396,High Money,125766.0,75460.0,30,50306.0,18865.0,31441.0,21,No Active Loan,High,51.56,26.71,HIGH,Every 7 Days,7,Priority Offer / Call
40,services,married,secondary,no,473,yes,no,cellular,28,jul,383,3,-1,0,unknown,yes,C02397,High Money,128071.0,76843.0,30,51228.0,19211.0,32017.0,21,No Active Loan,High,51.56,25.9,HIGH,Every 7 Days,7,Priority Offer / Call
29,admin.,single,secondary,no,613,yes,no,unknown,19,jun,779,1,-1,0,unknown,no,C02398,High Money,120392.0,72235.0,30,48157.0,18059.0,30098.0,21,No Active Loan,High,51.56,25.93,HIGH,Every 7 Days,7,Priority Offer / Call
30,blue-collar,divorced,primary,no,1,yes,no,unknown,6,jun,63,9,-1,0,unknown,no,C02399,High Money,121000.0,72600.0,30,48400.0,18150.0,30250.0,21,No Active Loan,High,51.56,25.78,HIGH,Every 7 Days,7,Priority Offer / Call
36,services,married,secondary,no,30,no,yes,cellular,8,jul,716,5,-1,0,unknown,yes,C02400,High Money,125204.0,75122.0,30,50082.0,18781.0,31301.0,21,Regular,High,51.56,25.79,HIGH,Every 7 Days,7,Priority Offer / Call
34,blue-collar,married,secondary,no,-58,yes,yes,unknown,28,may,157,2,-1,0,unknown,no,C02401,High Money,123800.0,74280.0,30,49520.0,18570.0,30950.0,21,Regular,High,51.56,25.78,HIGH,Every 7 Days,7,Priority Offer / Call
40,unemployed,single,tertiary,no,79,no,no,cellular,15,oct,570,1,135,1,failure,yes,C02402,High Money,128012.0,76807.0,30,51205.0,19202.0,32003.0,21,No Active Loan,High,51.56,25.8,HIGH,Every 7 Days,7,Priority Offer / Call
25,management,single,tertiary,no,316,no,no,cellular,27,mar,347,2,-1,0,unknown,yes,C02403,High Money,117547.0,70528.0,30,47019.0,17632.0,29387.0,21,No Active Loan,High,51.56,25.86,HIGH,Every 7 Days,7,Priority Offer / Call
51,blue-collar,married,secondary,no,500,no,no,cellular,14,may,471,1,-1,0,unknown,no,C02404,High Money,135775.0,81465.0,30,54310.0,20366.0,33944.0,21,No Active Loan,High,51.56,25.9,HIGH,Every 7 Days,7,Priority Offer / Call
50,management,married,tertiary,no,0,no,no,cellular,10,aug,232,3,130,3,other,no,C02405,High Money,135000.0,81000.0,30,54000.0,20250.0,33750.0,21,No Active Loan,High,51.56,25.78,HIGH,Every 7 Days,7,Priority Offer / Call
63,technician,married,secondary,no,896,yes,no,cellular,14,aug,276,2,-1,0,unknown,yes,C02406,High Money,144234.0,86540.0,30,57694.0,21635.0,36059.0,21,No Active Loan,High,51.56,26.0,HIGH,Every 7 Days,7,Priority Offer / Call
60,retired,married,secondary,no,5267,no,no,cellular,4,sep,520,1,-1,0,unknown,yes,C02407,High Money,142790.0,85674.0,30,57116.0,21418.0,35698.0,21,No Active Loan,High,51.56,27.08,HIGH,Every 7 Days,7,Priority Offer / Call
43,blue-collar,divorced,primary,no,515,yes,no,cellular,18,nov,182,1,-1,0,unknown,no,C02408,High Money,130177.0,78106.0,30,52071.0,19527.0,32544.0,21,No Active Loan,High,51.56,25.91,HIGH,Every 7 Days,7,Priority Offer / Call
55,management,married,tertiary,no,42,yes,no,telephone,11,may,386,2,-1,0,unknown,no,C02409,High Money,138506.0,83104.0,30,55402.0,20776.0,34626.0,21,No Active Loan,High,51.56,25.79,HIGH,Every 7 Days,7,Priority Offer / Call
73,retired,married,tertiary,no,2575,no,no,cellular,17,aug,152,1,-1,0,unknown,no,C02410,High Money,151486.0,90892.0,30,60594.0,22723.0,37871.0,21,No Active Loan,High,51.56,26.41,HIGH,Every 7 Days,7,Priority Offer / Call
34,blue-collar,married,primary,no,3986,yes,no,cellular,17,apr,345,2,-1,0,unknown,no,C02411,High Money,124398.0,74639.0,30,49759.0,18660.0,31099.0,21,No Active Loan,High,51.56,26.76,HIGH,Every 7 Days,7,Priority Offer / Call
40,unemployed,single,tertiary,no,7968,no,no,cellular,2,mar,263,2,180,2,success,yes,C02412,High Money,129195.0,77517.0,30,51678.0,19379.0,32299.0,21,No Active Loan,High,51.56,27.74,HIGH,Every 7 Days,7,Priority Offer / Call
47,management,married,primary,yes,145,no,yes,unknown,1,jul,163,1,-1,0,unknown,no,C02413,High Money,132922.0,79753.0,30,53169.0,19938.0,33231.0,21,Regular,High,51.56,25.82,HIGH,Every 7 Days,7,Priority Offer / Call
39,management,married,primary,no,1873,no,no,unknown,9,jun,161,2,-1,0,unknown,no,C02414,High Money,127581.0,76549.0,30,51032.0,19137.0,31895.0,21,No Active Loan,High,51.56,26.24,HIGH,Every 7 Days,7,Priority Offer / Call
28,student,single,tertiary,no,3054,no,no,cellular,30,apr,384,1,80,6,other,yes,C02415,High Money,120058.0,72035.0,30,48023.0,18009.0,30014.0,21,No Active Loan,High,51.56,26.53,HIGH,Every 7 Days,7,Priority Offer / Call
29,blue-collar,married,secondary,no,162,yes,no,cellular,15,jul,126,3,-1,0,unknown,no,C02416,High Money,120324.0,72194.0,30,48130.0,18049.0,30081.0,21,No Active Loan,High,51.56,25.82,HIGH,Every 7 Days,7,Priority Offer / Call
40,blue-collar,married,primary,no,665,yes,no,cellular,9,jul,781,1,-1,0,unknown,yes,C02417,High Money,128100.0,76860.0,30,51240.0,19215.0,32025.0,21,No Active Loan,High,51.56,25.94,HIGH,Every 7 Days,7,Priority Offer / Call
34,management,married,tertiary,no,0,yes,no,cellular,7,aug,262,1,99,2,success,yes,C02418,High Money,123800.0,74280.0,30,49520.0,18570.0,30950.0,21,No Active Loan,High,51.56,25.78,HIGH,Every 7 Days,7,Priority Offer / Call
56,management,divorced,tertiary,no,3287,no,no,cellular,27,apr,497,1,-1,0,unknown,yes,C02419,High Money,139693.0,83816.0,30,55877.0,20954.0,34923.0,21,No Active Loan,High,51.56,26.59,HIGH,Every 7 Days,7,Priority Offer / Call
41,entrepreneur,married,tertiary,no,221,yes,no,unknown,14,may,57,2,-1,0,unknown,no,C02420,High Money,128733.0,77240.0,30,51493.0,19310.0,32183.0,21,No Active Loan,High,51.56,25.83,HIGH,Every 7 Days,7,Priority Offer / Call
53,entrepreneur,married,primary,no,27,yes,no,telephone,10,sep,230,3,-1,0,unknown,yes,C02421,High Money,137104.0,82262.0,30,54842.0,20566.0,34276.0,21,No Active Loan,High,51.56,25.79,HIGH,Every 7 Days,7,Priority Offer / Call
35,management,married,tertiary,no,-196,yes,no,cellular,22,jul,216,2,-1,0,unknown,no,C02422,High Money,124500.0,74700.0,30,49800.0,18675.0,31125.0,21,No Active Loan,High,51.56,25.78,HIGH,Every 7 Days,7,Priority Offer / Call
57,blue-collar,married,primary,no,8403,no,no,unknown,20,jun,11,11,-1,0,unknown,no,C02423,High Money,141160.0,84696.0,33,56464.0,21174.0,35290.0,23,No Active Loan,High,52.3,28.22,HIGH,Every 7 Days,7,Priority Offer / Call
32,services,married,secondary,no,24,yes,yes,cellular,12,may,185,1,-1,0,unknown,no,C02424,High Money,122404.0,73442.0,30,48962.0,18361.0,30601.0,21,Regular,High,51.56,25.79,HIGH,Every 7 Days,7,Priority Offer / Call
28,management,married,tertiary,no,12,yes,no,cellular,9,sep,202,1,-1,0,unknown,yes,C02425,High Money,119602.0,71761.0,30,47841.0,17940.0,29901.0,21,No Active Loan,High,51.56,25.78,HIGH,Every 7 Days,7,Priority Offer / Call
30,student,single,secondary,no,1681,no,no,cellular,7,dec,329,2,-1,0,unknown,yes,C02426,High Money,121252.0,72751.0,30,48501.0,18188.0,30313.0,21,No Active Loan,High,51.56,26.19,HIGH,Every 7 Days,7,Priority Offer / Call
47,management,single,tertiary,no,255,no,yes,cellular,30,jul,802,4,-1,0,unknown,yes,C02427,High Money,132938.0,79763.0,30,53175.0,19941.0,33234.0,21,Regular,High,51.56,25.84,HIGH,Every 7 Days,7,Priority Offer / Call
50,blue-collar,divorced,secondary,no,881,yes,yes,cellular,20,apr,162,1,-1,0,unknown,no,C02428,High Money,135132.0,81079.0,30,54053.0,20270.0,33783.0,21,Regular,High,51.56,26.0,HIGH,Every 7 Days,7,Priority Offer / Call
56,blue-collar,single,secondary,no,1187,yes,no,cellular,5,feb,47,2,-1,0,unknown,no,C02429,High Money,139378.0,83627.0,30,55751.0,20907.0,34844.0,21,No Active Loan,High,51.56,26.07,HIGH,Every 7 Days,7,Priority Offer / Call
50,management,single,secondary,no,4527,yes,no,cellular,14,may,140,1,-1,0,unknown,no,C02430,High Money,135679.0,81407.0,30,54272.0,20352.0,33920.0,21,No Active Loan,High,51.56,26.89,HIGH,Every 7 Days,7,Priority Offer / Call
37,entrepreneur,divorced,secondary,no,175,yes,yes,unknown,13,may,753,6,-1,0,unknown,yes,C02431,High Money,125926.0,75556.0,30,50370.0,18889.0,31481.0,21,Regular,High,51.56,25.82,HIGH,Every 7 Days,7,Priority Offer / Call
32,admin.,married,secondary,no,51,yes,yes,cellular,14,jan,203,1,87,2,other,yes,C02432,High Money,122408.0,73445.0,30,48963.0,18361.0,30602.0,21,Regular,High,51.56,25.79,HIGH,Every 7 Days,7,Priority Offer / Call
55,retired,divorced,tertiary,no,0,no,no,cellular,18,may,616,1,370,1,success,yes,C02433,High Money,138500.0,83100.0,30,55400.0,20775.0,34625.0,21,No Active Loan,High,51.56,25.78,HIGH,Every 7 Days,7,Priority Offer / Call
62,retired,married,secondary,no,569,no,no,cellular,4,feb,94,5,184,1,success,yes,C02434,High Money,143485.0,86091.0,30,57394.0,21523.0,35871.0,21,No Active Loan,High,51.56,25.92,HIGH,Every 7 Days,7,Priority Offer / Call
38,technician,married,secondary,no,0,yes,no,cellular,22,apr,315,1,-1,0,unknown,yes,C02435,High Money,126600.0,75960.0,30,50640.0,18990.0,31650.0,21,No Active Loan,High,51.56,25.78,HIGH,Every 7 Days,7,Priority Offer / Call
35,technician,married,tertiary,no,7050,no,no,cellular,10,feb,278,3,187,1,success,yes,C02436,High Money,125558.0,75335.0,30,50223.0,18834.0,31389.0,21,No Active Loan,High,51.56,27.52,HIGH,Every 7 Days,7,Priority Offer / Call
19,student,single,primary,no,134,no,no,cellular,27,mar,271,2,-1,0,unknown,yes,C02437,High Money,113320.0,67992.0,30,45328.0,16998.0,28330.0,21,No Active Loan,High,51.56,25.81,HIGH,Every 7 Days,7,Priority Offer / Call
23,technician,single,secondary,no,356,yes,no,cellular,18,may,224,2,356,2,failure,no,C02438,High Money,116153.0,69692.0,30,46461.0,17423.0,29038.0,21,No Active Loan,High,51.56,25.87,HIGH,Every 7 Days,7,Priority Offer / Call
49,services,single,secondary,no,1884,yes,no,cellular,8,may,43,1,-1,0,unknown,no,C02439,High Money,134583.0,80750.0,30,53833.0,20187.0,33646.0,21,No Active Loan,High,51.56,26.24,HIGH,Every 7 Days,7,Priority Offer / Call
55,blue-collar,divorced,secondary,no,1613,yes,no,cellular,3,apr,296,1,270,3,failure,yes,C02440,High Money,138742.0,83245.0,30,55497.0,20811.0,34686.0,21,No Active Loan,High,51.56,26.18,HIGH,Every 7 Days,7,Priority Offer / Call
30,management,single,tertiary,no,1541,no,no,cellular,18,aug,471,8,-1,0,unknown,yes,C02441,High Money,121231.0,72739.0,30,48492.0,18185.0,30307.0,21,No Active Loan,High,51.56,26.16,HIGH,Every 7 Days,7,Priority Offer / Call
21,student,single,secondary,no,357,no,no,cellular,2,sep,115,3,-1,0,unknown,no,C02442,High Money,114754.0,68852.0,30,45902.0,17213.0,28689.0,21,No Active Loan,High,51.56,25.87,HIGH,Every 7 Days,7,Priority Offer / Call
48,blue-collar,married,secondary,no,480,yes,no,cellular,15,may,830,1,352,2,failure,yes,C02443,High Money,133672.0,80203.0,30,53469.0,20051.0,33418.0,21,No Active Loan,High,51.56,25.9,HIGH,Every 7 Days,7,Priority Offer / Call
44,blue-collar,single,primary,no,36,yes,no,cellular,15,may,551,1,371,2,failure,yes,C02444,High Money,130805.0,78483.0,30,52322.0,19621.0,32701.0,21,No Active Loan,High,51.56,25.79,HIGH,Every 7 Days,7,Priority Offer / Call
68,retired,married,primary,no,451,no,no,cellular,5,mar,373,1,-1,0,unknown,yes,C02445,High Money,147668.0,88601.0,30,59067.0,22150.0,36917.0,21,No Active Loan,High,51.56,25.89,HIGH,Every 7 Days,7,Priority Offer / Call
54,housemaid,married,primary,no,212,no,no,cellular,12,aug,81,4,-1,0,unknown,no,C02446,High Money,137832.0,82699.0,30,55133.0,20675.0,34458.0,21,No Active Loan,High,51.56,25.83,HIGH,Every 7 Days,7,Priority Offer / Call
29,blue-collar,married,secondary,no,5903,yes,no,unknown,8,may,194,1,-1,0,unknown,no,C02447,High Money,121185.0,72711.0,30,48474.0,18178.0,30296.0,21,No Active Loan,High,51.56,27.23,HIGH,Every 7 Days,7,Priority Offer / Call
52,self-employed,married,tertiary,no,6657,no,no,telephone,30,apr,917,1,-1,0,unknown,yes,C02448,High Money,137399.0,82439.0,30,54960.0,20610.0,34350.0,21,No Active Loan,High,51.56,27.42,HIGH,Every 7 Days,7,Priority Offer / Call
30,management,single,tertiary,no,232,no,no,cellular,15,apr,141,1,-1,0,unknown,yes,C02449,High Money,121035.0,72621.0,30,48414.0,18155.0,30259.0,21,No Active Loan,High,51.56,25.84,HIGH,Every 7 Days,7,Priority Offer / Call
73,retired,married,unknown,no,519,no,no,telephone,26,feb,270,3,133,2,success,yes,C02450,High Money,151178.0,90707.0,30,60471.0,22677.0,37794.0,21,No Active Loan,High,51.56,25.91,HIGH,Every 7 Days,7,Priority Offer / Call
52,services,married,secondary,no,431,no,no,cellular,26,aug,73,17,-1,0,unknown,no,C02451,High Money,136465.0,81879.0,51,54586.0,20470.0,34116.0,36,No Active Loan,High,57.36,28.79,HIGH,Every 7 Days,7,Priority Offer / Call
51,technician,married,tertiary,no,0,no,no,cellular,2,mar,539,2,-1,0,unknown,yes,C02452,High Money,135700.0,81420.0,30,54280.0,20355.0,33925.0,21,No Active Loan,High,51.56,25.78,HIGH,Every 7 Days,7,Priority Offer / Call
66,housemaid,married,primary,no,1230,no,no,cellular,16,jun,288,6,181,3,success,yes,C02453,High Money,146384.0,87830.0,30,58554.0,21958.0,36596.0,21,No Active Loan,High,51.56,26.08,HIGH,Every 7 Days,7,Priority Offer / Call
40,housemaid,single,tertiary,no,7441,no,no,cellular,31,jul,1461,6,-1,0,unknown,yes,C02454,High Money,129116.0,77470.0,30,51646.0,19367.0,32279.0,21,No Active Loan,High,51.56,27.61,HIGH,Every 7 Days,7,Priority Offer / Call
89,retired,married,tertiary,no,553,no,no,telephone,19,aug,2027,5,-1,0,unknown,no,C02455,High Money,162383.0,97430.0,30,64953.0,24357.0,40596.0,21,No Active Loan,High,51.56,25.92,HIGH,Every 7 Days,7,Priority Offer / Call
41,blue-collar,married,secondary,no,1236,yes,no,cellular,11,may,911,3,-1,0,unknown,yes,C02456,High Money,128885.0,77331.0,30,51554.0,19333.0,32221.0,21,No Active Loan,High,51.56,26.08,HIGH,Every 7 Days,7,Priority Offer / Call
76,retired,divorced,primary,no,802,no,no,cellular,9,sep,475,5,-1,0,unknown,yes,C02457,High Money,153320.0,91992.0,30,61328.0,22998.0,38330.0,21,No Active Loan,High,51.56,25.98,HIGH,Every 7 Days,7,Priority Offer / Call
39,management,married,tertiary,no,481,no,no,cellular,7,dec,929,5,189,1,other,yes,C02458,High Money,127372.0,76423.0,30,50949.0,19106.0,31843.0,21,No Active Loan,High,51.56,25.9,HIGH,Every 7 Days,7,Priority Offer / Call
58,unknown,married,tertiary,no,4150,no,no,unknown,6,jun,363,1,-1,0,unknown,no,C02459,High Money,141222.0,84733.0,30,56489.0,21183.0,35306.0,21,No Active Loan,High,51.56,26.8,HIGH,Every 7 Days,7,Priority Offer / Call
50,management,divorced,tertiary,no,201,yes,no,cellular,24,jul,248,1,-1,0,unknown,no,C02460,High Money,135030.0,81018.0,30,54012.0,20254.0,33758.0,21,No Active Loan,High,51.56,25.83,HIGH,Every 7 Days,7,Priority Offer / Call
28,management,single,tertiary,no,874,yes,no,cellular,5,jun,509,1,-1,0,unknown,yes,C02461,High Money,119731.0,71839.0,30,47892.0,17960.0,29932.0,21,No Active Loan,High,51.56,26.0,HIGH,Every 7 Days,7,Priority Offer / Call
31,blue-collar,married,secondary,no,2591,yes,no,cellular,20,nov,55,1,-1,0,unknown,no,C02462,High Money,122089.0,73253.0,30,48836.0,18313.0,30523.0,21,No Active Loan,High,51.56,26.42,HIGH,Every 7 Days,7,Priority Offer / Call
44,blue-collar,married,secondary,no,1397,no,no,cellular,20,nov,326,1,-1,0,unknown,no,C02463,High Money,131010.0,78606.0,30,52404.0,19652.0,32752.0,21,No Active Loan,High,51.56,26.12,HIGH,Every 7 Days,7,Priority Offer / Call
68,retired,divorced,primary,no,476,no,no,telephone,28,jun,363,1,-1,0,unknown,yes,C02464,High Money,147671.0,88603.0,30,59068.0,22151.0,36917.0,21,No Active Loan,High,51.56,25.9,HIGH,Every 7 Days,7,Priority Offer / Call
39,services,single,secondary,no,26,yes,no,cellular,14,may,166,3,-1,0,unknown,no,C02465,High Money,127304.0,76382.0,30,50922.0,19096.0,31826.0,21,No Active Loan,High,51.56,25.79,HIGH,Every 7 Days,7,Priority Offer / Call
36,admin.,married,secondary,no,75,yes,no,unknown,4,jul,52,4,-1,0,unknown,no,C02466,High Money,125211.0,75127.0,30,50084.0,18782.0,31302.0,21,No Active Loan,High,51.56,25.8,HIGH,Every 7 Days,7,Priority Offer / Call
57,retired,married,primary,no,9367,no,no,cellular,14,may,700,4,92,7,success,yes,C02467,High Money,141305.0,84783.0,30,56522.0,21196.0,35326.0,21,No Active Loan,High,51.56,28.09,HIGH,Every 7 Days,7,Priority Offer / Call
41,management,single,tertiary,no,1982,no,no,cellular,21,nov,558,1,-1,0,unknown,yes,C02468,High Money,128997.0,77398.0,30,51599.0,19350.0,32249.0,21,No Active Loan,High,51.56,26.27,HIGH,Every 7 Days,7,Priority Offer / Call
41,technician,married,secondary,no,457,yes,yes,unknown,26,may,181,2,-1,0,unknown,no,C02469,High Money,128769.0,77261.0,30,51508.0,19315.0,32193.0,21,Regular,High,51.56,25.89,HIGH,Every 7 Days,7,Priority Offer / Call
35,blue-collar,married,primary,no,-367,yes,no,cellular,11,may,77,1,350,1,failure,no,C02470,High Money,124500.0,74700.0,30,49800.0,18675.0,31125.0,21,No Active Loan,High,51.56,25.78,HIGH,Every 7 Days,7,Priority Offer / Call
58,services,divorced,secondary,no,462,no,no,cellular,12,aug,332,1,-1,0,unknown,yes,C02471,High Money,140669.0,84401.0,30,56268.0,21100.0,35168.0,21,No Active Loan,High,51.56,25.89,HIGH,Every 7 Days,7,Priority Offer / Call
57,retired,married,secondary,no,91,no,yes,unknown,3,jul,256,3,-1,0,unknown,no,C02472,High Money,139914.0,83948.0,30,55966.0,20987.0,34979.0,21,Regular,High,51.56,25.8,HIGH,Every 7 Days,7,Priority Offer / Call
33,management,single,tertiary,no,6807,no,no,cellular,20,apr,163,1,-1,0,unknown,yes,C02473,High Money,124121.0,74473.0,30,49648.0,18618.0,31030.0,21,No Active Loan,High,51.56,27.46,HIGH,Every 7 Days,7,Priority Offer / Call
27,entrepreneur,married,tertiary,no,139,no,no,cellular,15,jul,448,5,-1,0,unknown,yes,C02474,High Money,118921.0,71353.0,30,47568.0,17838.0,29730.0,21,No Active Loan,High,51.56,25.81,HIGH,Every 7 Days,7,Priority Offer / Call
48,blue-collar,married,primary,no,719,no,yes,cellular,11,aug,418,5,-1,0,unknown,yes,C02475,High Money,133708.0,80225.0,30,53483.0,20056.0,33427.0,21,Regular,High,51.56,25.96,HIGH,Every 7 Days,7,Priority Offer / Call
26,blue-collar,single,secondary,yes,-36,yes,no,unknown,3,jun,482,2,-1,0,unknown,yes,C02476,High Money,118200.0,70920.0,30,47280.0,17730.0,29550.0,21,No Active Loan,High,51.56,25.78,HIGH,Every 7 Days,7,Priority Offer / Call
49,technician,married,secondary,yes,-74,yes,no,cellular,19,nov,114,1,-1,0,unknown,no,C02477,High Money,134300.0,80580.0,30,53720.0,20145.0,33575.0,21,No Active Loan,High,51.56,25.78,HIGH,Every 7 Days,7,Priority Offer / Call
29,services,married,secondary,no,19,yes,no,cellular,29,jul,327,6,-1,0,unknown,no,C02478,High Money,120303.0,72182.0,30,48121.0,18045.0,30076.0,21,No Active Loan,High,51.56,25.78,HIGH,Every 7 Days,7,Priority Offer / Call
37,technician,married,tertiary,no,0,no,no,cellular,28,aug,76,1,-1,0,unknown,no,C02479,High Money,125900.0,75540.0,30,50360.0,18885.0,31475.0,21,No Active Loan,High,51.56,25.78,HIGH,Every 7 Days,7,Priority Offer / Call
52,unemployed,married,primary,no,959,no,no,telephone,30,jul,694,2,-1,0,unknown,yes,C02480,High Money,136544.0,81926.0,30,54618.0,20482.0,34136.0,21,No Active Loan,High,51.56,26.02,HIGH,Every 7 Days,7,Priority Offer / Call
51,management,divorced,tertiary,no,119,no,no,unknown,5,jun,112,2,-1,0,unknown,no,C02481,High Money,135718.0,81431.0,30,54287.0,20358.0,33929.0,21,No Active Loan,High,51.56,25.81,HIGH,Every 7 Days,7,Priority Offer / Call
54,blue-collar,married,secondary,no,-102,yes,no,cellular,27,aug,164,7,-1,0,unknown,no,C02482,High Money,137800.0,82680.0,30,55120.0,20670.0,34450.0,21,No Active Loan,High,51.56,25.78,HIGH,Every 7 Days,7,Priority Offer / Call
37,technician,married,tertiary,yes,0,yes,no,unknown,14,may,93,14,-1,0,unknown,no,C02483,High Money,125900.0,75540.0,42,50360.0,18885.0,31475.0,29,No Active Loan,High,54.55,27.28,HIGH,Every 7 Days,7,Priority Offer / Call
43,management,married,tertiary,no,1059,no,yes,cellular,1,jun,335,2,-1,0,unknown,yes,C02484,High Money,130259.0,78155.0,30,52104.0,19539.0,32565.0,21,Regular,High,51.56,26.04,HIGH,Every 7 Days,7,Priority Offer / Call
27,student,single,tertiary,no,5169,yes,no,cellular,3,sep,431,1,466,3,success,yes,C02485,High Money,119675.0,71805.0,30,47870.0,17951.0,29919.0,21,No Active Loan,High,51.56,27.05,HIGH,Every 7 Days,7,Priority Offer / Call
45,management,divorced,secondary,no,51,yes,no,cellular,31,jul,67,8,-1,0,unknown,no,C02486,High Money,131508.0,78905.0,30,52603.0,19726.0,32877.0,21,No Active Loan,High,51.56,25.79,HIGH,Every 7 Days,7,Priority Offer / Call
40,management,married,secondary,no,-240,no,yes,unknown,28,may,160,3,-1,0,unknown,no,C02487,High Money,128000.0,76800.0,30,51200.0,19200.0,32000.0,21,Regular,High,51.56,25.78,HIGH,Every 7 Days,7,Priority Offer / Call
57,unemployed,married,primary,no,2743,no,no,cellular,29,jan,89,1,-1,0,unknown,no,C02488,High Money,140311.0,84187.0,30,56124.0,21047.0,35077.0,21,No Active Loan,High,51.56,26.46,HIGH,Every 7 Days,7,Priority Offer / Call
52,technician,married,secondary,no,371,yes,yes,cellular,21,apr,224,2,182,1,success,yes,C02489,High Money,136456.0,81874.0,30,54582.0,20468.0,34114.0,21,Regular,High,51.56,25.87,HIGH,Every 7 Days,7,Priority Offer / Call
31,management,single,tertiary,no,307,no,no,cellular,21,nov,86,2,-1,0,unknown,no,C02490,High Money,121746.0,73048.0,30,48698.0,18262.0,30436.0,21,No Active Loan,High,51.56,25.86,HIGH,Every 7 Days,7,Priority Offer / Call
26,admin.,single,primary,no,-122,yes,no,unknown,23,jun,670,3,-1,0,unknown,yes,C02491,High Money,118200.0,70920.0,30,47280.0,17730.0,29550.0,21,No Active Loan,High,51.56,25.78,HIGH,Every 7 Days,7,Priority Offer / Call
49,services,married,secondary,no,-301,yes,no,cellular,12,may,187,4,-1,0,unknown,no,C02492,High Money,134300.0,80580.0,30,53720.0,20145.0,33575.0,21,No Active Loan,High,51.56,25.78,HIGH,Every 7 Days,7,Priority Offer / Call
60,retired,married,secondary,no,597,no,no,cellular,15,jul,981,1,-1,0,unknown,yes,C02493,High Money,142090.0,85254.0,30,56836.0,21314.0,35522.0,21,No Active Loan,High,51.56,25.93,HIGH,Every 7 Days,7,Priority Offer / Call
26,student,single,secondary,no,4613,no,no,cellular,28,may,663,3,196,2,other,yes,C02494,High Money,118892.0,71335.0,30,47557.0,17834.0,29723.0,21,No Active Loan,High,51.56,26.92,HIGH,Every 7 Days,7,Priority Offer / Call
30,student,single,tertiary,no,31,yes,no,cellular,14,may,23,1,-1,0,unknown,no,C02495,High Money,121005.0,72603.0,30,48402.0,18151.0,30251.0,21,No Active Loan,High,51.56,25.79,HIGH,Every 7 Days,7,Priority Offer / Call
47,entrepreneur,married,secondary,no,0,no,no,unknown,5,jun,1446,1,-1,0,unknown,yes,C02496,High Money,132900.0,79740.0,30,53160.0,19935.0,33225.0,21,No Active Loan,High,51.56,25.78,HIGH,Every 7 Days,7,Priority Offer / Call
37,services,single,primary,no,0,no,yes,cellular,6,feb,155,6,245,5,other,no,C02497,High Money,125900.0,75540.0,30,50360.0,18885.0,31475.0,21,Regular,High,51.56,25.78,HIGH,Every 7 Days,7,Priority Offer / Call
37,services,single,secondary,no,54,yes,no,cellular,10,jul,118,1,-1,0,unknown,no,C02498,High Money,125908.0,75545.0,30,50363.0,18886.0,31477.0,21,No Active Loan,High,51.56,25.79,HIGH,Every 7 Days,7,Priority Offer / Call
35,management,single,tertiary,no,3,yes,yes,cellular,6,feb,217,1,-1,0,unknown,no,C02499,High Money,124500.0,74700.0,30,49800.0,18675.0,31125.0,21,Regular,High,51.56,25.78,HIGH,Every 7 Days,7,Priority Offer / Call
58,management,single,tertiary,no,1387,yes,no,unknown,5,may,174,5,-1,0,unknown,no,C02500,High Money,140808.0,84485.0,30,56323.0,21121.0,35202.0,21,No Active Loan,High,51.56,26.12,HIGH,Every 7 Days,7,Priority Offer / Call
